source	locator	revision	recorded_by	digest	reason
github-raw	https://raw.githubusercontent.com/letta-ai/letta/b76b5aeb932873dd5f0642a2ef5d81060f991dd6/fern/openapi.json	b76b5aeb932873dd5f0642a2ef5d81060f991dd6	tests/fixtures/CORPUS.md	—	https://raw.githubusercontent.com/letta-ai/letta/b76b5aeb932873dd5f0642a2ef5d81060f991dd6/fern/openapi.json answered HTTP 404
github-raw	tests/fixtures/CORPUS.md#ably-connector	—	tests/fixtures/CORPUS.md	—	the screened ref was never recorded: no candidate found; later searches record only ably/sdk-test-proxy openapi.yaml@03cf24a0 and APIs.guru ably ids (different documents)
github-raw	tests/fixtures/CORPUS.md#apache-superset	—	tests/fixtures/CORPUS.md	—	the screened ref was never recorded: later searches record apache/superset docs/static/resources/openapi.json at several commits (2ac6e246, 613033b2, e7275f15, 48500822, 5b9733fd); also APIs.guru superset.apache.local/superset/v1; not tied to this screen
github-raw	tests/fixtures/CORPUS.md#azure-aro-hcp	—	tests/fixtures/CORPUS.md	—	the screened ref was never recorded: later searches record Azure/ARO-HCP tooling/kiota/openapi.yaml @8f004397/96e8f5c4/9ea102cd/5d0bb5de; not tied to this screen
github-raw	tests/fixtures/CORPUS.md#clerk-backend-api	—	tests/fixtures/CORPUS.md	—	the screened ref was never recorded: later searches record clerk/clerk-sdk-java openapi.yml@d487238e and clerk/clerk-sdk-php openapi.json@b7dfcbdd; not tied to this screen; row says older versions were also screened
github-raw	tests/fixtures/CORPUS.md#cloudevents-subscriptions	—	tests/fixtures/CORPUS.md	—	the screened ref was never recorded: later searches record cloudevents/spec subscriptions/subscriptions-openapi.yaml@2ed3806b4ad8fda35813263cfefb2d73098b7655 (sha 60145439...); plausible but not tied to this screen
github-raw	tests/fixtures/CORPUS.md#coinbase-cdp	—	tests/fixtures/CORPUS.md	—	the screened ref was never recorded: no candidate ref found in-repo
github-raw	tests/fixtures/CORPUS.md#dapr	—	tests/fixtures/CORPUS.md	—	the screened ref was never recorded: later searches record dapr/dapr swagger/swagger.json@ece6ec75e84c2a4802ba781ff2ef157770814ca4 (sha d774bbe1...); not tied to this screen
github-raw	tests/fixtures/CORPUS.md#opencode	—	tests/fixtures/CORPUS.md	—	the screened ref was never recorded: later searches record anomalyco/opencode packages/codemode/test/fixtures/opencode-v2-openapi.json @0f549842/7945de20 (sha 325e934c...) and many mirrors of packages/sdk/openapi.json; none tied to this July screen
github-raw	tests/fixtures/CORPUS.md#openfeature-protocol	—	tests/fixtures/CORPUS.md	—	the screened ref was never recorded: docs/fern-limitations.md:671 says open-feature/protocol:service/event-streams.yaml is "the same ref recorded DROPPED as openfeature-protocol" (no commit given); docs/openapi-surface/schemas.md:1275 records service/openapi.yaml @9183895d failing fern check with 9 
github-raw	tests/fixtures/CORPUS.md#paypal-checkout	—	tests/fixtures/CORPUS.md	—	the screened ref was never recorded: later records hold paypal/paypal-rest-api-specifications openapi/checkout_orders_v2.json@90e8041ffe02d80c452d2b476bedd59a8d219bdc and jentic paypal-orders-api-v2/2.25; the dropped revision is "the only revision with not" — not identified
github-raw	tests/fixtures/CORPUS.md#pnp-agents-finder	—	tests/fixtures/CORPUS.md	—	the screened ref was never recorded: no pnp source/ref found anywhere in repo or history
github-raw	tests/fixtures/CORPUS.md#pnp-qna	—	tests/fixtures/CORPUS.md	—	the screened ref was never recorded: no pnp source/ref found anywhere in repo or history
github-raw	tests/fixtures/CORPUS.md#temporal-api	—	tests/fixtures/CORPUS.md	—	the screened ref was never recorded: later searches record temporalio/api openapi/openapiv3.yaml@1c27468c756fc8abc800235c33b74c6eba638c88; not tied to this screen
github-raw	tests/fixtures/CORPUS.md#xregistry-endpoint	—	tests/fixtures/CORPUS.md	—	the screened ref was never recorded: later searches record xregistry/spec endpoint/schemas/openapi.json @508cd2760a3c5b74adf61acac1e94654f9852f34 and @989efc6cd81fd408fdb1c7a85b2419d199936c35; not tied to this screen
