source	key	candidate	revision	digest	route	request	at	status	census	licence_screen	revision_screen	fern_screen	disposition
github-publisher-trees	property-sole-anyof-composed-member	APWG/ecx2-openapi-doc:ecx2-openapi.yaml			publisher-path-history	GET https://api.github.com/repos/APWG/ecx2-openapi-doc/commits?path=ecx2-openapi.yaml&per_page=100	2026-09-30T21:11:22+00:00	HTTP 200, 31 commit(s)	not a document				route
github-publisher-trees	property-sole-anyof-composed-member	APWG/ecx2-openapi-doc:ecx2-openapi.yaml			publisher-repository	GET https://api.github.com/repos/APWG/ecx2-openapi-doc	2026-09-30T21:11:21+00:00	HTTP 200, {"default_branch": "main", "license": "GPL-3.0"}	not a document				route
github-publisher-trees	property-sole-anyof-composed-member	APWG/ecx2-openapi-doc:ecx2-openapi.yaml	12749d1526c79f62e26ed5ec4539aa95a9fc5b90	273d0da0abfc0c4711335e1a419f91950f262ca8e3a430e99fd06842543f3d5e	publisher-revision	GET https://api.github.com/repos/APWG/ecx2-openapi-doc/git/blobs/665a4b45e615075da0543dbd343d078d17c44df2 (the file at 12749d1526c79f62e26ed5ec4539aa95a9fc5b90)	2026-09-30T21:12:35+00:00	HTTP 200, blob 665a4b45e615075da0543dbd343d078d17c44df2 verified	census 0; read by ruamel.yaml 0.19.1 (YAML 1.2)	not-run: census found no declaration	not-run: census found no declaration	not-run: census found no declaration	rejected
github-publisher-trees	property-sole-anyof-composed-member	APWG/ecx2-openapi-doc:ecx2-openapi.yaml	19fe7889eed20224478ca2ae2fe8b3eca2874ce2	21846a57760318083f72df9d2aa5ac931971c2739e09f166f971d2f2aef1d19d	publisher-revision	GET https://api.github.com/repos/APWG/ecx2-openapi-doc/git/blobs/52fde92f2b906d29ea428cf0f4af730d3ab504f4 (the file at 19fe7889eed20224478ca2ae2fe8b3eca2874ce2)	2026-09-30T21:12:05+00:00	HTTP 200, blob 52fde92f2b906d29ea428cf0f4af730d3ab504f4 verified	census 0; read by ruamel.yaml 0.19.1 (YAML 1.2)	not-run: census found no declaration	not-run: census found no declaration	not-run: census found no declaration	rejected
github-publisher-trees	property-sole-anyof-composed-member	APWG/ecx2-openapi-doc:ecx2-openapi.yaml	3764a850aff1a370036ea965ca11d69ab14e420c	2751cc27d2b78c4dd284b92fb979c8b7d487014d2f29594e2e5e47a700b67bd3	publisher-revision	GET https://api.github.com/repos/APWG/ecx2-openapi-doc/git/blobs/9ed5a454ae869346e566d6079a8b970787146ff6 (the file at 3764a850aff1a370036ea965ca11d69ab14e420c)	2026-09-30T21:11:34+00:00	HTTP 200, blob 9ed5a454ae869346e566d6079a8b970787146ff6 verified	census 6; read by ruamel.yaml 0.19.1 (YAML 1.2)	pass: GPL-3.0 (repository licence; `info.license` GPL, gpl-3.0 URL)	pass: commit 3764a850aff1a370036ea965ca11d69ab14e420c	failed: `fern check` exit 1 (`Found 24 errors and 0 warnings`); generate exit 1 at fernapi/fern-python-sdk:5.20.0, CLI 5.67.1: `Path parameter is unreferenced in endpoint: noteId`	rejected
github-publisher-trees	property-sole-anyof-composed-member	APWG/ecx2-openapi-doc:ecx2-openapi.yaml	4af05631d0490a4a5e9b48d4c7c076da8bb10a9e	7ea55fc44543444e0f9fd2bf10daab5d3403f8a02ec5dbeacc4934d3ea919e92	publisher-revision	GET https://api.github.com/repos/APWG/ecx2-openapi-doc/git/blobs/7453e0e96d4c6e1575406d38d25e59a5922cc3ad (the file at 4af05631d0490a4a5e9b48d4c7c076da8bb10a9e)	2026-09-30T21:11:30+00:00	HTTP 200, blob 7453e0e96d4c6e1575406d38d25e59a5922cc3ad verified	census 6; read by ruamel.yaml 0.19.1 (YAML 1.2)	pass: GPL-3.0 (repository licence; `info.license` GPL, gpl-3.0 URL)	pass: commit 4af05631d0490a4a5e9b48d4c7c076da8bb10a9e	failed: `fern check` exit 1 (`Found 24 errors and 0 warnings`); generate exit 1 at fernapi/fern-python-sdk:5.20.0, CLI 5.67.1: `Path parameter is unreferenced in endpoint: noteId`	rejected
github-publisher-trees	property-sole-anyof-composed-member	APWG/ecx2-openapi-doc:ecx2-openapi.yaml	4c71b3d3be3c2b1be3b0cd573f42da9df8e6def3	ef2b7f8feb5a6295ac2fc3c198fc719f3620cfe93f7f3c5cc9fca6ad92599d4c	publisher-revision	GET https://api.github.com/repos/APWG/ecx2-openapi-doc/git/blobs/38f335f53579b983980ff49c00eb8e67a212e6e5 (the file at 4c71b3d3be3c2b1be3b0cd573f42da9df8e6def3)	2026-09-30T21:11:45+00:00	HTTP 200, blob 38f335f53579b983980ff49c00eb8e67a212e6e5 verified	census 2; read by ruamel.yaml 0.19.1 (YAML 1.2)	pass: GPL-3.0 (repository licence; `info.license` GPL, gpl-3.0 URL)	pass: commit 4c71b3d3be3c2b1be3b0cd573f42da9df8e6def3	failed: `fern check` exit 0; generate exit 1 at fernapi/fern-python-sdk:5.20.0, CLI 5.67.1: src/fern/types/report_phishing_fields.py:25:126: SyntaxError, from its ruff check of the generated tree	rejected
github-publisher-trees	property-sole-anyof-composed-member	APWG/ecx2-openapi-doc:ecx2-openapi.yaml	53f8059367675b0bc9d3440bb665b8938689b58f	551836c344cca0fbab608baa03fc8875301a5bb0e8b1faec0d156c9894814ca2	publisher-revision	GET https://api.github.com/repos/APWG/ecx2-openapi-doc/git/blobs/483f3882e9a2a2a9694676d5f32823be95c4f3b5 (the file at 53f8059367675b0bc9d3440bb665b8938689b58f)	2026-09-30T21:11:41+00:00	HTTP 200, blob 483f3882e9a2a2a9694676d5f32823be95c4f3b5 verified	census 5; read by ruamel.yaml 0.19.1 (YAML 1.2)	pass: GPL-3.0 (repository licence; `info.license` GPL, gpl-3.0 URL)	pass: commit 53f8059367675b0bc9d3440bb665b8938689b58f	failed: `fern check` exit 1 (`Found 18 errors and 0 warnings`); generate exit 1 at fernapi/fern-python-sdk:5.20.0, CLI 5.67.1: `Path parameter is unreferenced in endpoint: noteId`	rejected
github-publisher-trees	property-sole-anyof-composed-member	APWG/ecx2-openapi-doc:ecx2-openapi.yaml	58348b4d7dd407b68a40e3ba0a87a257b727ba84	a84f01a53ec62d57faf40781591a465bbd4b523c61d025e52fafa3201fbc1dd3	publisher-revision	GET https://api.github.com/repos/APWG/ecx2-openapi-doc/git/blobs/4d780fc2ab26ccdcff8f475f9be7906c3f52b280 (the file at 58348b4d7dd407b68a40e3ba0a87a257b727ba84)	2026-09-30T21:11:52+00:00	HTTP 200, blob 4d780fc2ab26ccdcff8f475f9be7906c3f52b280 verified	census 0; read by ruamel.yaml 0.19.1 (YAML 1.2)	not-run: census found no declaration	not-run: census found no declaration	not-run: census found no declaration	rejected
github-publisher-trees	property-sole-anyof-composed-member	APWG/ecx2-openapi-doc:ecx2-openapi.yaml	5eee3d7cc844dde91ae8e6130e13bb88173a53b7	f786e706a5d5fea3f035589ad7555a18bcb1742eadfe05afc9c8e543544d2ad1	publisher-revision	GET https://api.github.com/repos/APWG/ecx2-openapi-doc/git/blobs/24a2d79216e3676b90fc2d7090ce31310f5f3c7e (the file at 5eee3d7cc844dde91ae8e6130e13bb88173a53b7)	2026-09-30T21:11:58+00:00	HTTP 200, blob 24a2d79216e3676b90fc2d7090ce31310f5f3c7e verified	census-refused: ruamel.yaml 0.19.1 (YAML 1.2): ScannerError: while scanning a simple key in "<byte string>", line 241, column 15: { ^ (line: 241) could not find expected ':' in "<byte string>", line 242, column 17: "data": [ ^ (line: 242); ruamel.yaml 0.19.1 (YAML 1.2), duplicate keys last-wins, unrecognised tags r	not-run: census-refused	not-run: census-refused	not-run: census-refused	rejected
github-publisher-trees	property-sole-anyof-composed-member	APWG/ecx2-openapi-doc:ecx2-openapi.yaml	6453d568b96a3ad799d60539f0c84cd559579166	1f26e3bb9d5ce3d473c88b67c77731a97c4e6d056b75aef5d15b0b5747824e5e	publisher-revision	GET https://api.github.com/repos/APWG/ecx2-openapi-doc/git/blobs/58a289ebc8047af1749b8a0371915d28bd80610a (the file at 6453d568b96a3ad799d60539f0c84cd559579166)	2026-09-30T21:11:38+00:00	HTTP 200, blob 58a289ebc8047af1749b8a0371915d28bd80610a verified	census 6; read by ruamel.yaml 0.19.1 (YAML 1.2)	pass: GPL-3.0 (repository licence; `info.license` GPL, gpl-3.0 URL)	pass: commit 6453d568b96a3ad799d60539f0c84cd559579166	failed: `fern check` exit 1 (`Found 24 errors and 0 warnings`); generate exit 1 at fernapi/fern-python-sdk:5.20.0, CLI 5.67.1: `Path parameter is unreferenced in endpoint: noteId`	rejected
github-publisher-trees	property-sole-anyof-composed-member	APWG/ecx2-openapi-doc:ecx2-openapi.yaml	65b8130fe4624163bd15ce20244e0e567458cfb2	96c995e7ba5d72a730dc3861ddaafd46f0c5a404c5b5ffff24e4e19b393b82c6	publisher-revision	GET https://api.github.com/repos/APWG/ecx2-openapi-doc/git/blobs/99c2beb38ef5d8ddb5030429f266bc8794992325 (the file at 65b8130fe4624163bd15ce20244e0e567458cfb2)	2026-09-30T21:11:56+00:00	HTTP 200, blob 99c2beb38ef5d8ddb5030429f266bc8794992325 verified	census-refused: ruamel.yaml 0.19.1 (YAML 1.2): ScannerError: while scanning a simple key in "<byte string>", line 241, column 15: { ^ (line: 241) could not find expected ':' in "<byte string>", line 242, column 17: "data": [ ^ (line: 242); ruamel.yaml 0.19.1 (YAML 1.2), duplicate keys last-wins, unrecognised tags r	not-run: census-refused	not-run: census-refused	not-run: census-refused	rejected
github-publisher-trees	property-sole-anyof-composed-member	APWG/ecx2-openapi-doc:ecx2-openapi.yaml	6d51bee15049288c3298b20e03de5778c7a90c1b	517f30e91d69258ab4059de2ef736ea899d8956d851ff615e1d448a54b959e6b	publisher-revision	GET https://api.github.com/repos/APWG/ecx2-openapi-doc/git/blobs/dfbe2132ce05a4c99438181db89c94a0bdf1e5c6 (the file at 6d51bee15049288c3298b20e03de5778c7a90c1b)	2026-09-30T21:12:30+00:00	HTTP 200, blob dfbe2132ce05a4c99438181db89c94a0bdf1e5c6 verified	census-refused: ruamel.yaml 0.19.1 (YAML 1.2): ScannerError: while scanning a simple key in "<byte string>", line 428, column 15: { ^ (line: 428) could not find expected ':' in "<byte string>", line 429, column 17: "classification": "scam", ^ (line: 429); ruamel.yaml 0.19.1 (YAML 1.2), duplicate keys last-wins, unr	not-run: census-refused	not-run: census-refused	not-run: census-refused	rejected
github-publisher-trees	property-sole-anyof-composed-member	APWG/ecx2-openapi-doc:ecx2-openapi.yaml	6eb836db7560157add175575fdf3aa2c2fdc4914	fd2ff23903bad7043cad895d7fbcfb10eb5ecdb317594e3dc5aa8637bbe8acde	publisher-revision	GET https://api.github.com/repos/APWG/ecx2-openapi-doc/git/blobs/5a6e75a6c6737534e10d27f993e10335bffa7849 (the file at 6eb836db7560157add175575fdf3aa2c2fdc4914)	2026-09-30T21:12:20+00:00	HTTP 200, blob 5a6e75a6c6737534e10d27f993e10335bffa7849 verified	census 0; read by ruamel.yaml 0.19.1 (YAML 1.2)	not-run: census found no declaration	not-run: census found no declaration	not-run: census found no declaration	rejected
github-publisher-trees	property-sole-anyof-composed-member	APWG/ecx2-openapi-doc:ecx2-openapi.yaml	723d48ce976b858e17dd8f9a64f55d3a49af81b2	64597098c874bf0e3b29184f83ed5c60c39aac695ff5cce5d4587ae571bbfecc	publisher-revision	GET https://api.github.com/repos/APWG/ecx2-openapi-doc/git/blobs/2f91e8fdaea3d66ebbef72d5243bdc6eeedd9036 (the file at 723d48ce976b858e17dd8f9a64f55d3a49af81b2)	2026-09-30T21:11:36+00:00	HTTP 200, blob 2f91e8fdaea3d66ebbef72d5243bdc6eeedd9036 verified	census 6; read by ruamel.yaml 0.19.1 (YAML 1.2)	pass: GPL-3.0 (repository licence; `info.license` GPL, gpl-3.0 URL)	pass: commit 723d48ce976b858e17dd8f9a64f55d3a49af81b2	failed: `fern check` exit 1 (`Found 24 errors and 0 warnings`); generate exit 1 at fernapi/fern-python-sdk:5.20.0, CLI 5.67.1: `Path parameter is unreferenced in endpoint: noteId`	rejected
github-publisher-trees	property-sole-anyof-composed-member	APWG/ecx2-openapi-doc:ecx2-openapi.yaml	79ccf35d66b07d2219484ad7c65d26057f16f2fe	fa8635df239a6ec76e5b552ce79b3e679e7f94442e2c2552a8c94ed78054fc02	publisher-revision	GET https://api.github.com/repos/APWG/ecx2-openapi-doc/git/blobs/46fcd1586bc02b00a5dccdb0310ef08d1e7d1cec (the file at 79ccf35d66b07d2219484ad7c65d26057f16f2fe)	2026-09-30T21:12:33+00:00	HTTP 200, blob 46fcd1586bc02b00a5dccdb0310ef08d1e7d1cec verified	census-refused: ruamel.yaml 0.19.1 (YAML 1.2): ScannerError: while scanning a simple key in "<byte string>", line 428, column 15: { ^ (line: 428) could not find expected ':' in "<byte string>", line 429, column 17: "classification": "scam", ^ (line: 429); ruamel.yaml 0.19.1 (YAML 1.2), duplicate keys last-wins, unr	not-run: census-refused	not-run: census-refused	not-run: census-refused	rejected
github-publisher-trees	property-sole-anyof-composed-member	APWG/ecx2-openapi-doc:ecx2-openapi.yaml	7aa4f5586a4e01ab21f663b79543946cec9ca240	a609653ebc1848ce630af74341876964f0e63f87228311b5689ad7af1bd63510	publisher-revision	GET https://api.github.com/repos/APWG/ecx2-openapi-doc/git/blobs/b9b5b9acec471528f8ffaaf1a8cdd15860161a23 (the file at 7aa4f5586a4e01ab21f663b79543946cec9ca240)	2026-09-30T21:11:47+00:00	HTTP 200, blob b9b5b9acec471528f8ffaaf1a8cdd15860161a23 verified	census 0; read by ruamel.yaml 0.19.1 (YAML 1.2)	not-run: census found no declaration	not-run: census found no declaration	not-run: census found no declaration	rejected
github-publisher-trees	property-sole-anyof-composed-member	APWG/ecx2-openapi-doc:ecx2-openapi.yaml	802f6232f9c5d368a4d62d4c254771c841f333e7	3d8a5eb3e48229a7aa81cc293f7049c5312d3a873f69c55ae564b0a383975906	publisher-revision	GET https://api.github.com/repos/APWG/ecx2-openapi-doc/git/blobs/79fd85ac5ca27ab7dfc31a75704246e3d739bab5 (the file at 802f6232f9c5d368a4d62d4c254771c841f333e7)	2026-09-30T21:12:03+00:00	HTTP 200, blob 79fd85ac5ca27ab7dfc31a75704246e3d739bab5 verified	census 0; read by ruamel.yaml 0.19.1 (YAML 1.2)	not-run: census found no declaration	not-run: census found no declaration	not-run: census found no declaration	rejected
github-publisher-trees	property-sole-anyof-composed-member	APWG/ecx2-openapi-doc:ecx2-openapi.yaml	803f4b3a586fd9f34b439d747b879cce2440180d	0f2a71f5ae872d1f94f151a1c64b78dda926e73b4b253339af13dd0c6045abb0	publisher-revision	GET https://api.github.com/repos/APWG/ecx2-openapi-doc/git/blobs/86d1893f63083fd9342085171b9e1fe10ca69809 (the file at 803f4b3a586fd9f34b439d747b879cce2440180d)	2026-09-30T21:12:12+00:00	HTTP 200, blob 86d1893f63083fd9342085171b9e1fe10ca69809 verified	census 0; read by ruamel.yaml 0.19.1 (YAML 1.2)	not-run: census found no declaration	not-run: census found no declaration	not-run: census found no declaration	rejected
github-publisher-trees	property-sole-anyof-composed-member	APWG/ecx2-openapi-doc:ecx2-openapi.yaml	8066f0b16776d72385017995f54f2f834c0a0aaa	b29659cc694f0ded6000d6311c2cb251aa88f844c7a63ce08be958959874c7e9	publisher-revision	GET https://api.github.com/repos/APWG/ecx2-openapi-doc/git/blobs/eaaa8392ad1fd7e4309bdfdb65ebd8940337c9e7 (the file at 8066f0b16776d72385017995f54f2f834c0a0aaa)	2026-09-30T21:12:01+00:00	HTTP 200, blob eaaa8392ad1fd7e4309bdfdb65ebd8940337c9e7 verified	census-refused: ruamel.yaml 0.19.1 (YAML 1.2): ScannerError: while scanning a simple key in "<byte string>", line 241, column 15: { ^ (line: 241) could not find expected ':' in "<byte string>", line 242, column 17: "data": [ ^ (line: 242); ruamel.yaml 0.19.1 (YAML 1.2), duplicate keys last-wins, unrecognised tags r	not-run: census-refused	not-run: census-refused	not-run: census-refused	rejected
github-publisher-trees	property-sole-anyof-composed-member	APWG/ecx2-openapi-doc:ecx2-openapi.yaml	8774d17d6952308c84263fc3500ba13694de1fd9	bc716973b6b4873aa6c5bdba0a6abf715e529f493598440a97e4c6f4f7caad9e	publisher-revision	GET https://api.github.com/repos/APWG/ecx2-openapi-doc/git/blobs/20260fa7cd5e667c9e98906e0db52ab1730aaf45 (the file at 8774d17d6952308c84263fc3500ba13694de1fd9)	2026-09-30T21:12:15+00:00	HTTP 200, blob 20260fa7cd5e667c9e98906e0db52ab1730aaf45 verified	census 0; read by ruamel.yaml 0.19.1 (YAML 1.2)	not-run: census found no declaration	not-run: census found no declaration	not-run: census found no declaration	rejected
github-publisher-trees	property-sole-anyof-composed-member	APWG/ecx2-openapi-doc:ecx2-openapi.yaml	8b255f1a2692f7809a2943d6a8333cb30d2d5b3e	64b0af94139ab00e993cb174df3b4778be18c3b86ccb8a552d15b36f8c62b9a0	publisher-revision	GET https://api.github.com/repos/APWG/ecx2-openapi-doc/git/blobs/cb9a7642f4f90010e1bcb010b5d406d17fa38f3a (the file at 8b255f1a2692f7809a2943d6a8333cb30d2d5b3e)	2026-09-30T21:12:27+00:00	HTTP 200, blob cb9a7642f4f90010e1bcb010b5d406d17fa38f3a verified	census 0; read by ruamel.yaml 0.19.1 (YAML 1.2)	not-run: census found no declaration	not-run: census found no declaration	not-run: census found no declaration	rejected
github-publisher-trees	property-sole-anyof-composed-member	APWG/ecx2-openapi-doc:ecx2-openapi.yaml	8c96dc4dc9bb98148911d8546f4ba1d1e5a6e65b	e1fbbcb755c06d197cf436fadbe967f8b6f158ba658cf51ac5ae415228b6f775	publisher-revision	GET https://api.github.com/repos/APWG/ecx2-openapi-doc/git/blobs/f09345c7c46abf207614d2a1ce26ee6fe3b2045b (the file at 8c96dc4dc9bb98148911d8546f4ba1d1e5a6e65b)	2026-09-30T21:11:43+00:00	HTTP 200, blob f09345c7c46abf207614d2a1ce26ee6fe3b2045b verified	census 5; read by ruamel.yaml 0.19.1 (YAML 1.2)	pass: GPL-3.0 (repository licence; `info.license` GPL, gpl-3.0 URL)	pass: commit 8c96dc4dc9bb98148911d8546f4ba1d1e5a6e65b	failed: `fern check` exit 1 (`Found 19 errors and 0 warnings`); generate exit 1 at fernapi/fern-python-sdk:5.20.0, CLI 5.67.1: `Objects can only extend other objects, and root.ActorCategory is not an object`	rejected
github-publisher-trees	property-sole-anyof-composed-member	APWG/ecx2-openapi-doc:ecx2-openapi.yaml	9218d45cdc82dded5474adb2a58072e68483cdd8	112b5d9658df34218ea3c584e82ff8a1bfdfe13771826326cbfb7c60b237ba3e	publisher-revision	GET https://api.github.com/repos/APWG/ecx2-openapi-doc/git/blobs/5a702660d3270bdd0af1d5ae6274aa0577443e53 (the file at 9218d45cdc82dded5474adb2a58072e68483cdd8)	2026-09-30T21:11:25+00:00	HTTP 200, blob 5a702660d3270bdd0af1d5ae6274aa0577443e53 verified	census 6; read by ruamel.yaml 0.19.1 (YAML 1.2)	pass: GPL-3.0 (repository licence; `info.license` GPL, gpl-3.0 URL)	pass: commit 9218d45cdc82dded5474adb2a58072e68483cdd8	failed: generate exit 1 at fernapi/fern-python-sdk:5.20.0, CLI 5.67.1: `Found 24 errors and 0 warnings`, `Objects can only extend other objects, and root.Brand is not an object.` (`fern check` exit 0), as the github-code-search ledger records for this blob	rejected
github-publisher-trees	property-sole-anyof-composed-member	APWG/ecx2-openapi-doc:ecx2-openapi.yaml	94f14975bf319f119b1244ce23e63b0b35e42c41	e86b33f1adad8f521026a0b59f9b1eee2acfe5de82007153898623c8578530c2	publisher-revision	GET https://api.github.com/repos/APWG/ecx2-openapi-doc/git/blobs/40f31135413426a5babcde945f5d2c43989c47ea (the file at 94f14975bf319f119b1244ce23e63b0b35e42c41)	2026-09-30T21:11:54+00:00	HTTP 200, blob 40f31135413426a5babcde945f5d2c43989c47ea verified	census 0; read by ruamel.yaml 0.19.1 (YAML 1.2)	not-run: census found no declaration	not-run: census found no declaration	not-run: census found no declaration	rejected
github-publisher-trees	property-sole-anyof-composed-member	APWG/ecx2-openapi-doc:ecx2-openapi.yaml	96144bef6f4594c05997d02a3f97e27d03527e3c	4db9ab397c97408f7ebd2886aaa6caafd549a13cc9657c034d776ac153142d60	publisher-revision	GET https://api.github.com/repos/APWG/ecx2-openapi-doc/git/blobs/ea5dce9c5c2fe72c4b01181661c9a995345e1b49 (the file at 96144bef6f4594c05997d02a3f97e27d03527e3c)	2026-09-30T21:12:10+00:00	HTTP 200, blob ea5dce9c5c2fe72c4b01181661c9a995345e1b49 verified	census 0; read by ruamel.yaml 0.19.1 (YAML 1.2)	not-run: census found no declaration	not-run: census found no declaration	not-run: census found no declaration	rejected
github-publisher-trees	property-sole-anyof-composed-member	APWG/ecx2-openapi-doc:ecx2-openapi.yaml	987b61de0052b96d466fe6a33948b4e242a5d536	bd30464def54b9b3cbe1d1f88e6eae957b1544bb5893fa0712a1f0c9d3c4d82a	publisher-revision	GET https://api.github.com/repos/APWG/ecx2-openapi-doc/git/blobs/acbb38fe102f174399edf9d10c77739c729cb17d (the file at 987b61de0052b96d466fe6a33948b4e242a5d536)	2026-09-30T21:11:27+00:00	HTTP 200, blob acbb38fe102f174399edf9d10c77739c729cb17d verified	census 6; read by ruamel.yaml 0.19.1 (YAML 1.2)	pass: GPL-3.0 (repository licence; `info.license` GPL, gpl-3.0 URL)	pass: commit 987b61de0052b96d466fe6a33948b4e242a5d536	failed: `fern check` exit 1 (`Found 24 errors and 0 warnings`); generate exit 1 at fernapi/fern-python-sdk:5.20.0, CLI 5.67.1: `Path parameter is unreferenced in endpoint: noteId`	rejected
github-publisher-trees	property-sole-anyof-composed-member	APWG/ecx2-openapi-doc:ecx2-openapi.yaml	bc387293f9102039bb61bae418e794da1539c31b	6c01bc662d6f0dca008c6ab3ff684029a43b1527e992d6c73da44bde4b5b0c4d	publisher-revision	GET https://api.github.com/repos/APWG/ecx2-openapi-doc/git/blobs/082677bcb041e7de30bf05c7681db0a91816397d (the file at bc387293f9102039bb61bae418e794da1539c31b)	2026-09-30T21:12:25+00:00	HTTP 200, blob 082677bcb041e7de30bf05c7681db0a91816397d verified	census 0; read by ruamel.yaml 0.19.1 (YAML 1.2)	not-run: census found no declaration	not-run: census found no declaration	not-run: census found no declaration	rejected
github-publisher-trees	property-sole-anyof-composed-member	APWG/ecx2-openapi-doc:ecx2-openapi.yaml	be77340f50d5c177ea1557baa98d0dcfa6cd9de0	07d7502a42e556d35940078d7515d168a544b98397391a843691ce3e3d34783e	publisher-revision	GET https://api.github.com/repos/APWG/ecx2-openapi-doc/git/blobs/8e8ce7ea0a577bc8684af3ba79cbca3c31f55650 (the file at be77340f50d5c177ea1557baa98d0dcfa6cd9de0)	2026-09-30T21:12:23+00:00	HTTP 200, blob 8e8ce7ea0a577bc8684af3ba79cbca3c31f55650 verified	census 0; read by ruamel.yaml 0.19.1 (YAML 1.2)	not-run: census found no declaration	not-run: census found no declaration	not-run: census found no declaration	rejected
github-publisher-trees	property-sole-anyof-composed-member	APWG/ecx2-openapi-doc:ecx2-openapi.yaml	e899a168b812f8fc4146c1338a864c7c8b5f8d55	9c9cc5ff7b7ee63b4d2e257c702b55fcbb5950f2ec7b7843ed825c97032bf8a0	publisher-revision	GET https://api.github.com/repos/APWG/ecx2-openapi-doc/git/blobs/6e7feece941587297c398e38b0b4cd1c66423b0f (the file at e899a168b812f8fc4146c1338a864c7c8b5f8d55)	2026-09-30T21:12:37+00:00	HTTP 200, blob 6e7feece941587297c398e38b0b4cd1c66423b0f verified	census 0; read by ruamel.yaml 0.19.1 (YAML 1.2)	not-run: census found no declaration	not-run: census found no declaration	not-run: census found no declaration	rejected
github-publisher-trees	property-sole-anyof-composed-member	APWG/ecx2-openapi-doc:ecx2-openapi.yaml	eba452ee4cb41196f6846792309a5580675bc9a3	9204b11b5a99a91bc2fa76174cf99355ab65435c1e91bf22955f6b077f09efd2	publisher-revision	GET https://api.github.com/repos/APWG/ecx2-openapi-doc/git/blobs/14aa82b792ea198c2c3c3a02cbf5f6080bc20c38 (the file at eba452ee4cb41196f6846792309a5580675bc9a3)	2026-09-30T21:11:49+00:00	HTTP 200, blob 14aa82b792ea198c2c3c3a02cbf5f6080bc20c38 verified	census 0; read by ruamel.yaml 0.19.1 (YAML 1.2)	not-run: census found no declaration	not-run: census found no declaration	not-run: census found no declaration	rejected
github-publisher-trees	property-sole-anyof-composed-member	APWG/ecx2-openapi-doc:ecx2-openapi.yaml	ee3e2546f5d1f93f91992b71ec87bca76f249c0f	66af211f603e36f4be6a6c4bad3190776835b624633b892f2b3a06cc60a3d351	publisher-revision	GET https://api.github.com/repos/APWG/ecx2-openapi-doc/git/blobs/967e75ded03b9b97ea9905b1753dba2b641aec95 (the file at ee3e2546f5d1f93f91992b71ec87bca76f249c0f)	2026-09-30T21:12:08+00:00	HTTP 200, blob 967e75ded03b9b97ea9905b1753dba2b641aec95 verified	census 0; read by ruamel.yaml 0.19.1 (YAML 1.2)	not-run: census found no declaration	not-run: census found no declaration	not-run: census found no declaration	rejected
github-publisher-trees	property-sole-anyof-composed-member	APWG/ecx2-openapi-doc:ecx2-openapi.yaml	f153e4a439efb15fb34472e02ae753ecfd33edc9	b81d5fcce7ec245bc1c8fb42e2041e6e9fc8638c3acfec9e5d0c6298abf6dc0d	publisher-revision	GET https://api.github.com/repos/APWG/ecx2-openapi-doc/git/blobs/6bede1aa881ee6c943d71d61aeff9b826dd8d5ab (the file at f153e4a439efb15fb34472e02ae753ecfd33edc9)	2026-09-30T21:12:17+00:00	HTTP 200, blob 6bede1aa881ee6c943d71d61aeff9b826dd8d5ab verified	census 0; read by ruamel.yaml 0.19.1 (YAML 1.2)	not-run: census found no declaration	not-run: census found no declaration	not-run: census found no declaration	rejected
github-publisher-trees	property-sole-oneof-composed-member	OpenRailAssociation/osrd:editoast/openapi.yaml			publisher-licence	GET https://api.github.com/repos/OpenRailAssociation/osrd/contents/?ref=776d7c4423b4242b106b9edd4b201b69a090f915	2026-09-30T21:23:48+00:00	HTTP 200, LICENSES	not a document				route
github-publisher-trees	property-sole-oneof-composed-member	OpenRailAssociation/osrd:editoast/openapi.yaml			publisher-path-history	GET https://api.github.com/repos/OpenRailAssociation/osrd/commits?path=editoast/openapi.yaml&per_page=100	2026-09-30T21:12:39+00:00	HTTP 200, 100 commit(s)	not a document				route
github-publisher-trees	property-sole-oneof-composed-member	OpenRailAssociation/osrd:editoast/openapi.yaml			publisher-repository	GET https://api.github.com/repos/OpenRailAssociation/osrd	2026-09-30T21:12:38+00:00	HTTP 200, {"default_branch": "dev", "license": null}	not a document				route
github-publisher-trees	property-sole-oneof-composed-member	OpenRailAssociation/osrd:editoast/openapi.yaml	776d7c4423b4242b106b9edd4b201b69a090f915	562de2e68a5b9cde66c6359e644b56b8f7272577902d5cb8b9093e9f9b3bd10c	publisher-revision	GET https://api.github.com/repos/OpenRailAssociation/osrd/git/blobs/9992a9583af9d0235fa0f205b918a3045c299699 (the file at 776d7c4423b4242b106b9edd4b201b69a090f915)	2026-09-30T21:12:42+00:00	HTTP 200, blob 9992a9583af9d0235fa0f205b918a3045c299699 verified	census 1; read by ruamel.yaml 0.19.1 (YAML 1.2)	pass: LGPL-3.0 (`info.license` LGPL, lgpl-3.0 URL; the tree's `LICENSES` directory)	pass: commit 776d7c4423b4242b106b9edd4b201b69a090f915	failed: `fern check` exit 0 (`Found 0 errors and 11 warnings`); generate exit 1 at fernapi/fern-python-sdk:5.20.0, CLI 5.67.1: F811 Redefinition of unused EditoastError_EditoastTrainScheduleExceptionNotFound, from its ruff check of the generated tree	rejected
