key	form	verdict	artifact	control	digest
apiKey-query	absent-tree	discards	docs/openapi-surface/probe-expected/apiKey-query	—	64188a92f148a5ebe4188cb9b44b97f62358fa4d7eed9c5b013fa35216b79927
boolean-schema-true	differential	coincidence	docs/openapi-surface/probe-expected/boolean-schema-true	boolean-schema-true-control	17f2fb18308568de1517c12f98be028e4a12efd2c5606ff7e093efc160410a27
components-pathItems	absent-tree	discards	docs/openapi-surface/probe-expected/components-pathItems	—	75b47849fb42c5e6c11fdcafd089677d9bce94db920e79e1fa2daa1f7b88ad76
const-boolean	absent-tree	discards	docs/openapi-surface/probe-expected/const-boolean	—	d3dee9bc7dcfeced94da2f02474bc1f96105df1683dcf0227acd3af2dba22ee1
const-integer	absent-tree	discards	docs/openapi-surface/probe-expected/const-integer	—	2ae768ba2613da86822b6e7575e7017d7ead84feee8a4f59e1213df33d6093dc
contains	absent-tree	discards	docs/openapi-surface/probe-expected/contains	—	a66e981e4edd97b551e87574bf906262ed7a140baf7e66cf03aef8f6c2397029
cookie-array	absent-tree	discards	docs/openapi-surface/probe-expected/cookie-array	—	c682cdb2eef4fb98c5099fef2e452c8b86582c7abcd58f7917d35db3dfe74fa4
cookie-object	absent-tree	discards	docs/openapi-surface/probe-expected/cookie-object	—	c682cdb2eef4fb98c5099fef2e452c8b86582c7abcd58f7917d35db3dfe74fa4
dependent-schemas	absent-tree	discards	docs/openapi-surface/probe-expected/dependent-schemas	—	329c0d1e77221a2bb40c4f78aad5c6238fa1742edbd368010acccce10902025d
dollar-anchor	absent-tree	discards	docs/openapi-surface/probe-expected/dollar-anchor	—	5b40056b5b1944da0416c57ab3c2436e51f2ba0b1c8c97a102133932b80d05d2
dollar-dynamic-anchor	absent-tree	discards	docs/openapi-surface/probe-expected/dollar-dynamic-anchor	—	65e0cf3b62bdd309d0eb09f8ae891c627c04dd08fbfe7ef28437e51ff3c1c17c
dollar-dynamic-ref	absent-tree	discards	docs/openapi-surface/probe-expected/dollar-dynamic-ref	—	65e0cf3b62bdd309d0eb09f8ae891c627c04dd08fbfe7ef28437e51ff3c1c17c
dollar-vocabulary	absent-tree	discards	docs/openapi-surface/probe-expected/dollar-vocabulary	—	8c9e1ba2cc7630d3dd81dcfbc1db1c7197a1c65bdc12c52ec7d36cf881e4d262
encoding-allow-reserved	differential	ignores	docs/openapi-surface/probe-expected/encoding-allow-reserved	encoding-allow-reserved-control	1989ac32654dc862962ea6c7bb9ef7371de842ea9562960117ddec7c72a1d9e2
encoding-explode	differential	ignores	docs/openapi-surface/probe-expected/encoding-explode	encoding-explode-control	1989ac32654dc862962ea6c7bb9ef7371de842ea9562960117ddec7c72a1d9e2
enum-member-float	absent-tree	discards	docs/openapi-surface/probe-expected/enum-member-float	—	c262c726c6fea42e51f358b37532b71a7b2627ebdba831b8ea42945571db21ed
enum-member-object	absent-tree	discards	docs/openapi-surface/probe-expected/enum-member-object	—	03f77ee2a15846a98350fd79006e55cb7d8c6dc16e66d362b928cc460e004370
explode-true-simple-header	differential	ignores	docs/openapi-surface/probe-expected/explode-true-simple-header	explode-true-simple-header-control	a49417b707121ce94b4ecdd5470758ea8691fd4a15a8ec86b328f943cd67c9b8
explode-true-simple-path	differential	ignores	docs/openapi-surface/probe-expected/explode-true-simple-path	explode-true-simple-path-control	a2b84259fb7994efd76b30f8b6c333ded84dcd981a4f3bf40596b99ecacdb768
extension-callback	differential	ignores	docs/openapi-surface/probe-expected/extension-callback	extension-callback-control	75b47849fb42c5e6c11fdcafd089677d9bce94db920e79e1fa2daa1f7b88ad76
extension-components	differential	ignores	docs/openapi-surface/probe-expected/extension-components	extension-components-control	75b47849fb42c5e6c11fdcafd089677d9bce94db920e79e1fa2daa1f7b88ad76
extension-discriminator	differential	ignores	docs/openapi-surface/probe-expected/extension-discriminator	extension-discriminator-control	0ac43cf511d9fc7affa53ecace00cec50c424a55ed00bdec61842b03b828d815
extension-encoding	differential	ignores	docs/openapi-surface/probe-expected/extension-encoding	extension-encoding-control	1989ac32654dc862962ea6c7bb9ef7371de842ea9562960117ddec7c72a1d9e2
extension-example	differential	ignores	docs/openapi-surface/probe-expected/extension-example	extension-example-control	75b47849fb42c5e6c11fdcafd089677d9bce94db920e79e1fa2daa1f7b88ad76
extension-external-docs	differential	ignores	docs/openapi-surface/probe-expected/extension-external-docs	extension-external-docs-control	75b47849fb42c5e6c11fdcafd089677d9bce94db920e79e1fa2daa1f7b88ad76
extension-header	differential	ignores	docs/openapi-surface/probe-expected/extension-header	extension-header-control	75b47849fb42c5e6c11fdcafd089677d9bce94db920e79e1fa2daa1f7b88ad76
extension-license	differential	ignores	docs/openapi-surface/probe-expected/extension-license	extension-license-control	75b47849fb42c5e6c11fdcafd089677d9bce94db920e79e1fa2daa1f7b88ad76
extension-link	differential	ignores	docs/openapi-surface/probe-expected/extension-link	extension-link-control	75b47849fb42c5e6c11fdcafd089677d9bce94db920e79e1fa2daa1f7b88ad76
extension-media-type	differential	ignores	docs/openapi-surface/probe-expected/extension-media-type	extension-media-type-control	75b47849fb42c5e6c11fdcafd089677d9bce94db920e79e1fa2daa1f7b88ad76
extension-oauth-flow	differential	ignores	docs/openapi-surface/probe-expected/extension-oauth-flow	extension-oauth-flow-control	64188a92f148a5ebe4188cb9b44b97f62358fa4d7eed9c5b013fa35216b79927
extension-oauth-flows	differential	ignores	docs/openapi-surface/probe-expected/extension-oauth-flows	extension-oauth-flows-control	64188a92f148a5ebe4188cb9b44b97f62358fa4d7eed9c5b013fa35216b79927
extension-request-body	differential	ignores	docs/openapi-surface/probe-expected/extension-request-body	extension-request-body-control	b03be15918ca62977af555a7cedfeae19a09b6e00aacb103caeff87cd20e5e6f
extension-responses	differential	ignores	docs/openapi-surface/probe-expected/extension-responses	extension-responses-control	75b47849fb42c5e6c11fdcafd089677d9bce94db920e79e1fa2daa1f7b88ad76
extension-server	differential	ignores	docs/openapi-surface/probe-expected/extension-server	extension-server-control	75b47849fb42c5e6c11fdcafd089677d9bce94db920e79e1fa2daa1f7b88ad76
extension-server-variable	differential	ignores	docs/openapi-surface/probe-expected/extension-server-variable	extension-server-variable-control	0c0f4573140b0b26f63314f05963448658b259eee641234c0a4b02180017950b
extension-xml	differential	ignores	docs/openapi-surface/probe-expected/extension-xml	extension-xml-control	75b47849fb42c5e6c11fdcafd089677d9bce94db920e79e1fa2daa1f7b88ad76
format-assertion-vocabulary	differential	ignores	docs/openapi-surface/probe-expected/format-assertion-vocabulary	format-assertion-vocabulary-control	6da16cbab754588037724568dcea440a8e754403b0c7cf53acb4bcc6a6f42423
format-idn-email	absent-tree	discards	docs/openapi-surface/probe-expected/format-idn-email	—	26bf87922614ffc1c946c7dad60e3367b11ea0e934ce0bad70a1f973813d193a
format-idn-hostname	absent-tree	discards	docs/openapi-surface/probe-expected/format-idn-hostname	—	26bf87922614ffc1c946c7dad60e3367b11ea0e934ce0bad70a1f973813d193a
format-ipv6	absent-tree	discards	docs/openapi-surface/probe-expected/format-ipv6	—	26bf87922614ffc1c946c7dad60e3367b11ea0e934ce0bad70a1f973813d193a
format-iri	absent-tree	discards	docs/openapi-surface/probe-expected/format-iri	—	26bf87922614ffc1c946c7dad60e3367b11ea0e934ce0bad70a1f973813d193a
format-iri-reference	absent-tree	discards	docs/openapi-surface/probe-expected/format-iri-reference	—	26bf87922614ffc1c946c7dad60e3367b11ea0e934ce0bad70a1f973813d193a
format-relative-json-pointer	absent-tree	discards	docs/openapi-surface/probe-expected/format-relative-json-pointer	—	26bf87922614ffc1c946c7dad60e3367b11ea0e934ce0bad70a1f973813d193a
header-allow-reserved	absent-tree	discards	docs/openapi-surface/probe-expected/header-allow-reserved	—	c682cdb2eef4fb98c5099fef2e452c8b86582c7abcd58f7917d35db3dfe74fa4
header-array	refusal	refuses	docs/openapi-surface/probe-expected/header-array.fern-refusal.txt	—	928bab4e1a78479bb0b81070c58eb3246226c2f0d6da23dda72d7778533e6161
header-deprecated	absent-tree	discards	docs/openapi-surface/probe-expected/header-deprecated	—	c682cdb2eef4fb98c5099fef2e452c8b86582c7abcd58f7917d35db3dfe74fa4
header-object	refusal	crashes	docs/openapi-surface/probe-expected/header-object.fern-refusal.txt	—	5079166d7e350f6282de7be72eb8473ee56d3e78145986306b4a60cd2a969578
http-concealed	absent-tree	discards	docs/openapi-surface/probe-expected/http-concealed	—	dd48eb78414c5a81459caa7d8ec8edda856830e54ff8a71ad7aa71ef7d634b18
http-digest	absent-tree	discards	docs/openapi-surface/probe-expected/http-digest	—	64188a92f148a5ebe4188cb9b44b97f62358fa4d7eed9c5b013fa35216b79927
http-gnap	absent-tree	discards	docs/openapi-surface/probe-expected/http-gnap	—	dd48eb78414c5a81459caa7d8ec8edda856830e54ff8a71ad7aa71ef7d634b18
http-hoba	absent-tree	discards	docs/openapi-surface/probe-expected/http-hoba	—	dd48eb78414c5a81459caa7d8ec8edda856830e54ff8a71ad7aa71ef7d634b18
http-oauth	absent-tree	discards	docs/openapi-surface/probe-expected/http-oauth	—	dd48eb78414c5a81459caa7d8ec8edda856830e54ff8a71ad7aa71ef7d634b18
http-privatetoken	absent-tree	discards	docs/openapi-surface/probe-expected/http-privatetoken	—	dd48eb78414c5a81459caa7d8ec8edda856830e54ff8a71ad7aa71ef7d634b18
http-scram-sha-1	absent-tree	discards	docs/openapi-surface/probe-expected/http-scram-sha-1	—	dd48eb78414c5a81459caa7d8ec8edda856830e54ff8a71ad7aa71ef7d634b18
http-scram-sha-256	absent-tree	discards	docs/openapi-surface/probe-expected/http-scram-sha-256	—	dd48eb78414c5a81459caa7d8ec8edda856830e54ff8a71ad7aa71ef7d634b18
http-vapid	absent-tree	discards	docs/openapi-surface/probe-expected/http-vapid	—	dd48eb78414c5a81459caa7d8ec8edda856830e54ff8a71ad7aa71ef7d634b18
label-array-or-object	absent-tree	discards	docs/openapi-surface/probe-expected/label-array-or-object	—	000bd414b5683a5e8eed729984fef565586a5f57c059faa685de9af1fc60fb85
link-description	absent-tree	discards	docs/openapi-surface/probe-expected/link-description	—	75b47849fb42c5e6c11fdcafd089677d9bce94db920e79e1fa2daa1f7b88ad76
link-requestBody	absent-tree	discards	docs/openapi-surface/probe-expected/link-requestBody	—	75b47849fb42c5e6c11fdcafd089677d9bce94db920e79e1fa2daa1f7b88ad76
link-server	absent-tree	discards	docs/openapi-surface/probe-expected/link-server	—	75b47849fb42c5e6c11fdcafd089677d9bce94db920e79e1fa2daa1f7b88ad76
matrix-array	absent-tree	discards	docs/openapi-surface/probe-expected/matrix-array	—	000bd414b5683a5e8eed729984fef565586a5f57c059faa685de9af1fc60fb85
matrix-object	absent-tree	discards	docs/openapi-surface/probe-expected/matrix-object	—	e856b0b02443282f02c4785271cfc528f2c559b4b221b393d273a8d0082702cd
max-contains	absent-tree	discards	docs/openapi-surface/probe-expected/max-contains	—	17f2fb18308568de1517c12f98be028e4a12efd2c5606ff7e093efc160410a27
min-contains	absent-tree	discards	docs/openapi-surface/probe-expected/min-contains	—	17f2fb18308568de1517c12f98be028e4a12efd2c5606ff7e093efc160410a27
multiple-of	absent-tree	discards	docs/openapi-surface/probe-expected/multiple-of	—	dfce261d789b45beaa4e8f6d2e1fd4dc27db223cedb5056c4859e3ec56308ba9
nonascii-info-title	differential	ignores	docs/openapi-surface/probe-expected/nonascii-info-title	nonascii-info-title-control	c682cdb2eef4fb98c5099fef2e452c8b86582c7abcd58f7917d35db3dfe74fa4
nonascii-operationId	refusal	crashes	docs/openapi-surface/probe-expected/nonascii-operationId.fern-refusal.txt	—	06fd839a61b1ef78bd47478e82ef549a120da3a924f4dd3783b65a4d1cbb3ced
param-content-cookie	absent-tree	discards	docs/openapi-surface/probe-expected/param-content-cookie	—	c682cdb2eef4fb98c5099fef2e452c8b86582c7abcd58f7917d35db3dfe74fa4
param-content-path	absent-tree	discards	docs/openapi-surface/probe-expected/param-content-path	—	a2b84259fb7994efd76b30f8b6c333ded84dcd981a4f3bf40596b99ecacdb768
parameter-style-form-cookie-scalar	absent-tree	discards	docs/openapi-surface/probe-expected/parameter-style-form-cookie-scalar	—	c682cdb2eef4fb98c5099fef2e452c8b86582c7abcd58f7917d35db3dfe74fa4
parameter-style-matrix-path-scalar	absent-tree	discards	docs/openapi-surface/probe-expected/parameter-style-matrix-path-scalar	—	a2b84259fb7994efd76b30f8b6c333ded84dcd981a4f3bf40596b99ecacdb768
parameter-style-simple-path-object	absent-tree	discards	docs/openapi-surface/probe-expected/parameter-style-simple-path-object	—	93f74c4531a946b73a12a4e4e7afb70ff45c5591563f976df60b1bb71d099a13
pipeDelimited-array	absent-tree	discards	docs/openapi-surface/probe-expected/pipeDelimited-array	—	ab7a798cc270fd0662ed066f1feb0677fd1a4cc2da32d878a45eca66fa2aaabd
pipeDelimited-object	absent-tree	discards	docs/openapi-surface/probe-expected/pipeDelimited-object	—	a350eea8c92ca5abd19fb2ef0144a951be1f0887aef0a4b676f5a4916abb07ea
range-1XX	absent-tree	discards	docs/openapi-surface/probe-expected/range-1XX	—	75b47849fb42c5e6c11fdcafd089677d9bce94db920e79e1fa2daa1f7b88ad76
range-3XX	absent-tree	discards	docs/openapi-surface/probe-expected/range-3XX	—	75b47849fb42c5e6c11fdcafd089677d9bce94db920e79e1fa2daa1f7b88ad76
range-4XX	absent-tree	discards	docs/openapi-surface/probe-expected/range-4XX	—	75b47849fb42c5e6c11fdcafd089677d9bce94db920e79e1fa2daa1f7b88ad76
range-5XX	absent-tree	discards	docs/openapi-surface/probe-expected/range-5XX	—	75b47849fb42c5e6c11fdcafd089677d9bce94db920e79e1fa2daa1f7b88ad76
ref-pointer-unnamed-segment	refusal	refuses	docs/openapi-surface/probe-expected/ref-pointer-unnamed-segment.fern-refusal.txt	—	bce5b14f09d6f5d330eea4b727e454e0281e9bbfb8abeaa7668143e1fed007cf
reference-summary	differential	ignores	docs/openapi-surface/probe-expected/reference-summary	reference-summary-control	dc3701ba4464a5458573e00ba582c73e3593ef58132b7d0a6925804f2ad3500d
server-description-multiword	absent-tree	discards	docs/openapi-surface/probe-expected/server-description-multiword	—	c682cdb2eef4fb98c5099fef2e452c8b86582c7abcd58f7917d35db3dfe74fa4
servers-three-levels	absent-tree	discards	docs/openapi-surface/probe-expected/servers-three-levels	—	056ad78697088eb897aa39c56f37e83f8766a904e2707c10e5eed65631a86050
spaceDelimited-object	absent-tree	discards	docs/openapi-surface/probe-expected/spaceDelimited-object	—	a350eea8c92ca5abd19fb2ef0144a951be1f0887aef0a4b676f5a4916abb07ea
trace-operation	absent-tree	discards	docs/openapi-surface/probe-expected/trace-operation	—	2e8001510bd21d7cb46c56f7e4e403acafcc6a94460ec7ab8d28a3d2342a8f4b
unevaluated-items	absent-tree	discards	docs/openapi-surface/probe-expected/unevaluated-items	—	39d5fb4daa18fd3e172137ef8a252289e76e7a0097443cfd2da36a3f3975b2e4
xml-prefix	differential	ignores	docs/openapi-surface/probe-expected/xml-prefix	xml-prefix-control	6da16cbab754588037724568dcea440a8e754403b0c7cf53acb4bcc6a6f42423
xml-request	absent-tree	discards	docs/openapi-surface/probe-expected/xml-request	—	8eb039f7c2160a7bd0c3de13a8cbe6b795ba70c6f3402b0e7d4901e2df5cd378
xml-response	absent-tree	discards	docs/openapi-surface/probe-expected/xml-response	—	dbe84f8aea555d150afcc6419e87a0a7ee00f2e24fdd2b169b41e388c06a652b
xml-wrapped	differential	ignores	docs/openapi-surface/probe-expected/xml-wrapped	xml-wrapped-control	6ea7a8eea9c39ac61a7d0b2a4a26a9707e3af8d8e457fc9f264efb0fe338f89a
