class	digest	publisher	generate_exit	generate_files	generate_log
default-not-enum-value	44dbe945e33d84d1910d244abeeaae3270ab672a08124cd9b7c1ef91cb4bb991	telnyx	1	0	docs/openapi-surface/fern-refusals/logs/44dbe945e33d84d1910d244abeeaae3270ab672a08124cd9b7c1ef91cb4bb991.generate.log
default-not-enum-value	85867d23ebba2e0fd420b67ee9b279ba83d7fd03a18fec88afa0ea0d7f116408	atlassian	1	0	docs/openapi-surface/fern-refusals/logs/85867d23ebba2e0fd420b67ee9b279ba83d7fd03a18fec88afa0ea0d7f116408.generate.log
default-not-enum-value	fe8b00c68174c422b7c5410477991bd62e0beec017a9752caea02c52806fe12a	ducky.eco	1	0	docs/openapi-surface/fern-refusals/logs/fe8b00c68174c422b7c5410477991bd62e0beec017a9752caea02c52806fe12a.generate.log
default-not-valid-for-type	5dcd5ba293515e56ad16812244b193623020de238884c47f7414b3e7102bdf53	gov.bc.ca	1	0	docs/openapi-surface/fern-refusals/logs/5dcd5ba293515e56ad16812244b193623020de238884c47f7414b3e7102bdf53.generate.log
default-not-valid-for-type	7c98e4ebac0114447b59899ef3e6e2dd2aa26ba439c159f3ac088cb582978248	axesso	1	0	docs/openapi-surface/fern-refusals/logs/7c98e4ebac0114447b59899ef3e6e2dd2aa26ba439c159f3ac088cb582978248.generate.log
default-not-valid-for-type	c04f739288bc4c5ffe39f5f8fdaebb88824373dabd432dbd0bb638005f8b33c9	dynamsoft	1	0	docs/openapi-surface/fern-refusals/logs/c04f739288bc4c5ffe39f5f8fdaebb88824373dabd432dbd0bb638005f8b33c9.generate.log
discriminant-value-unsuitable	6940ddab47fc670434d92fbc949ad63a25438530e502f66f732d829fc89858fd	rapidataai	1	0	docs/openapi-surface/fern-refusals/logs/6940ddab47fc670434d92fbc949ad63a25438530e502f66f732d829fc89858fd.generate.log
discriminant-value-unsuitable	780366a7fe9e6c2f7a79871da7b3a9eab99f8569e5ee1bf49ab670a1d9ef4d2e	griffin	1	0	docs/openapi-surface/fern-refusals/logs/780366a7fe9e6c2f7a79871da7b3a9eab99f8569e5ee1bf49ab670a1d9ef4d2e.generate.log
discriminant-value-unsuitable	ea00ae795347dc6621ab2999a4956176ffbde63df783c7a91762edf1b59ca892	providor	1	0	docs/openapi-surface/fern-refusals/logs/ea00ae795347dc6621ab2999a4956176ffbde63df783c7a91762edf1b59ca892.generate.log
duplicate-example-name	6d3692ff4c164f272703922a0960897a51dc872a6c594009e6edf36579c7280a	adyen	1	0	docs/openapi-surface/fern-refusals/logs/6d3692ff4c164f272703922a0960897a51dc872a6c594009e6edf36579c7280a.generate.log
duplicate-example-name	8aa0ba27e4f10f68ae8a44fbbf516a868884c2faffcf957d220c6d5f6ca1a8d0	github	1	0	docs/openapi-surface/fern-refusals/logs/8aa0ba27e4f10f68ae8a44fbbf516a868884c2faffcf957d220c6d5f6ca1a8d0.generate.log
duplicate-example-name	9791479038e38468cdac23b741406f63d08cf384b0df70c35fa8fa644643f341	hootrhino	1	0	docs/openapi-surface/fern-refusals/logs/9791479038e38468cdac23b741406f63d08cf384b0df70c35fa8fa644643f341.generate.log
duplicate-path-parameter	6b26beb70fb91ee1fd2e7ae1fb99b8b7b974be9a39d832e678e8da60a5f65123	huggingface	1	0	docs/openapi-surface/fern-refusals/logs/6b26beb70fb91ee1fd2e7ae1fb99b8b7b974be9a39d832e678e8da60a5f65123.generate.log
duplicate-path-parameter	b8a3425257222511aa6b955b982cf481dad1b77f03614ea3b768b6aa2a770b31	cloudflare	1	0	docs/openapi-surface/fern-refusals/logs/b8a3425257222511aa6b955b982cf481dad1b77f03614ea3b768b6aa2a770b31.generate.log
endpoint-auth-undefined	576bcbc5de71eb8e07fc0a21cece0513cfa57acd9ea59e3a773cc87d4c666285	ogen-go	1	0	docs/openapi-surface/fern-refusals/logs/576bcbc5de71eb8e07fc0a21cece0513cfa57acd9ea59e3a773cc87d4c666285.generate.log
endpoint-auth-undefined	901d0291775a1fed0b178a739d462aea0f0fb6f43a011db8030cc5dac6c60990	readmeio	1	0	docs/openapi-surface/fern-refusals/logs/901d0291775a1fed0b178a739d462aea0f0fb6f43a011db8030cc5dac6c60990.generate.log
endpoint-auth-undefined	ba317419124608cc836a0bebb194693a42a6c159dee7ba3acee08530943abf92	esgenterprise	1	0	docs/openapi-surface/fern-refusals/logs/ba317419124608cc836a0bebb194693a42a6c159dee7ba3acee08530943abf92.generate.log
enum-name-unsuitable	0fecc098ba9097c085e2bcbb46fbf55e51b4032d5d23719ce49dff4197e8c610	swaggerhub.koscom	1	0	docs/openapi-surface/fern-refusals/logs/0fecc098ba9097c085e2bcbb46fbf55e51b4032d5d23719ce49dff4197e8c610.generate.log
enum-name-unsuitable	24c7271d6b0f5cc6275eeb8b3df4414723e8982176e15ed4ddb87e446a4cfac3	exoapi	1	0	docs/openapi-surface/fern-refusals/logs/24c7271d6b0f5cc6275eeb8b3df4414723e8982176e15ed4ddb87e446a4cfac3.generate.log
enum-name-unsuitable	787e3faef6ed9f14a890d640a3ec3bfb7f6957440088b2efbb59634f3d47b8f6	climate	1	0	docs/openapi-surface/fern-refusals/logs/787e3faef6ed9f14a890d640a3ec3bfb7f6957440088b2efbb59634f3d47b8f6.generate.log
enum-value-unnameable	4df76002aa2b8542828b72e27c60edd1133800d391c92721cdad90f5e49175cf	rabbittee	1	0	docs/openapi-surface/fern-refusals/logs/4df76002aa2b8542828b72e27c60edd1133800d391c92721cdad90f5e49175cf.generate.log
enum-value-unnameable	a6b26f278dc3385a7eff7e251df956e567b3b26718b933ea5d36ee72aa1b28bb	tosspayments	1	0	docs/openapi-surface/fern-refusals/logs/a6b26f278dc3385a7eff7e251df956e567b3b26718b933ea5d36ee72aa1b28bb.generate.log
enum-value-unnameable	f57ffad87f0ea2e4a14ba030f7d24c5c5dbcd285805400c3d01433e26927e35f	swaggerhub.koscom	1	0	docs/openapi-surface/fern-refusals/logs/f57ffad87f0ea2e4a14ba030f7d24c5c5dbcd285805400c3d01433e26927e35f.generate.log
example-missing-required-property	96f5cc3da3c7e7b85f4894615ff666f6581f7e948c927b3641afe487efa73b03	minhlucvan	1	0	docs/openapi-surface/fern-refusals/logs/96f5cc3da3c7e7b85f4894615ff666f6581f7e948c927b3641afe487efa73b03.generate.log
example-missing-required-property	981dd0a3479197032c4ebd98b040f6a53d4b6878d008a3a83518fb1f7fc5e269	tuii-dev	1	0	docs/openapi-surface/fern-refusals/logs/981dd0a3479197032c4ebd98b040f6a53d4b6878d008a3a83518fb1f7fc5e269.generate.log
example-missing-required-property	c7797afd371668ef069b7ab2eda10e4f071f6a84a9e057407a3a9b2cf913e226	paloaltonetworks	1	0	docs/openapi-surface/fern-refusals/logs/c7797afd371668ef069b7ab2eda10e4f071f6a84a9e057407a3a9b2cf913e226.generate.log
example-missing-required-query-parameter	0b075e70eab691389aff5ac133deb2a60e6c01aefcb951d3db0dca059f95ae2f	opengeospatial	1	0	docs/openapi-surface/fern-refusals/logs/0b075e70eab691389aff5ac133deb2a60e6c01aefcb951d3db0dca059f95ae2f.generate.log
example-not-enum-value	0f91f13845fc76d702273fecd126e9b6099848506db2f210863820ece747534e	petersoj	1	0	docs/openapi-surface/fern-refusals/logs/0f91f13845fc76d702273fecd126e9b6099848506db2f210863820ece747534e.generate.log
example-not-enum-value	a43acb9587b2bb2be27693c038a8684ce6d09bdbdd6020d54784973984954722	generaltranslation	1	0	docs/openapi-surface/fern-refusals/logs/a43acb9587b2bb2be27693c038a8684ce6d09bdbdd6020d54784973984954722.generate.log
example-not-enum-value	c4624acd32d08db5825cd0b92beb6ba5ed9019950d787571774743d65cad702a	swaggerhub.asig	1	0	docs/openapi-surface/fern-refusals/logs/c4624acd32d08db5825cd0b92beb6ba5ed9019950d787571774743d65cad702a.generate.log
example-type-mismatch	2c08e583ed4b1644fcfe3d66e1d1eba2bf8e98ca1691ef9463cf1efb64fc663a	corrently	1	0	docs/openapi-surface/fern-refusals/logs/2c08e583ed4b1644fcfe3d66e1d1eba2bf8e98ca1691ef9463cf1efb64fc663a.generate.log
example-type-mismatch	af2e5d8e65b14d12a9c0c0a5b2891529def85bf0e31b8c273a9eb02450ef6b0c	quantumnous	1	0	docs/openapi-surface/fern-refusals/logs/af2e5d8e65b14d12a9c0c0a5b2891529def85bf0e31b8c273a9eb02450ef6b0c.generate.log
example-type-mismatch	fbf1b84db026485b8bfb1b80bcc02dddda60a08b5dfe60ec0954ed9a3fa0ef98	agatha-budget	1	0	docs/openapi-surface/fern-refusals/logs/fbf1b84db026485b8bfb1b80bcc02dddda60a08b5dfe60ec0954ed9a3fa0ef98.generate.log
example-unexpected-property	1a978bc6ed0d56f783189f913f33c7837261e6a7c34c48a976335b78f10b5ea2	communitytoolkit	1	0	docs/openapi-surface/fern-refusals/logs/1a978bc6ed0d56f783189f913f33c7837261e6a7c34c48a976335b78f10b5ea2.generate.log
example-unexpected-property	3155c65971a8e4652a408e0bc4dfb937b395f490e738635dbbaba0671e1165b0	storecove	1	0	docs/openapi-surface/fern-refusals/logs/3155c65971a8e4652a408e0bc4dfb937b395f490e738635dbbaba0671e1165b0.generate.log
example-unexpected-property	96f5cc3da3c7e7b85f4894615ff666f6581f7e948c927b3641afe487efa73b03	minhlucvan	1	0	docs/openapi-surface/fern-refusals/logs/96f5cc3da3c7e7b85f4894615ff666f6581f7e948c927b3641afe487efa73b03.generate.log
extension-reference-cycle	92363b86025d012852f648554372bf5fa6146af1472fb63f3c29d7c5fe6bd19a	stripe	0	35	docs/openapi-surface/fern-refusals/logs/92363b86025d012852f648554372bf5fa6146af1472fb63f3c29d7c5fe6bd19a.generate.log
generated-file-name-too-long	905d87c6b9f10eecc25fabcbd3dae791b0c8e717ff3ed75f5fa3ef4cdc8b81e4	danimnunes	1	0	docs/openapi-surface/fern-refusals/logs/905d87c6b9f10eecc25fabcbd3dae791b0c8e717ff3ed75f5fa3ef4cdc8b81e4.generate.log
generator-lint-failure	266d68e1e6f7bce1b1416a776da476839bb4efef993414f75d68d0635395473b	codesearch.debian	1	0	docs/openapi-surface/fern-refusals/logs/266d68e1e6f7bce1b1416a776da476839bb4efef993414f75d68d0635395473b.generate.log
generator-lint-failure	2b47eb13f01879c5eee7a86a2483d943a97beb502317eabc85d51f4ab81ff6fd	eclipse-tractusx	1	0	docs/openapi-surface/fern-refusals/logs/2b47eb13f01879c5eee7a86a2483d943a97beb502317eabc85d51f4ab81ff6fd.generate.log
generator-lint-failure	ac335929821510f9a9530535e3084f365f654674f9fd687cd6f70702ea1d90db	shibaevv	1	0	docs/openapi-surface/fern-refusals/logs/ac335929821510f9a9530535e3084f365f654674f9fd687cd6f70702ea1d90db.generate.log
generator-missing-type	1542bad104f5ca9f559e34400a9206fdb672a98f5a7a9e6ae01f1a3c81655888	ben-ic	1	0	docs/openapi-surface/fern-refusals/logs/1542bad104f5ca9f559e34400a9206fdb672a98f5a7a9e6ae01f1a3c81655888.generate.log
head-request-body	6ff73ac9a6bd3ebd71caf88c918e6b68e4a337e8c95d3c93d60234bf0943569f	formancehq	1	0	docs/openapi-surface/fern-refusals/logs/6ff73ac9a6bd3ebd71caf88c918e6b68e4a337e8c95d3c93d60234bf0943569f.generate.log
heap-exhausted	0117d8bf597b8d795a9db545faded552db868006d48f398a12f07563506a3693	jakemannix	1	0	docs/openapi-surface/fern-refusals/logs/0117d8bf597b8d795a9db545faded552db868006d48f398a12f07563506a3693.generate.log
heap-exhausted	94e583d7f5868949fe8bfd835e902928733f9d05fc5983c7fcf86298c93ee1ee	wiremock	1	0	docs/openapi-surface/fern-refusals/logs/94e583d7f5868949fe8bfd835e902928733f9d05fc5983c7fcf86298c93ee1ee.generate.log
list-default-not-array	1c1156cfd31816c502a507ef632e8f1f0c5254707c5bc7386f31942c1d4898e9	4dem.it	1	0	docs/openapi-surface/fern-refusals/logs/1c1156cfd31816c502a507ef632e8f1f0c5254707c5bc7386f31942c1d4898e9.generate.log
list-default-not-array	b8a3425257222511aa6b955b982cf481dad1b77f03614ea3b768b6aa2a770b31	cloudflare	1	0	docs/openapi-surface/fern-refusals/logs/b8a3425257222511aa6b955b982cf481dad1b77f03614ea3b768b6aa2a770b31.generate.log
missing-discriminant-property	6d3c5e51c1e07da9ca01d0b5cc9e6508b61733280c451f2801831c2ba347ce33	opastorello	1	0	docs/openapi-surface/fern-refusals/logs/6d3c5e51c1e07da9ca01d0b5cc9e6508b61733280c451f2801831c2ba347ce33.generate.log
missing-discriminant-property	85867d23ebba2e0fd420b67ee9b279ba83d7fd03a18fec88afa0ea0d7f116408	atlassian	1	0	docs/openapi-surface/fern-refusals/logs/85867d23ebba2e0fd420b67ee9b279ba83d7fd03a18fec88afa0ea0d7f116408.generate.log
missing-discriminant-property	b8a3425257222511aa6b955b982cf481dad1b77f03614ea3b768b6aa2a770b31	cloudflare	1	0	docs/openapi-surface/fern-refusals/logs/b8a3425257222511aa6b955b982cf481dad1b77f03614ea3b768b6aa2a770b31.generate.log
named-type-default	484ce65d9eac8317114746033498932dca5df57c7c6a449d9ed0f1009972fa89	intercom	1	0	docs/openapi-surface/fern-refusals/logs/484ce65d9eac8317114746033498932dca5df57c7c6a449d9ed0f1009972fa89.generate.log
object-extends-non-object	6be4f956626198dc118125cc87e7c26a988c1ea302f706239d4905880d725d09	ogomaemmanuel	1	0	docs/openapi-surface/fern-refusals/logs/6be4f956626198dc118125cc87e7c26a988c1ea302f706239d4905880d725d09.generate.log
object-extends-non-object	9d44002caecdf58578419ca021ba1eddaa8f1746033f9de96b94abbfb7d88bee	api-evangelist	1	0	docs/openapi-surface/fern-refusals/logs/9d44002caecdf58578419ca021ba1eddaa8f1746033f9de96b94abbfb7d88bee.generate.log
object-extends-non-object	a4a4068ff79230d86d7a3261afac0e7407a87b593b91ba4fd04bc6c8a3745d8e	crescat-io	1	0	docs/openapi-surface/fern-refusals/logs/a4a4068ff79230d86d7a3261afac0e7407a87b593b91ba4fd04bc6c8a3745d8e.generate.log
object-property-name-collision	1bf315cf37b400e6a7e05f1470b8225fc09708724ae28c142eb28d2a7b2744fc	paypal	1	0	docs/openapi-surface/fern-refusals/logs/1bf315cf37b400e6a7e05f1470b8225fc09708724ae28c142eb28d2a7b2744fc.generate.log
object-property-name-collision	94f7d515a1758c5ddf77dd591124573df2327d1d3412d1936b27ffaa1c7dd88b	atacan	1	0	docs/openapi-surface/fern-refusals/logs/94f7d515a1758c5ddf77dd591124573df2327d1d3412d1936b27ffaa1c7dd88b.generate.log
object-property-name-collision	e9b761006bb5c9a95fdcad50fc33d11f396b3f0298d3bce4e1d78dbe7fbfe921	rust-codegen-group	1	0	docs/openapi-surface/fern-refusals/logs/e9b761006bb5c9a95fdcad50fc33d11f396b3f0298d3bce4e1d78dbe7fbfe921.generate.log
path-parameter-unreferenced	5c3b751b63e6a0adabb185b974e141f1b06127934fa0bf05fc505676024db32b	nfe	1	0	docs/openapi-surface/fern-refusals/logs/5c3b751b63e6a0adabb185b974e141f1b06127934fa0bf05fc505676024db32b.generate.log
path-parameter-unreferenced	a847fea4fa90d8220d25ed168b94df5906b75918be13263696311cda5184cea4	geoserver	1	0	docs/openapi-surface/fern-refusals/logs/a847fea4fa90d8220d25ed168b94df5906b75918be13263696311cda5184cea4.generate.log
path-parameter-unreferenced	e58c5f8c5062a46f30b5f43dd1a98e803ad3e889def65c633fd017f17271c29f	gk0wk	1	0	docs/openapi-surface/fern-refusals/logs/e58c5f8c5062a46f30b5f43dd1a98e803ad3e889def65c633fd017f17271c29f.generate.log
path-without-leading-slash	6cfc658fe510e051684d34217dfa4fc0745e19097440a3337cd08fea5b10a90e	aki-lua87	1	0	docs/openapi-surface/fern-refusals/logs/6cfc658fe510e051684d34217dfa4fc0745e19097440a3337cd08fea5b10a90e.generate.log
path-without-leading-slash	9011564a3c24f226ccaa7e4efbca3599ca6c89c1acbba99d58efbb29c03065d9	beds24	1	0	docs/openapi-surface/fern-refusals/logs/9011564a3c24f226ccaa7e4efbca3599ca6c89c1acbba99d58efbb29c03065d9.generate.log
path-without-leading-slash	96f5cc3da3c7e7b85f4894615ff666f6581f7e948c927b3641afe487efa73b03	minhlucvan	1	0	docs/openapi-surface/fern-refusals/logs/96f5cc3da3c7e7b85f4894615ff666f6581f7e948c927b3641afe487efa73b03.generate.log
request-property-camelcase-collision	043afe0dc9212eb5512743fbcf4d56ac72f5f6bb79663d509a370b599cb157c0	amazonaws	1	0	docs/openapi-surface/fern-refusals/logs/043afe0dc9212eb5512743fbcf4d56ac72f5f6bb79663d509a370b599cb157c0.generate.log
request-property-camelcase-collision	3e6a7110aa83d452089845e0ae696723318e3030308cdaae80acf4c7548b3f0c	api-evangelist	1	0	docs/openapi-surface/fern-refusals/logs/3e6a7110aa83d452089845e0ae696723318e3030308cdaae80acf4c7548b3f0c.generate.log
request-property-camelcase-collision	c55ba70dc12ed5080afe72f95870aae0c6d739d29b1f10e77b2f0b8ec4c91297	ziptax	1	0	docs/openapi-surface/fern-refusals/logs/c55ba70dc12ed5080afe72f95870aae0c6d739d29b1f10e77b2f0b8ec4c91297.generate.log
request-property-name-collision	267006afa5476488ee5d0075c3bcc207977d428e7fd1e07caab634c119ccdcd6	gumlet	1	0	docs/openapi-surface/fern-refusals/logs/267006afa5476488ee5d0075c3bcc207977d428e7fd1e07caab634c119ccdcd6.generate.log
request-property-name-collision	74ff1c45451650d7c723802727cea799f18174e9e72291777a5b81f013c678a4	fern-api	1	0	docs/openapi-surface/fern-refusals/logs/74ff1c45451650d7c723802727cea799f18174e9e72291777a5b81f013c678a4.generate.log
request-property-name-collision	fea6355d1cf042195b94db5e80b0dacb2a0d8b94e2fb0298c04ea68ca0afbcec	shoppaab	1	0	docs/openapi-surface/fern-refusals/logs/fea6355d1cf042195b94db5e80b0dacb2a0d8b94e2fb0298c04ea68ca0afbcec.generate.log
sdk-method-collision	d0208b3d35ab47ace5d0b7ea458abc826154adf640a9be9934991f1ec7932f27	cloudflare	1	0	docs/openapi-surface/fern-refusals/logs/d0208b3d35ab47ace5d0b7ea458abc826154adf640a9be9934991f1ec7932f27.generate.log
service-auth-undefined	3e0c413424c67c2b58e385e6a6dbbffddcefbbf811b2e28003e7a0926f60d600	watchtrace	1	0	docs/openapi-surface/fern-refusals/logs/3e0c413424c67c2b58e385e6a6dbbffddcefbbf811b2e28003e7a0926f60d600.generate.log
service-auth-undefined	6a31effe5120f62322e945c3c72e73d894f0be4a8dc9172f1d070cd80c2bbf8e	nnworkspace	1	0	docs/openapi-surface/fern-refusals/logs/6a31effe5120f62322e945c3c72e73d894f0be4a8dc9172f1d070cd80c2bbf8e.generate.log
service-auth-undefined	e1e8be7f38ba54ee295c527f0040e7a4e42f704081f1e2c40bed5adf2ad8894f	benboakye	1	0	docs/openapi-surface/fern-refusals/logs/e1e8be7f38ba54ee295c527f0040e7a4e42f704081f1e2c40bed5adf2ad8894f.generate.log
type-name-collision	31ca4d028236d898027be5f24107690381c8a59500e32997a236e1e4f96c0c54	openrouter	1	0	docs/openapi-surface/fern-refusals/logs/31ca4d028236d898027be5f24107690381c8a59500e32997a236e1e4f96c0c54.generate.log
type-name-collision	4ce2c6eafa40cc6e3d40c1b2534cb95fd0d8511902a7cdb00a8c4847b239510d	asana	1	0	docs/openapi-surface/fern-refusals/logs/4ce2c6eafa40cc6e3d40c1b2534cb95fd0d8511902a7cdb00a8c4847b239510d.generate.log
type-name-collision	5d331361f37ae9aa5c3184c8033a37158ea686373c7ec67b79ccdf68aae12114	provoly	1	0	docs/openapi-surface/fern-refusals/logs/5d331361f37ae9aa5c3184c8033a37158ea686373c7ec67b79ccdf68aae12114.generate.log
type-name-not-letter-led	2708ffbb889404d788cffc6da58c1b283f7e1a301931136806c432b40afab6ab	sap	1	0	docs/openapi-surface/fern-refusals/logs/2708ffbb889404d788cffc6da58c1b283f7e1a301931136806c432b40afab6ab.generate.log
type-name-not-letter-led	352162ff8ff8c94c0ae599b3e982a4a9fd12e9e43444eecd709ad13ba14b63f0	breydensummers	1	0	docs/openapi-surface/fern-refusals/logs/352162ff8ff8c94c0ae599b3e982a4a9fd12e9e43444eecd709ad13ba14b63f0.generate.log
type-name-not-letter-led	8bd2cb9c4f87dc9277bd6da65dfe559a8a13e1e19610b52ff6df970518503f1f	codatio	1	0	docs/openapi-surface/fern-refusals/logs/8bd2cb9c4f87dc9277bd6da65dfe559a8a13e1e19610b52ff6df970518503f1f.generate.log
type-not-defined	0b075e70eab691389aff5ac133deb2a60e6c01aefcb951d3db0dca059f95ae2f	opengeospatial	1	0	docs/openapi-surface/fern-refusals/logs/0b075e70eab691389aff5ac133deb2a60e6c01aefcb951d3db0dca059f95ae2f.generate.log
type-not-defined	0be5339e81cf50bc81d3ed8ee6ba3c827a686e40309c0e4972ead3601709905f	ronasit	1	0	docs/openapi-surface/fern-refusals/logs/0be5339e81cf50bc81d3ed8ee6ba3c827a686e40309c0e4972ead3601709905f.generate.log
type-not-defined	5d331361f37ae9aa5c3184c8033a37158ea686373c7ec67b79ccdf68aae12114	provoly	1	0	docs/openapi-surface/fern-refusals/logs/5d331361f37ae9aa5c3184c8033a37158ea686373c7ec67b79ccdf68aae12114.generate.log
undefined-component-reference	cdf32573a9a65a8ed9007c222224b1b07b382365d44fe1764566ee0b776bca17	paychex	0	35	docs/openapi-surface/fern-refusals/logs/cdf32573a9a65a8ed9007c222224b1b07b382365d44fe1764566ee0b776bca17.generate.log
undefined-component-reference	f368e886888436f308b9adb3ecd198c0e47f098db700ace8e646155d70582608	jumpseller	0	35	docs/openapi-surface/fern-refusals/logs/f368e886888436f308b9adb3ecd198c0e47f098db700ace8e646155d70582608.generate.log
unresolved-reference	08c079da8b9be7ee9765f5d69c3b3bdee9e0fbc133e334e35334172238735233	getkin	0	35	docs/openapi-surface/fern-refusals/logs/08c079da8b9be7ee9765f5d69c3b3bdee9e0fbc133e334e35334172238735233.generate.log
unresolved-reference	3b4572d4120a5b6e09b15e8b99304771ac658acdf619b24ddbc2f582f41583a9	apache	0	35	docs/openapi-surface/fern-refusals/logs/3b4572d4120a5b6e09b15e8b99304771ac658acdf619b24ddbc2f582f41583a9.generate.log
unresolved-reference	4efa619949b21cfc821f72bdd323752c3e3517aa96c942a582614c1fd24e0bea	speakeasy-api	0	35	docs/openapi-surface/fern-refusals/logs/4efa619949b21cfc821f72bdd323752c3e3517aa96c942a582614c1fd24e0bea.generate.log
unresolved-schema-reference	01c4f9b4d87421faa2cb1fbb053bf6d1ac53cb8f02aeace1c8180320a415120e	jithendranara	0	35	docs/openapi-surface/fern-refusals/logs/01c4f9b4d87421faa2cb1fbb053bf6d1ac53cb8f02aeace1c8180320a415120e.generate.log
unresolved-schema-reference	f669e8c3c34f2b73ba2d337451fcff6e3376b7322340ba7374b08c0ee6be367c	codatio	0	35	docs/openapi-surface/fern-refusals/logs/f669e8c3c34f2b73ba2d337451fcff6e3376b7322340ba7374b08c0ee6be367c.generate.log
unresolved-schema-reference	ffe0c71205dec68c801399259a33cf809efa396defe320f8d472aebb0e384fac	codat	0	35	docs/openapi-surface/fern-refusals/logs/ffe0c71205dec68c801399259a33cf809efa396defe320f8d472aebb0e384fac.generate.log
unsupported-openapi-version	09c1e43486779198574fe31b8bcabbd1c1f74beec7bf86245ae578061619838f	contextualwisdomlab	1	0	docs/openapi-surface/fern-refusals/logs/09c1e43486779198574fe31b8bcabbd1c1f74beec7bf86245ae578061619838f.generate.log
unsupported-openapi-version	0b1bdec6eedd86d139977fff23b88f87ad366f004c116567760ffdec4e1211c9	api-evangelist	1	0	docs/openapi-surface/fern-refusals/logs/0b1bdec6eedd86d139977fff23b88f87ad366f004c116567760ffdec4e1211c9.generate.log
unsupported-openapi-version	b9cc70551bb3a5b48ba3b592293d65d87beacc2379b21b0667804f65f3c8828a	sgrastar	1	0	docs/openapi-surface/fern-refusals/logs/b9cc70551bb3a5b48ba3b592293d65d87beacc2379b21b0667804f65f3c8828a.generate.log
