digest	bytes	crozier_exit	crozier_files	seconds	bound_seconds
00617efdc52923b664f5293b59d953b8d19af2154e02a9c038ec4df7077286ad	9267	0	54	0.5	2700
007fc39ac57873d75305243cee61e5d358c12b975bfbbee6ba0894126e820b0e	18238942	0	16500	379.0	2700
00b384e401c104e1f753821d922610b267ce35023ee715742f5baf50b9749296	69243078	0	14394	336.7	2700
00fe39e663d4ef2a1c36aa129df9d4c878104994f80e4b8ee4e1c68742f31c55	17512	0	67	0.7	2700
0108b8ec2599bc204d0c91818624d284de75a3764697b767134e7bb54fb04286	2963160	0	1387	22.8	2700
0109022564565a67857d84bd61ba8dd618ab71c09474786ed5e51d60c37168ab	614358	0	339	9.2	2700
0117d8bf597b8d795a9db545faded552db868006d48f398a12f07563506a3693	120709	0	840	18.5	2700
0132c446f0d994cf832cd47dc750d896d5aa5d3f0bacce648c920d3d1a149ce5	1769139	0	734	13.0	2700
01969b3c2bef074e79c834f645d05175691f98a2c0dc837f8d9d1c1e87acc1e0	568148	0	367	10.3	2700
01b7e365e7712efbfc988522faa54a412d60aa3b34bf50f008efc61dc348e6a4	178919	0	120	1.8	2700
01c4f9b4d87421faa2cb1fbb053bf6d1ac53cb8f02aeace1c8180320a415120e	14079	0	49	0.4	2700
02e57112021cfb268638d5eb9defc63cfdd7996c1712c340c499b592c08f9c05	993835	0	1603	21.7	2700
030ea7147732112a61c334641a730f40b83c90548cb30e9a70bef4476afb6fb7	2650724	0	3684	54.6	2700
03797d7241bd2b7129a5251297452c3189cba8d24948230cdf733ff693687832	973281	0	936	12.9	2700
0397707b5a6a0150469980e0db0d0c19b31a858a82d364ea9e004f7b86f61b8d	17308746	1	0	76.0	2700
0418e462c16e0d7c14db3cc22dc8440d0566e710a43788946926727374cd8eaa	12814715	0	7219	114.7	2700
043afe0dc9212eb5512743fbcf4d56ac72f5f6bb79663d509a370b599cb157c0	865073	1	0	4.4	2700
04404b68974bdfc914b4fc98d94f2f421170e94ab40bcfa8fd59a6849c2b68ef	731283	0	397	10.6	2700
04a40fecf26aa963955cc4fa2231e64ad97fed369cf73948a0e67be189f627e3	11320685	0	6294	155.8	2700
04da5a3c1c68b149b9feda12c59ec18b7d90af360856ee4a9e7b3b1158c2ac8b	709940	0	523	15.1	2700
05151ce56368cef679ebda65354ad1e2ddb60a5c6630b4983b1eecccace51c4c	4147022	0	1215	14.8	2700
051d558d847cba37244c4bab0ba96ef75e75c88c327a8fa23575d094d46535a5	8334	0	47	0.5	2700
05274561b18c20b41f3d9acb0c611fdadafc28aa62aa695ce506c030cf7dd391	13209	0	82	1.1	2700
05caa996d2b3ede73be9d0264a5ea9e3b316febd26cbfcce18b85abd716169b9	659843	0	355	9.6	2700
05f7fa886e550420856339c3db42c77648a2afe3d06041661aebe377abf59c61	6757304	0	8286	87.0	2700
06163dffa75f6bc1933c68f1aaeac70f3feb7cf69f509bd4c921052c92391e73	1676753	0	208	3.2	2700
068ff58bd948e908282523ec828397548d222253566efd35760f6079566e5062	9258887	0	23719	592.4	2700
074048fe12ed07ed40e24d6ff027c480745d1ffe51bd07e86e5d24491b5031e2	5708850	1	0	52.2	2700
08c079da8b9be7ee9765f5d69c3b3bdee9e0fbc133e334e35334172238735233	1341	1	0	0.1	2700
08f53f694a1ad1010857a2ec98c9233db74fcfdb950b884349a25c4c61df9146	8721528	0	6442	81.8	2700
097e2b8d87091dbe383e587faf892dfc31dc6bae12d05015781421c4ceb9ff7f	3164906	1	0	12.8	2700
09c1e43486779198574fe31b8bcabbd1c1f74beec7bf86245ae578061619838f	29503	0	70	0.9	2700
0b075e70eab691389aff5ac133deb2a60e6c01aefcb951d3db0dca059f95ae2f	142569	0	202	4.1	2700
0b1bdec6eedd86d139977fff23b88f87ad366f004c116567760ffdec4e1211c9	12507	0	59	0.6	2700
0b7034a8412244607b4adfc92d040b75ddcb93a71298303cde0dcab5152c96df	10730041	0	7678	123.2	2700
0be237916da7a00047c82366adfe6f8a0f7dd5cd4d9acdbdf6025cde383af86d	8504896	0	6294	79.4	2700
0be5339e81cf50bc81d3ed8ee6ba3c827a686e40309c0e4972ead3601709905f	1850	0	37	0.2	2700
0ca566c0edbc880973a40329cffece69fe4f87d4debfabd2eaf33e752b5ec0c2	3214195	1	0	22.7	2700
0d1c316a1cbd47629f6898cb52ba334832b1b15747db73d150195686aa5b3f06	1381109	0	918	16.6	2700
0d22a525c0c642d2b8dddf63325d59b78a678233d0155ce5f7423d820c1fcbbb	8898084	0	6624	113.7	2700
0d39a7b2db763cce8a2e75500ecc2327a1aada950516c4d60ec3599ee104e970	9933973	0	14608	462.3	2700
0d40594dfa58e9e30acd8b293b2beddf51dee524361047bead51d9ee876cdb29	10336051	0	5692	61.2	2700
0dc6d01c376003bf94ab20d9be89cf9d15364e2454dd9b3c16add6ec92739683	8828269	0	18011	358.3	2700
0de86eb372dcc714804d445b3326b76e787adf8777150dd8129f1d3499068057	71295650	0	14328	378.3	2700
0dec79f9688b959b53de8630f1fb9faf3cf7a61684b94519d32543bd85afcfe3	41710649	0	5730	88.9	2700
0e26ce407bf4c8d08444a1ab587b6722327f1ed707665f53ac4f90d50a4e57ec	2673951	0	3728	56.5	2700
0e29c9d6557824c5239978595abfb4b03cdcbe1c51031796ceb73bb3917e473b	9879963	0	14608	519.5	2700
0f8794edec1caf44761777f791b36388ec997f4220233a1a0166712e0d3b0a06	1780704	0	1437	22.7	2700
0f91f13845fc76d702273fecd126e9b6099848506db2f210863820ece747534e	964977	0	636	9.8	2700
0fecc098ba9097c085e2bcbb46fbf55e51b4032d5d23719ce49dff4197e8c610	4285	0	43	0.3	2700
112b5d9658df34218ea3c584e82ff8a1bfdfe13771826326cbfb7c60b237ba3e	94033	1	0	1.6	2700
120566bc0a941b6e75429cb792e58a41fdf27726df9c745e7b02e0f5db808b18	7759	0	41	0.2	2700
12704688834f5729410fa352c1d0a0d60627732a822eb7bc9c2534ee627a8532	10419	0	62	0.7	2700
1274a881fc2fb31db97439f0bff457d9e7f6f61e29083528785be3ee277cdd7d	23152	0	67	0.7	2700
127c5e6b7ded85d418127c28f223f91e125c44614f12c119857f33215d5129b1	11230216	0	6268	159.1	2700
129358af62b047bbb3d2f970976b616d8c54a17adca5b794e79bdc13663bca43	6947294	0	296	2.8	2700
1409a459eaaf9cc95b1c87dce2083d4b0c0ff0bd85459cc19fd0b2171b06d5bb	878986	0	623	9.2	2700
153aed0f0534081a8816aa8de7576db264a7dd3daf0b4e4a0e33dc15112d9cc0	9929931	0	28193	826.0	2700
1542bad104f5ca9f559e34400a9206fdb672a98f5a7a9e6ae01f1a3c81655888	717103	0	2547	58.6	2700
15db3fa0759b86138c21a21dafe4f796bf07665c13eca455e5a7b574fe6eb8a0	10444319	0	5921	83.8	2700
15f2413784eb907bbcdeea5b22e75e93138768001caca35d9e8bb102b33eca9e	7829080	0	5877	77.2	2700
15fc8a4cae47ef42d1053a49806a266878c1451c827ec926348df92790f70b6d	8402940	0	12990	192.1	2700
16b15fadc41580f462107c3ca5c208b3981f82b2a42a4de43cbcfe44ddf4b734	8892511	0	6542	117.6	2700
16c47996d0417add91e832e650398a725e35a5e65c69ae7a866b3c5987507025	8099550	0	5974	80.9	2700
1708b076bc0e0791212c6018f996be0d2ec8784df65bafa8176f8094d9a05587	80326866	0	28042	874.7	2700
186c49ecfc1bd70ef2195208c94a761b158739f1c714bb913d84b7b9e9d7b35f	314356	0	182	4.1	2700
19128c08ad0c929352322de367e74832caab6f682ca97a31255b7a877f32b583	944300	0	355	6.2	2700
197a47f9b7a74f436bd2e949a4c8005420998e414f2e77e5c1e8b28740e31fef	23089	0	71	0.9	2700
19b69c695ecea7f5a0939515736e179a8528079a552349338f84746ff14abaec	2813595	0	3965	65.2	2700
1a978bc6ed0d56f783189f913f33c7837261e6a7c34c48a976335b78f10b5ea2	43263	0	61	0.8	2700
1b2c8f8c50d6e565b3823e85791c2548fa1347c2dfc65accd5542d2ef6986fe9	8836858	0	6062	114.7	2700
1b68b2c1dca8dccc69ff0755f890ca44bbc4ea30b75eb676d625d69eb37bbe15	9162354	0	11557	271.3	2700
1bb89502cbfbe80adeac7c4b212a569aaa779dbbb04590112df77dcaec4ca5ec	73621	0	81	1.2	2700
1be6aa4678302d32af5372e4aa9b66f35ca13b177f73d33121ba707c857011b7	160136	0	183	3.6	2700
1bf315cf37b400e6a7e05f1470b8225fc09708724ae28c142eb28d2a7b2744fc	185998	0	341	7.5	2700
1c0e05f401ff1fd67ca1b5282e066cd8f230197802a67f123e5b16c877c7c312	170654	0	217	4.0	2700
1c1156cfd31816c502a507ef632e8f1f0c5254707c5bc7386f31942c1d4898e9	390229	0	434	10.6	2700
1c2505a8e6f1027fb087a793027997e23f1a1bbd3091f2965ac5333753f9ae35	456523	0	367	11.1	2700
1c2ecfa01231e4c865647ad1e4072d2246d137e615ada83ed348e7cbd7c1637c	8919173	0	18323	379.8	2700
1cb2d8037e558318a71033d6256e490cc27c385d29771d5979eb39c57ded1e15	3370523	1	0	82.2	2700
1d2b559f3b1cfae709c645f2924cd1b9881328a32722f80af6e09f1512e56238	6947643	0	295	2.8	2700
1d75a915d06d756bb5e11356fd6ed01495f80affa87a31698c7117d658a3607d	12554009	0	13281	211.4	2700
1e7f9fef8a3d5b006723b25273fd5c77666d141e5481961f5679f78b778c9d3e	11806582	0	6560	118.5	2700
1e8be5b81d1f728e4f11cf8cf346d088dde38ddaa3438ec912f64d356751056f	2963166	0	1387	20.7	2700
1f841b8b2d1262b18d23bf1a29f1397eeb43a4ede88e61bf4e619746fbf6907f	180243	0	128	2.1	2700
1fd248f7d0a0f4eeadcf7a7e96ff5fdb127bdd19514256b2006e54524d319d29	419102	0	396	11.0	2700
1fdcc1825d44df04c3ebfe042c0ea7c63eb4f92dea5ce6778ddbe9d087bf201c	390229	0	434	11.4	2700
20813680c5fad9bab6e5d7653701201efcbd5c5e498a3a6cee0bea5bd4632c48	7601538	0	5430	100.4	2700
209ef4eef1adc0967e63706942a3f475f49b4297237a84efb876547913233634	3440347	1	0	75.6	2700
21d41189c4618259114f2fbb5c5890a59efa2a16970108379c11dd1fe7397290	5030162	0	296	3.5	2700
21f5afca3b50bac452255ffe1a2f1c2abbf4bc13baee4c6e8cd29d2ad3b73a69	14066899	0	7603	150.7	2700
22054e14554c644685a2d41d281be9901f8e6f5d44621c06da6a0d87fe55098b	23583	0	72	0.8	2700
2240627eb1a4c3dd6c70fffd5ed527ec02766ddc17f0f05b643a2fccdcd96592	24331	0	80	1.1	2700
227f72034710447901cc7f113417f1f8abd517b3ca8d0d043bca92469228fa48	2607400	1	0	12.9	2700
22bedc72840b52f47fb34fe3c2216144542faf7d4df380585b7ca1134a333fd6	27929	0	83	1.1	2700
22dbd11586e66143988a70d2e9d9afd78f03fbcad83282384e81aecedab83ae7	656943	0	273	6.4	2700
22e419fee0cb2483e7047cdb14f6feb135973fca913c4d1689b9739999931e05	93223	0	88	1.3	2700
22f14b302018b8b34ca427ef2ffadc91fba099626c1033cd880604d868cf3d5b	3012991	1	0	13.2	2700
2334dc5e853dfaeabcb34ff46bf6455935dae91c5ec6e1b4532adf27bbddae93	152060	0	219	4.8	2700
23ddb4389ed7d03878092d8ec69265af28fa96a7e5a2f1326e6af4b8cb751c4d	10780782	0	14119	367.1	2700
243c6d3df2a652acfe301efdadca63420dbc49ed420b6a8d6450b1c1ef805386	743316	0	404	7.1	2700
24c7271d6b0f5cc6275eeb8b3df4414723e8982176e15ed4ddb87e446a4cfac3	40367	0	73	1.1	2700
24e77c5f77ce06316e147fc300a05c69014838a167529fd054a801daad568c16	82697191	0	28688	695.0	2700
25c97d8d735203e4d9279e3c7c48ab33730e52555fd7e80a3b777a5a02b6e1bb	170049	0	217	4.1	2700
25f2bbfc56da39f1995275dc4eb4ac3628d9883a262eb1f87d0d8dec59787c5d	9050025	0	11254	274.1	2700
260f6a7ef323e089933ad3211808087ba23a759c262a0d419ff6f9ac6e194f53	478707	1	0	18.1	2700
266d68e1e6f7bce1b1416a776da476839bb4efef993414f75d68d0635395473b	7335	0	48	0.5	2700
267006afa5476488ee5d0075c3bcc207977d428e7fd1e07caab634c119ccdcd6	586876	0	345	9.3	2700
26a0a38f31ae4f672b4a05d8ad69a5d3f494536b679cb60ac2ab6962583b0437	23530	0	74	0.9	2700
26def5529c3a6c90e6cbaf02a8dda5b973fec2fa179720a9c02800a46a0fa3c8	11927618	0	6528	100.0	2700
26eb4ab8e042e8b66e7a01919b9477e423a62f9a660e5f7171222695b05a7b77	1550667	0	1487	25.0	2700
2708ffbb889404d788cffc6da58c1b283f7e1a301931136806c432b40afab6ab	28017	0	82	1.1	2700
276bd34744f733148ff1a88e0ed849e45fea2617e1520f10cbd5ec7bedcdf6c6	8851408	0	6542	111.6	2700
27e0ba1fd625df00464cd3f9569681baa735fb153f335d3b2a3c06aae08a5e39	585252	0	394	9.6	2700
2808fa13423d0ff364b82c9eeaa8d534b98495c32893dc0e2d3e2987ceaf4daf	8965645	0	18581	393.9	2700
294b81d07a72aff0d43946448d0cac471827b435e54cc658052471f905d7d447	16619514	0	15300	254.7	2700
297ff17790a59eebb3336ee1af96f5c6eb4fea6b47a6587773d322262a5e0399	2218570	0	779	10.7	2700
298e026dc4d6a93d490277b757e84b26eecf7fde290ff99606eef811f439ff34	10654004	0	5963	87.5	2700
29adc94c7032187cbb0d2cfb1972a3d49e5118109038d5ad19f12f6c9649d69c	19680111	0	5807	105.9	2700
29de5d594aae0580a4fc4c58021c847bf32401f0638335e57fe0a53dc822f5c6	568128	0	367	10.4	2700
2a08d2a6f3e06f4758a26b552da1f6e6cb307f0f80a6a72d07d1c460ee26fec1	58657847	0	11254	226.4	2700
2a57de33f9e4bf3a3ae49aa5314968c68b369d1f9a972b22b8cda17defb84c2b	8513719	0	6349	80.2	2700
2a6a97fda98d9763fb2e2615cbdf0f1e1ef428d68194d600c44218935250c50a	8868221	0	7872	170.1	2700
2b47eb13f01879c5eee7a86a2483d943a97beb502317eabc85d51f4ab81ff6fd	18837	1	0	0.3	2700
2bc90129f04b9ba5f8f39cc48d1eb7843dac95b8d2ba21a1a3c2a549c4397995	3016029	1	0	13.0	2700
2c08e583ed4b1644fcfe3d66e1d1eba2bf8e98ca1691ef9463cf1efb64fc663a	42611	0	93	1.5	2700
2c31317cdff103e4495b5b3501004d9ddc0af61f43b0ab819e2db392eef008f6	4518735	0	12069	129.6	2700
2c4f049845d2f2a1cf1e390489f2dca94110d03a09d9890f97c966e08d3b166f	84148329	0	28433	634.8	2700
2ca9760c449c65e5c2d2811cb40bb6d5f4efb560c4cf85a2b376f0c615e924ee	10742725	0	5931	115.3	2700
2e0ce56f026b1862dd772061c839a2c8ca9cc3e180f8bb22d7694b8ba214d203	6409430	0	10508	116.5	2700
2e3286f3a46761cf6ae94e9ff004f3af4db357cd4ca47f98872a8c42c1c28ec7	949531	0	359	5.9	2700
2e3a863e1ca2ff87e83924e32e189c98ecade268014e221214b9acc5b248209e	8071441	0	5914	79.8	2700
2e49fdc63bcf90614020270c9648b47cb634aad678ac045ba75cef775da8f6d1	18385	0	84	1.1	2700
2ef0c14ad62e3f4a93558480dab62f23a221121abd471f418ba8bcc7ab820a66	29835	0	67	0.9	2700
2fe9feb9407e12dc3d27d4bcc424a9ff252b06c162bd34bc11dbfdc9c46d184b	11593289	0	6387	150.7	2700
3010df422b4b6c91c3669465f61e3c5df7b988a6068f499257e84174a4310b8e	207148	0	151	3.7	2700
30d6b97a001c58c41ac0ed560cbbc192b346d210134d0d6664bfd3320e8901e2	3284161	0	1215	32.8	2700
3155c65971a8e4652a408e0bc4dfb937b395f490e738635dbbaba0671e1165b0	271637	0	232	7.0	2700
31ca4d028236d898027be5f24107690381c8a59500e32997a236e1e4f96c0c54	995735	0	1382	18.7	2700
3202bdffc4107744898be65c24113fc39bc5f45a6bd034891292e2e76da51bf1	15621	0	51	0.4	2700
32a66bcc1bd3da2c457b0ed9eeba0de86700d75fb4b0c3ff2224489812535000	348926	0	191	3.2	2700
32c60213905f3d43ff717d6677bc66b14885632cdf56ea2c943132deec7a1013	427112	0	110	2.8	2700
32f21d155b0f871785e8aaae395cdaeb3e7470e48eefef66f17c7b4650cc3e68	14925133	0	3684	54.5	2700
3333d8a214eb692eb328932a3b737673bba75c910db980a152a901129d8267ca	727211	0	395	10.7	2700
3377596cb90bfe9362f0662f43046b19cf27d56935055f3f80fd193741af4671	3797615	1	0	38.3	2700
33795544a6af154fadbc5a0ebedaed91b03b99cdf9a4d21eccdce019ec0e0a56	797857	0	456	8.8	2700
33d4b4fbae900706da607d727bb961297e4289ca520f15faae20c40ce73baeaf	20038390	1	0	91.7	2700
340d38b93e3fabc6cc0b22411c683040ebcd8382a139e41d7e898b8f9243e8b9	10978759	0	28688	888.1	2700
34a6abbb705782354a705b14b5d49bdc7f1e0c0a7b5ed79a50997ca1444bbd86	3310406	1	0	22.1	2700
352162ff8ff8c94c0ae599b3e982a4a9fd12e9e43444eecd709ad13ba14b63f0	92687	1	0	0.0	2700
356f84814afca27a3b0a569645fc486e5de1fb755ddaee4d78360c385475e745	145409	1	0	0.0	2700
35709d7c45eb13aa0e75fa3bc43dded6f82007d9c6e7f7f1da888dcebcb7af6d	2407753	0	1587	19.3	2700
35dee474881193d15d6177e5b8f9de52aefefa12e43044d491ab555d4445f6b9	1007915	0	513	6.4	2700
363628991adadb42c116b3ac80fac5200dd794d0fccd0077d26622c3b210ce9a	47964	1	0	0.0	2700
3682b0e391e8d6542b595580d8c08e44d2a7711446d25a1406899182a147e5a8	170654	0	217	4.1	2700
36e472e77894bd5ac0845269df8cd8b30d3182950ff7145f8370d1e7ac398e2b	10021697	0	28433	625.1	2700
38b1209900e52de20213b0f486937f022f51b9ed814ae19bbdf661e89454a1b7	18238953	0	16500	384.5	2700
3942bf6c31c3f3f93b232d3c49762d7ed63a540def2e9b394b8f29ca46fd83e1	22746	1	0	0.0	2700
39a2940cecdbcad8fcc32170d1e4699800ab694b4068c967549a06cfaf4dbca6	9824899	0	7170	191.3	2700
39b050cd01b698764927dd4a0d0f74a341205e7538cce1ecae4cf12ee3caaa6e	400476	0	277	6.7	2700
39c9403f11d4aab12e166a75afe98136dd9584f08d6b7f12f9c527dd4c76632a	10723670	0	7616	114.5	2700
3a810b6f9c6655587a8492aa9c6216f43bf22b7d666eee2707b1fc2ff8c86f65	615092	0	225	5.6	2700
3aa189e36fa51897fe27a44acf5b8c1f6c3876c98a1a81c284114f4890536c6f	7317761	0	931	9.9	2700
3b4572d4120a5b6e09b15e8b99304771ac658acdf619b24ddbc2f582f41583a9	2568	0	36	0.1	2700
3b8b09d0daeea2c148db7222f09cc63b127e2b70705d6f9e9f4e56b0efad10a0	210207	0	98	2.5	2700
3bc2fd03a250eb9b0ece77a274bf59f47996a2b3af675b7c6b6cdab5e9f3f458	101840	1	0	0.0	2700
3bc744fe593fa3fc4d75c3fe8176ce4c316e24dd98c512e46e75093594df52b5	2907560	1	0	14.0	2700
3c1ad78e6d66d532d5e23044fb2696c38f1d9cb6a15021a02b778b076e9f5f1a	200538	0	200	4.1	2700
3d26127ff09149272022c7019c391bcf8e2be90bf90a1c62f5ddcd7bcb61145e	11032315	0	6175	128.5	2700
3d9ee1173fc844a8195aa3a90feb5d24a5717546bcbb0fcac8baa21dc9635387	9770612	0	27419	1013.4	2700
3da0ab75accad092b87ca9faa41fd65f0aa576ad32019e1a79d1f8fb6fe2a545	126227	0	87	1.2	2700
3def06be33a53e25106218d9a184ffa6a4cda95e351f53771cc710d1530f51bc	76951047	0	26606	802.2	2700
3e0c413424c67c2b58e385e6a6dbbffddcefbbf811b2e28003e7a0926f60d600	4460	0	46	0.4	2700
3e19bfccec1c8260f74e52e4e5904a1a936c098f7ebdbf0d9ab14f4e9d4540f8	40996	0	86	1.3	2700
3e6a7110aa83d452089845e0ae696723318e3030308cdaae80acf4c7548b3f0c	76423	0	126	2.1	2700
3f6458cb68fab91577b55c6837904ea8f827e73af826ac90f37f5bb51d456171	39341	0	104	1.8	2700
3fb3766cf55925534aeea92928b9813d9dd32cecb2c268f246dc4f3deedb825d	8828684	0	6588	110.1	2700
3fccd84dc5913832799ab2f887bc0b987409773ffe5d0b02e01d7ce276d2b5cc	46799801	0	7872	122.6	2700
3fd9bd08dbf543bedd2785a59c03184450a29be573351fa189a4345d1c539b54	734179	0	398	7.6	2700
4033d3bb4df0ecc0326c7e67f725860d54c027afb3e722c37ae03c4e75918920	10037279	0	5470	71.6	2700
40a6a41ab591a5bb9a9239c833853230aa7f68331af388910d8cdfba03c520f3	181577	0	150	2.8	2700
415d58412cb092d6802a2f0ca335805fb8a7880394a8db2e986566e4a54c01d9	34663	0	107	1.6	2700
417d78aa6c0c5a72245b6e80ce2095c7cbf802b2502dd5bcb80fe17663b13886	2924255	1	0	16.1	2700
41b714fddcdbe9574c33ea88e0541bed11c125d107b832445c41bb0840d1b8da	792779	0	451	8.4	2700
41c7d4eaa24e4849ca886c665473cf0e8d2f60cf029b71bc90b53415879b49bd	12973855	0	7170	111.0	2700
41cf70aa76169697cf1a27b048c5dbaecee22a2abcc53b423942072109302bf2	2252937	0	872	9.6	2700
41e205b60876d7b3278434ffa6ead5c1aeda5ab9f143fca68bc878a1858d01c2	20862045	1	0	89.9	2700
42a0822af3e27607ff05836ffdae0523130572082a6fca6ddf5680018c6cd2ed	109932	0	151	2.5	2700
4301139fb04ec9483628f2be862e21cea3f6ed8ab7faa79294b923aa24f23a34	3082332	1	0	12.9	2700
432e0f7e233b3f8e3cc824320e1df559620de1562966059dd339a2675e0c41b6	9968067	0	28433	714.0	2700
4340f644f98b786251d5a8bba8d0bbd15061e1becc511618b5b081f09a8d1c62	7360801	0	1709	18.4	2700
43a298485c868ee27ecab465ce000489d2146481635055b28aac73381697d23d	65970607	0	13245	262.8	2700
442836483eb1ece5227bda948df89d0bfe8a5662680e22ad2eb51a5d652c4fb7	70290021	0	14468	320.7	2700
449cac48efad1a63037dcf365d3b7671ce60a5c491fb032f0fbc9c5388dcf6fd	776367	0	518	11.5	2700
44bd9891390469d3b79438edde856dd40047bd7464e9b92cc14a568edfbba7ef	10354	0	49	0.4	2700
44dbe945e33d84d1910d244abeeaae3270ab672a08124cd9b7c1ef91cb4bb991	2976232	1	0	34.9	2700
45ba9e6af89bba87a92362d3aa17b4426bbd0059763b15c4469b232f7378a985	943120	0	354	5.4	2700
461b26aeed580c0875814193f30e3eb486e48d6dcc5b2980f4c972dba8f5ff54	48666112	0	15732	244.8	2700
466fca4656e34f42d07e87026be098f90903612576aecc2f823989b45b2a73e3	882438	0	423	6.7	2700
476b2076678fcda90d9fb3e6ec7eeed53372dc656cd35b0a7d57dac6bd3ea6e5	126803	0	87	1.3	2700
484ce65d9eac8317114746033498932dca5df57c7c6a449d9ed0f1009972fa89	620874	0	409	11.0	2700
486e3419ce0b0e9f83391ed4acc65796c07efb0470b96ed1bd2fe7699e274078	147421	0	120	1.9	2700
48e97fd60e25cd0e87db348065581d3f0558c43370635bb33f927f629f86a5c1	8614650	0	6781	102.6	2700
4913506ce25109470ff8ec7ad7d77354a21791b1fb14408e99acb990edce1b44	1764120	0	1291	24.1	2700
493617d97ae47353f97c1f4e72bde26f3f2d966f6386a1be2cd72040e3ce138b	88436300	0	31692	798.2	2700
4965b7388bebd95c137fe131886aeba91db0dd8561ea4b885df8e53511f146af	9797587	0	14256	542.6	2700
498dcdbb85e319b85d0ece232f903faad298e2e3bc0ffaa68fa78fcd3513dca3	15247321	0	3871	57.5	2700
4a3fa75204e54e148df61d998ad47729352656c048a17f14367da3054808e15c	748074	0	3307	68.0	2700
4ad8a1668521429063110b4364430a02d028e2ec9847453121ee5d844bb6942b	2660116	1	0	13.8	2700
4b97347f03b34bdefb56d1d1db8d5f0ad99f3fc4a21845d77aab3746185a5e0c	766570	0	4542	85.1	2700
4b9b8e63e693eb3c1b6b3e8283715f7171eceb57171b5fe1f8945702ab340a1e	8713619	0	6387	77.9	2700
4bfbb7cbe10aaed6482449978581825104fc8ad11f79d3f090d504172c77b85c	8069859	0	5963	82.4	2700
4c54c56dc4ad7587aa52aa9d97353bfe59a9656ad88aef170771abf0f84c7b41	820823	0	225	3.9	2700
4c56d6e2eb85750f2c63bc94802687365051999d92f5f861c5b6f80101f38101	153579	0	117	1.8	2700
4ce2c6eafa40cc6e3d40c1b2534cb95fd0d8511902a7cdb00a8c4847b239510d	469110	0	589	15.8	2700
4ce6ae01a9dd4c82ef6e483cb27d64e727cec59378ccfe025caf14e05471c806	8632619	1	0	71.8	2700
4cecee3373e956ca9fb1a727fd5b0fea704fdaf7599ddf55e8935a0144507e0b	718473	1	0	66.2	2700
4d4084ea6080ec0a6e4d2173a08352f3082f22715296b0b264e2ac1ecdb95c6f	1157780	0	1168	17.7	2700
4df76002aa2b8542828b72e27c60edd1133800d391c92721cdad90f5e49175cf	3504	0	52	0.4	2700
4e3df5ca36f993990149bf1cf94a9f50b6fe46aa88e90d504ad51c8726a3cf79	8591002	0	16130	305.2	2700
4e8811e67f00c388ad09fde7a3eb66577752b04a8d75672b5af93bf256d081ae	11219722	0	6349	147.8	2700
4e897846721e67d80e3d27ce19a66d87fedefffeecea1cea45d1986240f8ce57	11390	1	0	0.0	2700
4eb2b4d1e3d86e791da0fec2b1ac8682b5e154fc1a0f2a6806d3118ed43241e1	81327317	0	28443	697.3	2700
4efa619949b21cfc821f72bdd323752c3e3517aa96c942a582614c1fd24e0bea	4558	1	0	0.0	2700
4f9822df546f097d1ce1c0f7ce2370e77d4419db82f2f50e5461ea0f678bf0a6	298043	0	334	9.0	2700
4fcc6e98e12346fd1670a615cc0a8e1bbed2b5b1e7b111646441b9847b77e168	825918	0	451	7.1	2700
5044a2cbbf751c1b586226745f15b3064280f7da127317d6f033f4df0ce9dd8f	227665	0	93	2.3	2700
504bce7e71ae4a2b18c879874eb01b115176b45d37aa2e2d9e51a9562a00e322	52641585	0	18011	305.9	2700
505760e29a72c4db45269dd4c3bbd125836deb07bb73d25b296ca8d8f2ce7635	603466	0	324	8.7	2700
5080cec26ef9c92f87beaca3faf671109581a95b6eb135b366a67182eb6c12db	1119514	1	0	14.2	2700
50ae544400712460bf9af9266cbbc047f9f6684bd5a35dfff770f4310daab5a5	4126748	0	1246	14.4	2700
50d173918724fa19328952ba2e97a59b5f72dd3282c85ec95226b333afaba957	547097	0	370	9.4	2700
513ede066d35af45ccbef68a3c034f422c862eb00090ef7c37947936e8a2eb3d	800905	0	379	8.9	2700
517cbd946faa82b639ca14f615be13ba39e225a124f5e00855879b17a3c369fa	8863003	0	6560	117.5	2700
51c62f3349ddca9dee52548746fdaf2137f5c61df90eec0f99ad7853156ed2ba	42735853	0	6062	94.0	2700
5226a0175a3a18e471d84f3247579799df0f332b49827cb89e8bdbd951ee916b	8208203	0	6105	81.8	2700
52fe779182c1749ab76e833ba7a72f7291d4b839e38fe95882d3af5732ca18ad	170654	0	217	4.0	2700
5309add770ca7093ca40cc56e9dc9389ce938b6ee43d0192662ff53865d142ee	1287627	1	0	20.4	2700
531b05749a9f86c7be01330e6d89d052fd3102ff31df4e0c765d9550b11bbad8	12927758	0	7231	104.9	2700
53a4d123d1d7f9fe612321d0a61d9cbbec6990b99c2997bf030e677a7507a5c5	2976250	1	0	33.3	2700
54066e33d9dd58e2ef592000126257e5458bc772a18aabdac840bcf66d96130b	843225	0	273	3.5	2700
5438365412fecc1e78fc46ddfae37d624ba9fea39505a55b37cf953460bec1dd	10608428	0	5968	77.8	2700
547aa4aa3c3de7fa03e5f5ccdf086d960e1d7cefcc5b4413643f409f6f4e7d4b	10645652	0	7665	109.5	2700
5487bf4381fc761ccbf1d955abeb0e4133dd5af6ffc0b9d8b1268038eef0fc7a	7543	0	50	0.5	2700
54c44196659442600882b155d5517e51cfdf10bc9b1200408b04553c2181163b	929090	1	0	11.5	2700
54e29e39c4f965b5c5a322c216df638fdd64ce32abc11a8d2ea5e24466b359ad	732813	0	398	8.0	2700
55a7ba1c556dbb0630caa140cd156f46ab2809a58b05c20d86a1eb0856852b33	2596610	0	2593	37.8	2700
56435877569e7e5ea1e8c8ca8f5c4c52530f22c5871bd50ee57ccb69979ce609	90156	0	133	2.0	2700
57141ea2b14c709d91d4feb7ecc51af2e926da6c9eccd1e77adc5f3a3d6a4062	5929061	0	4602	56.7	2700
5760366e3b84d5ff63b64c03084330c32176b7482ef652ede70659d4a2f7dad5	3329893	1	0	15.1	2700
576bcbc5de71eb8e07fc0a21cece0513cfa57acd9ea59e3a773cc87d4c666285	442	0	36	0.1	2700
57ebef757f5e62d29f7a21d1922c58dd6f196a40ffddc2ae3d008727fb41fa18	806729	0	366	8.9	2700
58efba0d6b31572bb3e404234ac1250f95ccb3e0a085a172d54b046b23aca6e3	9264132	0	12469	308.9	2700
591e3dcfb4d22c6d8fc933efafc4b8d28bbb6b6f247dd35a4b9888226925eedc	143496	1	0	0.0	2700
5978c16b642ab44cd27129784dba5900366fd6144ed04c6ce1aa963cdb3616ce	5358	0	50	0.4	2700
59acf527dd50763fad0ed437e84511f178561fdb7e147713e8bf6a151bab287d	3770083	1	0	13.0	2700
59af0c76eb50ad3245a839c77db51f3d10711c4d2a7561f7d261c964ae9d97e0	1761210	0	7262	109.6	2700
5a2df999178fd6aa09781edf4d87082bf79ce95431ff3426c259a622c9862e2a	863982	0	1168	18.8	2700
5a4bdd5fcaaa65dbc9550c416d9114670ad5abaa166542d5d11aec76149ee885	940302	0	353	5.4	2700
5a75c30a894afb073f735549ee11f4c01925e83c4fd3ee872d9e3fe5014a668e	78274305	0	16182	497.3	2700
5b16036adb429f517e48575b3bb5e9c8740f5803d6b82fe63333fdc5030a5f0d	10291708	0	5500	59.3	2700
5b29ef0db2d249b54c5483397bcca3b0543594ebf2904f2fbad2ab541346230f	807982	0	459	9.8	2700
5b9396bb0f882a3a7068dce58ae28cc9607b10153ab7f75900f11f9b08cf39ba	8339529	0	6203	83.7	2700
5b96cdcdb5323fcdf627fa262c55c01c0de8063b01b767055160121efa1f5efd	735133	0	399	6.5	2700
5bd3a4800c4396372cb80d99cc82b49463e4a3f136b63d1794c19f13da37cf63	1574377	1	0	0.1	2700
5c09cb78535b2a783bc69a0d3a22d936a46f855f0213ba5625410a5851f146cb	28651	0	86	1.3	2700
5c1b9d758051866821ff31fa700a037f71d4eed9c37295cd32bcc198ecc83063	4879	0	43	0.3	2700
5c3b751b63e6a0adabb185b974e141f1b06127934fa0bf05fc505676024db32b	97586	0	121	2.1	2700
5cc15000616f6107ac3dddf10a42d8ff1a3f9e396feffc1023014b7f9448baae	10440384	0	5651	81.2	2700
5ce68565710ca03a17792aaccccb4949d135632e69898d665aa349dbf710385a	1882714	0	596	10.5	2700
5d331361f37ae9aa5c3184c8033a37158ea686373c7ec67b79ccdf68aae12114	54064	0	87	1.6	2700
5d71e5dd40f182995ff7a0596ddfd88417bc85851daf6c42279329d6e53f8744	90155275	0	31692	755.4	2700
5dcbb93ce7482db0eeb06491c431ffb3fdb321313493ab618066dda842e2e6cf	7665054	0	9832	154.8	2700
5dcd5ba293515e56ad16812244b193623020de238884c47f7414b3e7102bdf53	37049	0	93	1.2	2700
5de26af5a358d02c74b73f97b6e042b387c208abc3f2397ed490b665294cbccd	2663385	1	0	13.8	2700
5de99d9444484b2d267864a7fbdf0717c5d79e40c7ed15bb847049385528d3ee	62933206	0	12552	255.6	2700
5df6d6bd91f29297ca6d6205fba3588fccde01eb168edd70af154c27fa89bd34	9784936	0	7231	172.3	2700
5e9e60104a94d5491ed6e35820cf2a695a6c53d015f6df181a8fbd136f664119	2246874	0	878	9.9	2700
5f25d6d57e89689ef4d84dd95fe7a50061546a4a92e89b1848eb9fbd53070c76	10552377	0	5724	75.9	2700
5f4027e77a0e2a6f8cdeeac6b7c50c9a4a46ae41ac8b99bb4026261f243b6acc	167222	0	93	1.5	2700
5f412f53e90a25532fdb1387ab07004373eed07b32808b2f742252482db3c31a	8496906	0	6302	94.0	2700
5f75e052830c67731a25d8aac25f07c4216990562788077dae9139118edfbe27	2734993	0	1851	23.2	2700
6039e323e6448a602d958f067f2de5a5a9e00688e8663c8d0bac3fb3311f65b8	7956488	0	5968	78.0	2700
60caefaab927e1b1b4a42125a5309a50300bb17552c2f5f8794108e9a7d529d4	9656862	0	17553	350.0	2700
610a902a16d767bef822a36ae357325ae723f8f4a4dc8f009e9b250409728465	10475877	0	10255	137.7	2700
61ab379e8f9f08635cb21088e930d36e1dccd296db1b9d5f404fbc91d32e8450	19486	0	68	0.8	2700
61d2623a1e68ecbcf2099faf63c0d0cb877cd338c5c3a23e90ae1bc0fc94921e	942078	0	1183	20.0	2700
62131c01b414fe113fba2b608b36d92a79c83f2bd741e66164ee3cfc4b229f97	188703	0	168	3.0	2700
6240fc0856755c4a3f27da9530e347331bb0c93dac5897ee73693329bf5d9c94	939803	0	353	5.3	2700
629f829cc1bbcba9785b2bcca4d0cec9119c963a20690fa550513cf209f777e6	3248215	1	0	24.5	2700
62b2522c4b0e1fc0a7199cb04394abe2d0fd0dea61e527a2298cbb545ef5f6d2	684687	0	373	11.2	2700
62ed920528d812b2cf30e8c16fe040ccbd28577732160dca7d551e55714de4e6	7713571	0	5541	103.2	2700
634da22ef1b6bf289617c37f13ed40c6d31403992a47e5337861002b8c20af1a	10566201	0	5877	80.8	2700
64d368bdcdb2ab6920376296e71a0c78b9163114923dd80a2071a322b8e878cf	3142488	1	0	13.5	2700
651521741cab718b1aa0bc093cf698b035e2ecbfec0e001cec86b8ea732cf72f	203928	0	106	1.6	2700
655aa0ecf2e38234532782c0297f69224c41180f02afdc52a846ea8432d24542	685200	0	373	10.9	2700
65e9c34eefc5925ec44f6a375912deabcd7354f9e15d1af94533cf98b7bb2b48	929083	1	0	11.1	2700
667bcc34d6381d1da9ac89a1004e795517e57b03522e819d940b1b449af6b172	170049	0	217	4.0	2700
66b08ddcba8dac1c1014b34b9d9fb5e8776da7dac8db12fee72ec4533e94834d	10643715	0	7603	108.8	2700
66f369f9a1c9841fe25f70facb8152e133a25828dce68c57b069517dfe068534	9977309	0	28280	704.2	2700
671230cab236b6507b3d6743219878427c7ccb8e72f5a5d1650bc475d7815a88	930358	1	0	12.9	2700
673e3d5eca5cdc645c214703e57230a712ec42a5dce3286f1962efa6a48c6444	11849759	0	6542	118.1	2700
67789f79298352a448a596070a8351e8b15f65fe1da26a73495da3d5ed42e5e1	916863	0	654	8.4	2700
67c384e6fada6bcdfea4dc32417b50f4079745091a466b088eec0a63e17938b2	14055249	0	7678	125.9	2700
6814206fba50628d85d480d55159b119d177f2513565975006d1441243980eef	9684789	0	13946	468.0	2700
683162bd339f7fc249848aad02a69d2637fc89bb7f64fd2aee381b93fe522cd8	7597889	0	5470	102.1	2700
6940ddab47fc670434d92fbc949ad63a25438530e502f66f732d829fc89858fd	45384	0	104	1.8	2700
6970edf23ef9d4b0383cbc97a70dc1628860b818607d35c902bd72d88733acf5	10685139	0	6023	90.3	2700
6a19dcb55a7b038976cbb635988c23778019bd7807f65697f54bbb7d15eb1fa5	434788	0	858	22.9	2700
6a31effe5120f62322e945c3c72e73d894f0be4a8dc9172f1d070cd80c2bbf8e	7456	0	45	0.3	2700
6a3b8bf46abdb26900ccd89cc85edf3b5ff4558e6e5af13dcaad67b5815a451e	47515933	0	15432	225.3	2700
6a699f8ef9d59a611879ee10a1103b7213976dd6962d01d021e00b745fd0eaa6	53314291	0	18581	324.5	2700
6a6c36846857dbd3b394690b0302ea9de32d86d07bea408dddadf58d5942590c	642413	0	354	9.6	2700
6b26beb70fb91ee1fd2e7ae1fb99b8b7b974be9a39d832e678e8da60a5f65123	2347643	0	1523	18.6	2700
6b2a3fc91dbe3a615b738c8c67e6ec11980de3549d9ffabcc22d811b40c8edc1	3196180	1	0	101.7	2700
6b47decebf91826e1560128e6475ee42ea95704ef80278a06f6cca1cbccb2ccd	147504	0	135	2.3	2700
6b5709226caa28d3f5414636d29f821e71a7ac546862dae6455d533d4d4a0770	67900342	0	22675	464.7	2700
6bcb5d3a66421190f4cb701cd5ddd04eaff6426e5a1c0cd2794ec8724ea34ed4	1883132	0	596	9.8	2700
6be4f956626198dc118125cc87e7c26a988c1ea302f706239d4905880d725d09	58271	0	121	2.1	2700
6bed42c74619f1bace7710b5814d6f1b627adc5b39a1ee41683e707cb7b97c26	7317781	0	931	10.5	2700
6c435acf0ddce54db2c63c584bf550a40f61632a1b08eff2eacf84af51c09e11	45240	1	0	0.1	2700
6c47567cf4aef4a7c39ac933b579dd1baa5bc604ae80239f37172afb30d1ec1c	777813	0	441	9.3	2700
6cd590f4235f9aa6020009f667b090f08e84b0c560a91051c6b6ea3df5689159	3214879	1	0	103.4	2700
6cd8e2e83766ee31c6fe5828fe21c29e324037dca09d7501a1091bdaeb1d18fb	15089017	0	3728	54.7	2700
6cfc658fe510e051684d34217dfa4fc0745e19097440a3337cd08fea5b10a90e	3027	0	44	0.3	2700
6d3692ff4c164f272703922a0960897a51dc872a6c594009e6edf36579c7280a	549602	0	379	10.3	2700
6d3c5e51c1e07da9ca01d0b5cc9e6508b61733280c451f2801831c2ba347ce33	169926	0	217	3.9	2700
6d7ec8d72ac838785f5e7862909f6aefc21ea81636880f5ff15ada43ebece3ec	10678263	0	7616	106.9	2700
6d8d1b5e70c167692e14338562cc6b7dae0f44b6ecc2c8950ae8d6d418666803	11749183	0	6597	110.3	2700
6d934a6e0d0ee43001b4f5ff1b7a7ae992bc771524cd658b9804c706bf913f1f	10446488	0	5765	83.1	2700
6e2c43bf898311f09a5c73102d25614a2028a9fc5bf2bd0b63f985f1ede8c481	9835958	0	14468	522.4	2700
6e6b65147475b8cc3d0e0a4d0265ce1df3f32d34f52b91430b18055b22fafd33	3234011	1	0	29.4	2700
6f92902ecf7835c43ea8eaa22aa2a155182703ecbf76207430f79cd0cdffe868	16252	1	0	0.0	2700
6fa2099b0995190697c61a570ac775dd7ef4fda010412694211cafcf570a127f	61056	0	104	1.6	2700
6faa746ffade968c8f03db268bc0c1a94bda2e3a55711d4d7aef2f467b7d1098	21733	0	59	0.6	2700
6ffbf0b998af0b35763ab2defb9eaef90029887dce23514c84dabe0f3a339b3d	9750362	0	7219	195.1	2700
701a4abdbd0ebe4721e7e2931dc113adc54f6d2a79b9711d18d0f95a4e652033	16973	0	56	0.6	2700
703a603312b1e65e058cc7097f382ff9b8ec0e413ee3fb720d022bf6f7c308d4	149266	0	110	1.7	2700
7040baace1a7d248fdeeb64d8ae3c6e641e5f9dfe20b56cbbf418b2d3e621ed1	139060	0	104	1.7	2700
70ac74ff857df736f97c0ef48a33eb842ba19dc608cc68b68ab3d40b80574014	30997	0	65	0.8	2700
7142931e00d81f2cf7e80db91d960147e425ff53f93897ad42aac960f5f8dc3e	1322269	0	888	14.3	2700
714b8d75d0939f205df38c4a541176151208a6504331576552d93f51e54ae90f	3629224	1	0	12.8	2700
719874c440bb30316a2bc94f03eeccc4d633bf83592c8c825f2d5180ca65beb6	7716854	0	5500	102.9	2700
7262d48b916ec2f9c9002d348e1d89a1131f0b1e3aa3960f54da451c86342052	14176530	0	7616	149.4	2700
727403578474feefb538ca68628ce1424a45b4afc9305700c4fd648fca8a9896	17210049	1	0	85.0	2700
72969c5946ebd8d274e735fee02221bae1a6b4c142d50041e5e76071818c2aef	1119023	1	0	13.7	2700
73309635b94b985650e579de9af40ef1b4a678caf9e42dd59bf0611923a8d311	604833	0	432	11.8	2700
7374a3aadd6948e283a96de498716acec71414331614d71e8a9b959204071f5c	171569	0	272	5.1	2700
741a104be4d7f1373dca1a68d0eb1ca4b7ea505d26682fb1043a83359f3b5337	8982796	0	5730	112.5	2700
742c53ea395c577269c46d62988d61f7201d13e741ff6b9563a8e3db0344ee38	2251020	0	878	9.8	2700
74301f43881d5289d93a9c04c5a36cef357d2774b73a541e6379bd5b7b70a208	685502	0	366	10.7	2700
74ff1c45451650d7c723802727cea799f18174e9e72291777a5b81f013c678a4	207470	0	165	4.1	2700
75f29d30fd7d3d9a81e0163fd4336eca4889c2863d6c98874ad8fec762906ed7	751420	0	408	8.5	2700
76f0eb6d6c8448be018f52ab490e29636efe9eca4b60e5f86c5a2f9b059bb580	2376744	0	884	10.9	2700
772145b9097f38782b6c9f37981a71701a34bf86876ebb145a76a71c93ba5c2c	48708646	0	16130	253.0	2700
77260316339c7c8a661a01cdbe8f9302d1512edd4b8c84c70656963cf2ba845b	196326	0	155	2.9	2700
776cf053f4498d67269081de9359f7019779aaefc8329b22de1fdd9cde1cc428	8943079	0	6624	116.3	2700
77cc518ac6c209f90a7b188d286cdd51e53e3d441a576c244b7ac4b173a85061	1652377	0	805	13.5	2700
780366a7fe9e6c2f7a79871da7b3a9eab99f8569e5ee1bf49ab670a1d9ef4d2e	1008837	0	957	12.7	2700
7845dc97904328acbe29cc93c85ccb8b30474c175d12d40e0e37fd10ef15d4a8	72936046	0	14328	489.9	2700
787e3faef6ed9f14a890d640a3ec3bfb7f6957440088b2efbb59634f3d47b8f6	102682	0	132	2.1	2700
78e22ce87bd540dcfe0d24554c7bc72b79878db2cbd2c7d3229c3720a6d05522	2709450	1	0	70.4	2700
791b5ca5db82bbdc751dfe9015f67db37d1f330e45eb678dedf28b73714b4f50	73019289	0	25344	729.7	2700
791e242d1fafa6fb4f7c8c053f6a77244ce74dd23eaade694a41b8070d5ae5e4	4097813	0	320	3.9	2700
79211321295936c435fd6781a48695018d2645aa2e2d5d539626eadb3eb0c17c	19312	0	52	0.6	2700
7931544837364b18c65cf6f40e62aecabe8ae7f19fd26a8a73be093a1e31b60b	714130	0	5577	123.7	2700
797be75d18a49646f2e6659a0b7dba444ef3b2e0558023cc933b2fc2dfb73d6e	10824759	0	14328	502.6	2700
79c3b9993e11136d007d9b0bee661534752e0c9027c233cb007e9ffc6409e263	69304698	0	13946	323.7	2700
7a492cf1edeb530328733f8b722e8b06eb4121c2a3278502e611eca9e86e6f5b	45370	0	104	1.8	2700
7a61aa53e95a549ce29e7104bcbd0082b7471f7fbc469f71e80d7665c0869d14	14508	0	58	0.6	2700
7a766ddc273bf0b71bdfb8e9823f85a37ce206d183999a141ce7cd5799832eae	9084284	0	15432	314.6	2700
7abac348cad2ef2557b0dc16448b8097714e0e46216d880f6d288ed9791a1aa3	298418	0	227	6.0	2700
7b03be54b9bbb8daf756a3ed434abfdaa441dc10c93c42d3453e06f1a77f990b	18564313	1	0	83.1	2700
7b67341b1a4af83fac608caee16852ab0c406ab2ccef9f2b8bb95aa44e781510	2643640	1	0	13.5	2700
7b897c9c28b6fd254cda59199d338437cca780be35414336b4dca0eb905fc578	11005103	0	6258	129.5	2700
7ba454d4fc2ec9f8b117c96c9a3ac7f8a6c2046186222878c84ecb343fbe97ae	151003	0	133	2.4	2700
7bb7121d1c5cb144631ef130d7a6ee891db1ba45413c5c43261457b05e13899e	17504	0	68	0.8	2700
7c222046bb62600149a4ce0c4bf369bd751ae8298588223e531cea3795df4a42	5624349	0	320	3.5	2700
7c60b87e0d6f0898866f6d1006431bee6a97d1079fda7400a34d8086ef45aad1	2963141	0	1387	24.6	2700
7c98e4ebac0114447b59899ef3e6e2dd2aa26ba439c159f3ac088cb582978248	7291	0	49	0.4	2700
7cb98b569449aecc5bafe0768622345e938c511d522509c062016c2122b8a8ec	11733018	0	6624	110.2	2700
7d3861f8c5a1cc487507a2a28c34d94e7da0947410683c2b514491245cced085	11039	0	62	0.6	2700
7e02b59f9be437deb3a33bdfc4e0860a2fb49f43da00ad1f3c3e1e72f68b570f	11682744	0	6597	143.9	2700
7e72c61e2288951c072d84810b4d1f5fd26a53e293944476c76dc569fa4aba23	3067160	1	0	13.2	2700
7ea2f9e12b88998cd088620d07b3beb76cc67bdf760e2c201f42217df31754b0	879882	0	409	6.5	2700
7ed130262c6ec5ea41442029091e9417d34b1dc5206ee49e2b13a8428d41ce14	875385	0	338	5.5	2700
7f60738d5fcf361a4ebf7135249681c7cd9574df3add10683ff16c7d1bcae45c	8802528	1	0	79.3	2700
7f9f921de9daf7aa940be479f11bab5d37bdad5cfa42365c9fccc0b11f557795	36694	0	65	0.7	2700
80033b3d8b5691f9e34a36e7616c8c13a5621ed7458d3aea8f8213861cf10834	116821	0	117	1.8	2700
8057d0be2316a932154da24226792a603ac4231cfe11b98e344d4979c92426d3	9022280	0	10920	265.1	2700
806aba564b3efd7869bca12c610912fa4ca9dc00230aab0c99ad96c8b0e8c5fa	208017	0	300	9.0	2700
80f33f798ffdb56473a9e010f31ec0f217946bbaacd3f888cd3e7cb8763ab48f	317729	0	237	5.2	2700
8133a33a32879b53ba33dc67804d313bfae5ad0c1b86cac7c28ce17cd063e2ac	731718	0	397	8.5	2700
8163909235a247272c982d0234318eddf50076243b4fd203b2de140bdaca31c6	11754843	0	31439	1120.2	2700
82f23a714b30b29dbf3fc5115f30a6a3582dcdd9c7fbfd53aadf7eb22a96757b	13940666	0	7665	131.4	2700
8331a8f28d2dfda6d4c35e79ba541b1d8e0f5764e7b67debc5647e07ad56d13c	1023223	0	541	7.4	2700
83834cc474cc6418fbc4a607fdbd84249de3c3d0b0cfa7669e612f3d6c38e301	10824159	0	6105	140.8	2700
83bf3779c5106e0314e14447cd08183962251746b53fee0a67205e5bb46cef1f	115772	0	110	1.7	2700
8420ad74472d0ce16b3e2cc97a1c63b56100f2b69126031bf83a13c8c1e0f9be	10920369	0	6229	155.5	2700
84306ebf8a4690bc993c2f24652f77c412b1a5c9ff20f44e61fcf8e116547636	289455	0	259	7.1	2700
845d0df0f82327628ab518dd72e2b51eee644bb41d4d549d870b547f7f411930	7822679	0	5692	75.0	2700
84d24d36f1fdfa572100982cec1dbe50a1411b1c04d16d196c25e564215cee48	10921639	0	28688	871.5	2700
84fcb3ada8922a0a9c2ffe8efa6a93e7c35998ccda9db5d0f42fd340a8b1a936	2621028	1	0	3.1	2700
85652c8c2ee6c7a153967bfe17b97f378821fe3b7bc90165a987e98e929a707f	10760702	0	5914	128.7	2700
85867d23ebba2e0fd420b67ee9b279ba83d7fd03a18fec88afa0ea0d7f116408	3401892	1	0	18.4	2700
86a1d2ac585f417bce39159ca10d344791227b3814ea12b49d02d8a0ebe150c5	3371449	1	0	49.0	2700
86bbad87c83e4aa6575cd3895bd937ed5e29c85d2c8111d764b9aef8f5720a6b	9474919	0	13245	390.5	2700
875e6bce088ad28cd14f6290e114c7b92b55610ea0a0603a4c61e7c9565afb55	469700	0	917	23.5	2700
87c0f2ab46f141630f53af7d420dc6c9c1040e9867a9c26960bced80af3d1baf	1157710	0	1165	16.7	2700
87fa7a15db37e52c49f3b8675438bbb92eb9a6c8f1b513c4673ea182a96cb716	1908180	1	0	60.0	2700
8874f481aa0c08c40dc4c753a994cbc0401c2c6b808b2f6d20e8003ffa96b9bc	8708793	0	16916	331.4	2700
88866cce01094ddbd99ffd5d5b09e67a504135ac127714063f7ce1ed638a6d97	72232482	0	14468	406.8	2700
8a0da989786dc7668027b05df2abb8a9dfc917a93127582251ce228e8f4180a8	17657674	1	0	84.7	2700
8a29e9d2c6e9f504c8a4b311cd6a357ddb4e99b1dad39dc2d14015d619e435b0	7817540	0	5921	85.5	2700
8aa0ba27e4f10f68ae8a44fbbf516a868884c2faffcf957d220c6d5f6ca1a8d0	9745985	0	7158	191.0	2700
8af30a34fef9b9219647974a384a2764bc80355a8b9a326fb27020dfd9b81e16	157458	0	169	3.7	2700
8b5167f41b48c90f82a9e68f35385cd2f98ef79b08332c80dc9845b607d2feaa	304708	0	118	2.6	2700
8b940a328c622be42a8b13ed64ff3ab8cbca1430b12a9cdf736a1a062ade5a48	861791	0	408	6.1	2700
8bd2cb9c4f87dc9277bd6da65dfe559a8a13e1e19610b52ff6df970518503f1f	73333	0	88	1.2	2700
8c532ab671f9f0ebabc120a6d1d7d5fd8ca348676b2d3156c3d0c08db95bc8d2	33043	0	73	1.1	2700
8d1985bd524f35845b69d15c674556028ed2f8c1a7bd5586758610fdbacebd74	260752	0	368	10.2	2700
8d95bb27bf0312ced750b3a59f736b96b91bafb296fa9a64bc97b7a8fc2ffecb	3078769	1	0	64.8	2700
8da4ae00ff2c1a058b40cab15841786f1cf2d1a5548817dccd726e38295b431f	50965	1	0	2.3	2700
8eb62f6cbb09111ccdc749be31e4e0dd2a7fde200227f8ff3ec64e998544e213	151273	0	270	5.9	2700
8f093116bb4767c5e98e982d844cc35f6d3355d7d84344245e419cd572ab1d97	140679	0	177	3.5	2700
8f6e431dee93feebbcf0d65a13a6af767b411d943b18ed3f7e3743d829326374	1023215	0	541	7.2	2700
8f75345ddb15bcebd8a2f251fde87deda92f9979f1060ffd32720a473d99ca20	155055	0	224	5.2	2700
8fdc22ddf19d734dd3372a5545324ac43eae55e169651e22bb31b85f0623bc9e	1223079	0	1211	19.7	2700
9011564a3c24f226ccaa7e4efbca3599ca6c89c1acbba99d58efbb29c03065d9	373813	0	565	13.6	2700
901d0291775a1fed0b178a739d462aea0f0fb6f43a011db8030cc5dac6c60990	527	0	36	0.2	2700
905d87c6b9f10eecc25fabcbd3dae791b0c8e717ff3ed75f5fa3ef4cdc8b81e4	67690	0	93	1.5	2700
909129d75107d444136433204897a73c60b5a4e44a091cefefeca1ce8fa83d73	9885543	0	28042	960.3	2700
90d5a009d658153e959b4fe5e4981fdb138cb7d82b85b8c4e6dcfeb343a109fb	321452	0	129	2.5	2700
90f7cda558d2d16ea7cf756220f513e01f1ad6761a9d2f1d35aaefeef8e9f626	9404399	0	25436	769.2	2700
921096e51610f5f35b011f80ddff5b00646f33e5d35ba4a9d4b649fa8f25d17f	7907835	0	3452	47.6	2700
921a3ac63a09721bef49b821a8982603f8c1db7b9e2973ed3a2cc4c007965e80	178875	0	373	7.2	2700
92363b86025d012852f648554372bf5fa6146af1472fb63f3c29d7c5fe6bd19a	6690676	0	12061	156.6	2700
92e9b4a43cf5c11aaad684b6ffa57e26e57339ee8c76bc3862d553de12cfdc16	15702989	0	3965	59.5	2700
937fe01d9b3d0e391366d34e4ef94357ebb76cf4fd5e5256f735ddeddfa0fa64	2602930	1	0	13.1	2700
948d6fc62e873db788ef4c711bd5d84dbe25924d58aada10608315496d256843	382942	0	367	8.0	2700
94d2f6a04e2daca148e681b57b54e021f7fdcdcdffdabb7cfb90e1cece0f4d85	906084	0	400	5.7	2700
94e583d7f5868949fe8bfd835e902928733f9d05fc5983c7fcf86298c93ee1ee	149205	0	191	3.5	2700
94f7d515a1758c5ddf77dd591124573df2327d1d3412d1936b27ffaa1c7dd88b	278971	1	0	0.1	2700
950653ab177a9b9328b32247ac51291135ecd9b2d8fd0440631fb885e5c23cbc	11104281	0	6203	128.2	2700
952237819f32db836f6930d2d099231a3c46fc6f67c4d50863b2db7ed6df6fe6	8733482	0	7504	156.5	2700
952d08ea89995b4fe89fc1182c8ea26c5e78381a3e3b96ca2ce5ac29036256d3	822248	0	453	7.5	2700
956b48ef6f9fff1f937fd4fd7bde345b4f09a1663023542919298f661c28aa8d	459525	0	324	9.5	2700
958b17deddd64a6f2d7eb00a48b74fc228df61c318dfa69abcf6939222361197	2301991	0	1416	17.3	2700
95e959e339d92a752411af30e895209e724b8312d8244ee95b5ef949295ba48b	3005661	1	0	67.1	2700
961902a1492a645d3de71c607322fafa62167df111533099d95e2145ebdd83b5	3430756	0	1217	18.3	2700
96f5cc3da3c7e7b85f4894615ff666f6581f7e948c927b3641afe487efa73b03	226096	1	0	3.5	2700
9710ac64f3631fd190773764b408f97a96a3c6b10c6c2ec22c8065ffbcb3d391	56439	1	0	2.6	2700
972ce535bc0df857fc9f147b4f4c8cf759165088c6169f0c2c02c512df1202f9	62720241	0	12469	265.9	2700
977dad45942a3d98656038ce4b55f94153d6802166ecc56e75ba9dd4289d9fe4	11231499	0	6268	159.1	2700
978b13414499673c0c4393b2b0509ffb1a2a64df2fa37707da55e9d30283b856	69290	0	98	1.6	2700
9791479038e38468cdac23b741406f63d08cf384b0df70c35fa8fa644643f341	661072	1	0	12.0	2700
981dd0a3479197032c4ebd98b040f6a53d4b6878d008a3a83518fb1f7fc5e269	27993	0	60	0.7	2700
98450480b3d1e889837281000ed048d68444475cf1b969f2f70e7516d7ca6120	18245205	1	0	92.6	2700
98656898881da1d0fe3296de3e1d39d7d4cb48698b0a6f5893e9e857eef875a3	2417346	1	0	19.0	2700
988022806638cf099c26f66fba702c3b0a7a25e87d37e70d6dd14d93afa5a980	709528	0	476	14.0	2700
99493868bd2e085d927e01864a6be4884f189aac20da8676fbc79a62b3f4e6f4	83882960	0	28280	633.2	2700
995eaf3df08dc30c2f8e16ac79ea0abcf906288c95c93c03b8fa249959bb540a	92492	0	148	2.6	2700
99a6a285db5a8aaa0e776d439cc0210ec44e5a12f3eac1b0d60cad7fc845b52c	73246765	0	25436	784.3	2700
99e02522401c41b3c09db5d28c3c87b2092889d98d511809a46b22f854b31356	82164450	0	28433	681.1	2700
9a65270fb2692dff551839fac8461fdfb8473b0f474882427909a841918d49b8	3174793	1	0	97.4	2700
9aa2a2cb7170d40f4fafda6538262b9c1c337c41635cd6634ebe0e6544bb1e4e	46142743	0	7504	113.4	2700
9b648ea49dbf8002ee8f62f6b3338ccd49659a1aa3af1243d58746de908fbcec	3954426	1	0	13.4	2700
9c10d0d41a03e0cde49478b45c4df9591cfc6ebde0e81b8690bdac96fad1affb	70169920	0	14119	316.7	2700
9cfd0bcebd675bd13e340bf00ea0af4d374371e632c4ccd94dd1cb370641c8d7	302673	0	115	2.2	2700
9d44002caecdf58578419ca021ba1eddaa8f1746033f9de96b94abbfb7d88bee	164743	0	239	4.5	2700
9d566ba2f84e15dfca0d5818b286296e31f7824b435bf86c4f4641cb46715fe6	7950710	0	5790	79.4	2700
9d75cb2cdf38613a53593c96fc1fdba3097376d7b7f5082de3d32f551510218e	158654	0	258	5.0	2700
9da91687f6fbcbff693a7eb119f1c199e80590070edab8052f7f281639ee6d1e	22797066	0	5807	107.5	2700
9e3f18863bcca95b46027ce209fe325578de1f982d0063e6a17ea739d940aa1d	246856	0	93	2.0	2700
9e6acfd5cde5d59901478e5d03ae3ef08877edc7e6cf445d8514e8608d242610	12854739	0	7231	104.3	2700
9e9cae47d83cbebac9202f8124e3861f7e7f1f41f5fb1001805904292884c1a7	1329788	0	366	6.3	2700
9fa0f7571be771e2340dda4c9292b2aee1309e818a19fb55a28525eb1e67ab70	1678802	0	2260	39.0	2700
9fdfee3b75c6ae738ae20db842b2d8021fe2c601397c094e2478e00806a215f8	9923679	0	28280	842.1	2700
a0506d97802d23ab373c2d02bceebeedf7e2bfb0c7ee4cea68ba1866867d2f4c	613900	0	339	8.9	2700
a084b0f5655039ada586d2c6a06f9fdf836c108b3f7860f9e7888f6a3c00021c	8098400	0	6023	81.7	2700
a0f488aff92d4e8c7a371181cea56cd51a9ea24c93452a66b3eebeb021a7955f	3022911	1	0	70.4	2700
a0f7d0ded3d88daa940ed8b6e8fd1534c9f2c12752457e7d5b71f4c5f0d3f2b0	2615062	1	0	3.0	2700
a25b035f8c7022a50b1dc816c837ee0c52182c3b5aa0580ee301ad6e71de4451	652596	0	351	9.3	2700
a2a9c46b563ace3c8d1c30a2f5f97cbf2ab9cb7e82ff3e3362e554f9d78cfa71	656529	0	353	9.5	2700
a2d1f411288c78b1f34fd19ecfb037d37936e9d31e857ccdac5f838084554306	939664	0	451	7.2	2700
a30921961dab87a89b756e3744d7572e9268b994c0ad87b0a4b497710a1afc01	12013848	0	6729	113.6	2700
a3e8c4fe2266dd3d6a18097698c5b890d4a041816e76c10eca855b2a11ba5fd1	11753036	0	16182	472.8	2700
a43acb9587b2bb2be27693c038a8684ce6d09bdbdd6020d54784973984954722	346436	0	312	6.0	2700
a4a4068ff79230d86d7a3261afac0e7407a87b593b91ba4fd04bc6c8a3745d8e	1036462	0	462	5.7	2700
a4bcd46caaa9c5bc81bc9fb17a0d8f585cffd67c0136f3ed4bf8163184f16398	120755	0	176	3.4	2700
a4bfd2573872605ad9b74e7f9199b135c0cb3551f1a5fed1434bbfc903fe821a	870547	0	545	8.9	2700
a53155a750baeded0b6f31a17e8d779c5a9a61b187c59eb01be1cc0c94f2f068	15970	0	60	0.6	2700
a5e89521bcd78dbc1898f34844d3092156275ae86e314d672e249b6d7eaaeddf	9833733	0	7231	200.4	2700
a640003b4d06cfabc3efb1c913267f865b103b1a829720bfc70e58966d104388	87038787	0	31439	722.6	2700
a6b26f278dc3385a7eff7e251df956e567b3b26718b933ea5d36ee72aa1b28bb	16643	0	58	0.5	2700
a788a358659a5214d4c280b93432dbab607c557cb9cf18cf64d3b3e8806e19f9	739554	0	403	6.5	2700
a7ac3cd8999d62d866c7d834b7e310517f5a8111bb0f0d117614cef83a662151	793053	0	126	2.0	2700
a7fb6c0d580596b1bd870f67ab3064b8c660d76e3568baef79c3664f5a97e404	650196	0	428	11.0	2700
a847fea4fa90d8220d25ed168b94df5906b75918be13263696311cda5184cea4	82769	0	143	2.3	2700
a854cec766d89510906800e91212a9d8d3e207d6a8ed7a475c37ef6aab9c63eb	68238784	0	23070	483.7	2700
a858415247dc6e327195c9b3ced9e41a3f45afea444d5ea40938f5fe71ecabc9	7314180	0	5661	61.7	2700
a8c1020bec587b9f3919f41fd3117594a09992e75128ffca0d9e0ea3b3c13cf9	21693673	1	0	79.4	2700
a97443bb411ba901c49965fa5dea692c2711ea5a105aac3d75cc289a235fc6d1	58342496	0	10920	208.5	2700
a981d691393d888421dfa27f135956e56566079fcc5cb61f450fa097a31426c6	604819	0	432	12.0	2700
a9a7b9f9acc7e4bf92b7050e3a10daf39d552af896a7e09ddd3f154eb99f7c46	80591283	0	28193	736.5	2700
a9ef8295245a4f60a0261ef5c6fd5f6b988e7d4c888e15d7f23ecef1f53433af	3799153	1	0	39.3	2700
aa198f328aac7052a36448919b5eae9307a26861b8e9c5af149b0d9c399d403f	596012	0	126	2.8	2700
aa3e885158a6fca4ff5e6294fd7a20055c27edcf9d388a33b92dc2a3b5d3e624	8822563	0	6533	110.1	2700
aa709291ab11624bb3f3142b0a1a222c18ffb0101055c02cd1e6a095c1591bd4	8280244	0	6229	81.4	2700
ac335929821510f9a9530535e3084f365f654674f9fd687cd6f70702ea1d90db	2628	0	43	0.2	2700
acda2dd49347c63c1ac8785cd0a61134bc1dc70f823eb0b23a4c4f7e4cd8fa34	3087827	1	0	12.7	2700
acf3c438c57e78ba2ce5b78607b0863676eeb8b05f5114756eda4341806ec5df	7826318	0	5651	73.3	2700
adcd3bfe74010adc90cee40cdc13934c15157062b8c729714e5358201780e987	81427	0	76	1.0	2700
ae6850229d3432d3b0cff9b97609ef4b9066164d3371b733ef4a8d346d294f02	12015097	0	6729	111.9	2700
aeb35e488d0ad4c3a43e96bad41f66f734760ccd5fb12f7cb3e2175a73344bcc	8802477	1	0	83.4	2700
af2e5d8e65b14d12a9c0c0a5b2891529def85bf0e31b8c273a9eb02450ef6b0c	157977	0	272	6.0	2700
af66914f0d43b7c45c46a69e7619d3a7e008eff4668fc4caa43145170f9b97a3	2124906	0	918	15.6	2700
afb78c4656871a91b0f21434b843cf2f78754c9f7119c4a04bba19e83f8edbb0	1941858	0	799	10.9	2700
afbac15e29ae60ef15e570edde3332368f0b8e3fdab4c42be40f36f125e6e734	503292	0	1383	37.5	2700
afbe693a6da1de2d0ce4aebb328718c2509c768a8d239da451f0079ad5edab19	1686876	0	2804	45.4	2700
b0ea110b0a6da3e92d1ff13389aab7549f8ca2b11734a28533c7ee8e05a28a21	272021	1	0	3.7	2700
b19778e021b5bbdb5f255b9ead6b0f831a59320653e17e3c8567d92b77dbf486	8937343	0	15732	313.8	2700
b1d7c479610e1b7538001ecb5ff831e2a44b64a8c2c6413547772c70115f2c27	53170938	0	18323	312.5	2700
b1f09d6132c289107d206268f99469a69df6179fca603aeb4a153e5c3519af50	42741913	0	6302	96.3	2700
b211905eba617dff772a5b0341ef67856e4922c22015acc16cc42aae2449858f	8868619	0	6615	123.1	2700
b2155a89239af724d0d74ee23f29f265ea155f15354d35eecd4d76d290214c8b	8858149	0	6597	110.2	2700
b26170242323ab8d03aa95c9cc743ff487aecda4c72cfdc14e799dc2dfe15d46	2676933	0	3871	58.2	2700
b2891eab89fc8e204bca55baed2e7ec17c86280ddb52ff187be93155e3cb7276	2823820	0	872	12.5	2700
b29546c369ac08f6bd899af60abc22cd0fd813420794328951e45d775ef05fe3	1007909	0	513	6.0	2700
b3387de350028b8dfef3f962da93286c1ade4398bca9cce0e26eb9e1be8553d0	76602662	0	16182	468.7	2700
b3a6081898d1c8a35b7d17aab77bf2fc3592103e42955a86a139da21ac3bb627	496978	0	724	18.8	2700
b53ec115f7901a204ebd8e2df0a8da7872040b25b1512d6f93a383369d2e3cbc	193221	0	341	7.8	2700
b5630ac4f859b77a1f1ccbe4495952ff3e1712681b365ba5b61a2f0c372d14d3	657741	0	354	9.4	2700
b610c425afc8ddab4b280dbd9c177731fc5f722adcfeddc073a42bd568232645	8891848	0	6569	118.7	2700
b647ad473786da2dc733e115a1066da8c0485e2f6be78e85f54bf615a6140f90	7826	1	0	0.4	2700
b7bff8b648f3b03bae1c85963da576e5d4c15d79e0ebe7684d3b1da448eadd83	76309	0	96	1.5	2700
b8112d4852cd2cc493265e6fbfb194228a615975322bcdffd20604be267cc43b	14108404	0	7616	149.5	2700
b8163c9c2b913235617574d324f7d5e437aa1c6549b651cb7a78d151aa1f7783	79804	0	125	2.2	2700
b8a3425257222511aa6b955b982cf481dad1b77f03614ea3b768b6aa2a770b31	18238873	0	16500	381.6	2700
b8b834b8bf905dbc13921204148ff71dd0548f80c7f313d21f31c86688c1a3b5	1065301	0	725	10.6	2700
b8d534628e5fa9a61e9c89d91b1b5bbc64d508568931aef7c1568f57aa07f71f	19489	0	69	0.7	2700
b8e64b861274233fd90f97537ac909b3539b6d2e773c7c041779887f556b844c	587656	0	800	21.9	2700
b94027d5d8369663d6e29d6b733acd7f1f4a3155d1d088936380f60a77ab1c0a	11840850	0	6569	117.0	2700
b9cc70551bb3a5b48ba3b592293d65d87beacc2379b21b0667804f65f3c8828a	11783	0	73	0.8	2700
b9d9cfda563bc3f6f34eaaf34845613bdf9c8c2d80927b5148e5c3198688014d	44844198	0	6781	103.2	2700
ba317419124608cc836a0bebb194693a42a6c159dee7ba3acee08530943abf92	1688	0	41	0.3	2700
bb0a52d7e16d1c38d3cbb36180d4303833f86aded1f8564a9d1ddb62eaea1dc2	139652	0	199	3.9	2700
bb19993d43745cbbaedb58ba6950fdc41a37998b41d890e82194cc683ca03d62	170654	0	217	4.1	2700
bb3127b793ab337df614ddf75bcc7b03b5a2a45c702fe0ba4463dcdcc5251338	9624	0	67	0.8	2700
bc627f0ee2f5c5829c076be03ccc953a751bc714c954830fc2fc2128da9b36a8	944304	0	1195	19.0	2700
bc7f9ed6c41ae7b61d1f3049212d20ebe76a73df03c7f4fe99cbd98faedbf2d6	2963141	0	1387	22.0	2700
bcb2c11c80a58f004fe04860a906e7a3203ec807181f404db739ca7ce49c5966	882357	0	339	5.7	2700
bcdb81ab5be9dbdabe12cb93692ff449539a79b725b345c748c8a0b82efcda6d	9098347	1	0	109.7	2700
bd13379117da4efb3c38ea2b909bb440ea353f7df3b1e1c3ee9e79bc3af90ceb	945342	0	357	6.1	2700
bd32b468291ea60beac7eb2aef59b1fa06e7b387278665ad31266f66c543ef19	1287639	1	0	20.0	2700
bd5b0fcf392bfc6f45d46c9dcce9fab4c86d8b63fd2a7efb33ea05c9f2d680b4	11799457	0	6624	119.1	2700
be0196359ca1794934d5c9622d42d608da3426b1f993db7c91e995b7a54815f7	2005129	0	1583	28.3	2700
be1b336011fc6ee3dbd82ad0714e64a029807194527ceae26bb3f48125c7cfe7	8209917	0	6056	77.3	2700
be7b374a940cac25153077183ae2f2b8b4e6f417e4dcd1ef9fd040432483169e	827399	0	457	6.8	2700
bf627a6800a7dec0110e212d502be2f2c1ee80b35f132715b2ecd4d80cfcf37e	210425	0	74	1.6	2700
bfe3de86aece058c7ee9b16beecd0dbd09e24bc7bdef4cf8d0c0cb715aa538a1	9559518	0	26606	921.7	2700
bff9b9776ecf8862555c837bfed74d93f49a32babb0be3877977f6ce0ffa4390	253799	0	129	3.5	2700
c04f739288bc4c5ffe39f5f8fdaebb88824373dabd432dbd0bb638005f8b33c9	172165	0	92	1.5	2700
c07cf7b7b94f2b85ba976074260695555b0bd07f5b2cd322141d29db6f5b4b58	400484	0	277	6.9	2700
c17c7b7772569eacc59710b3e5426351fad42d7f7e7966f9c38dec9331a8d273	1119030	1	0	13.7	2700
c21fa3ef18b23cc358778b77948dcdd965ba47d45b8e5225d4a5736944d94062	2373184	0	884	10.7	2700
c26e9458d8af126719e412ccee6101ab07ffe22f10f4f9cb1128bd34ca1340fe	869451	1	0	15.5	2700
c39aca41a2fcc8651892dedf5779e9db5792cdfb777e1310db018c21545519c5	10842	0	58	0.6	2700
c4624acd32d08db5825cd0b92beb6ba5ed9019950d787571774743d65cad702a	28881	0	90	1.3	2700
c47343672540bd52deceeee4188f269678876190dc9e0dd33dd5c88f831eaa93	306059	0	116	2.3	2700
c49c5fd97ad05f80e5520f746b049ae7d8318e142b60ca0e252d102e88a3f11d	2726319	1	0	74.9	2700
c50d4b529d5d32ec34828985494b8520bdf1a65327314262796a9090bf7ba6bd	770146	0	423	9.4	2700
c518e249aff798d13f636da43e39ad7584af4dd80fac20a5bd1b2711c5b1f5c1	10680742	0	7678	107.4	2700
c51a32a3b1c0b07018d09b4132356eeed9175548b93c5f3148766ebd7db05870	2819178	0	878	12.5	2700
c55ba70dc12ed5080afe72f95870aae0c6d739d29b1f10e77b2f0b8ec4c91297	319754	1	0	3.9	2700
c56aa8f7d9f23c09d4d79e561d1d4c3160ac473cb71debe6edeccb90d4ac508c	325058	0	111	1.7	2700
c56ad1da39c3050e89f34d344c854d71f7cd97c1193ae6924ab72d4e457d0d96	10790777	0	5974	132.7	2700
c575728584bc32600e9e2bf231e0147d894abe9ad92dd604af50d349afa88e9d	24861364	0	22343	544.4	2700
c57cad5e516c3dbba4094876b1db90bfd366696251c599a5aefa5a56cc36e7e8	419082	0	396	11.2	2700
c5c63c47f8fcfc2f3db4fa43a477eaa70b683bfab0a6b7daa18bca0e608716a4	3371417	1	0	48.9	2700
c6078b900624cdb1b05c58d444e8c3b84a4ee3df810c5b15f53f3c919c1dd756	1119507	1	0	14.3	2700
c64e1ba494c62854a763f5b4a54f1c8ee4c2b86faa63e95144dab59176373a58	36233	0	90	1.3	2700
c685a32dea9916c3977ccc4d5f89ee8fd9bc9e211bf19dfc43c0a2598cf1a745	84384919	0	28688	634.7	2700
c6dbb859bea68efc8e1a406ce64b85e74b7e2791a7e2f1d197795c6c609b8883	28525	0	75	1.1	2700
c70c27ba23b2528d4c54c103d613ef1be5ed86113dff27206ed63d11e3f3220b	80806601	0	27419	649.2	2700
c7451e395c7ebe19ba811a5a335e1fb1248dd13bac05b1f8dce296535bfa68e0	81899081	0	28280	663.4	2700
c7797afd371668ef069b7ab2eda10e4f071f6a84a9e057407a3a9b2cf913e226	573105	0	922	25.9	2700
c79e676e171cf3f8641f96b89f9b0524810f0116223624a9a11e95fb34d06662	11926335	0	6528	116.7	2700
c7a706c67b51c7317bd02b17d83972cdfb269cfde6257cc09062d9c38a950bf8	10502205	0	5790	79.9	2700
c80301ac725793426dcb11897222b0be4f59059b0b3b2b2920a7044e84825513	1619223	0	1051	17.3	2700
c80387d661cc3aac33c3f7b1f0b0d8b3058e11a12228188b7f866dc195b39205	9098325	1	0	118.3	2700
c813f53d5720fc80cecd83b6213ee8e4ed25e4cf50ea62fe081d54d757664599	59697272	0	11557	244.2	2700
c84ebafe243eee3e25cc1fcb599b250d5fb681a42882656f6cacb9bcdd7dc0e5	656168	0	353	9.5	2700
c8982e33757a618f75ad861d928b2914f9609a1a5f974fc0c473ee44971b6ac3	51276709	0	16916	273.0	2700
c8b42d166a289ccc45072b2f161bea19463d62490797651917239773ef9bdb83	264840	0	106	2.4	2700
c907308fa9468fd1183b0ce8661e247f4c694b1356c263840739146836747748	14250	0	49	0.4	2700
c917bebcdd2767ed6c7c18edec5de7c7031cb1f05e578f50e5235e6cd2c44e0a	660540	0	357	9.6	2700
c97ad2387e46d409d18714609c64fa0a8513f5420d7ddf2e7dde682a451bab4b	1652299	0	805	13.5	2700
c991b0005ec2252433f0689385d639275c1b85b0c0207b0f99fc5dd5d1bb5241	120755	0	176	3.3	2700
c9e20da08bf9be89bd750adb8286f2929ac4af0a222c69b290fe0276aeabb8fb	11754771	0	6533	122.2	2700
c9e94f7a8b9d1d5ed712712c04692a579d4a096b479919dcab8a8debf9d80984	69401108	0	23719	487.4	2700
ca1adae22f47382b4fc17a833345a77e69afdb71be933aa20cf11388681d9301	9779994	0	7170	173.5	2700
ca61a05ca8ab54d41f177bf6a9a10dc30eb6ee8a54a96b00df4f9b77c5d070dc	9348100	0	25344	719.8	2700
cae0637e4fac00cb4846784ef156d55192800b44125ab7a363cc88fe956c310d	3824862	1	0	13.4	2700
cb0823bf99fa59ea6363d0d9544a4aec32544efcf8878b10d4e2b371902c24e4	11799125	0	31692	1138.6	2700
cb6b1c7b70b67d563b7d519692daacf454745a44d839029c4505cf5a20b0ba7b	2125715	0	1747	25.3	2700
cbbf247b775486692ea1b308625b548ca115e34a19a074bccd43a341c10a61ff	11856692	0	31692	999.8	2700
cbc03a05256430df93c896474d904e57ca61c90f6e45d28e648b0d368b6e39e0	6948051	0	295	2.8	2700
cc7e8463b48986656ebcc06c21db3caf9c92d089e62ad8e88fc610c59223beef	11789039	0	6542	124.4	2700
ccf555cd2c0645355458edb3fc03b4726b5c7914a2066ffaefd4fb0f95a18af8	1819583	1	53	37.6	2700
cdf32573a9a65a8ed9007c222224b1b07b382365d44fe1764566ee0b776bca17	919473	0	212	2.6	2700
ce75ef95aa698811ad0cbfd7bf485e8630b3eec5752de43fe4675a098153534e	11649017	0	6588	138.5	2700
cffb83b4ce0874c105875cc9427ebf7f4588bf3806bfcedc849459d16b517157	9889968	0	14468	486.0	2700
d0208b3d35ab47ace5d0b7ea458abc826154adf640a9be9934991f1ec7932f27	18362579	0	22348	522.1	2700
d04e48aef029f032468df6a23a06e2cdab610050632ec3943e4738a005a30865	3498725	0	5807	91.4	2700
d070749054e53741b9cb0dc135a2cb344e7ca9bae8f569a29b476df235a858aa	11699291	0	6615	121.1	2700
d0b9072ec830ae107709ad2b5b9b3c6a5c841a51a358c50746984bd0a008a4d8	8348908	0	6258	84.4	2700
d0f7a5bde3233518cd0249c80f629b7ce6efb4a12468d80b92bbc64569da3b33	2963166	0	1387	18.1	2700
d1c4b2f2555fcacdac0bd5ce1ba7dc87a192dc05a95a3834261f7de32e222367	75451059	0	15965	464.3	2700
d2b02ad22bfc94227cda21ab7a7da6e041fdf55ab60648ba1a2399fd2eac9e7c	615035	1	0	11.4	2700
d2dc23e9de5690536e870a5719d6bd9d2afc25349a30ec1bcd06d05526370414	2005101	0	1583	28.9	2700
d300394bc0a5138f335ffae01e5c4e1d992c314721e1a20249070ae1df3ed68d	2256272	0	872	9.4	2700
d4480031831ff96894d5409dbe18e02398fbde5fa32bdbf985906b503c63e61e	28058	0	83	1.2	2700
d4b7d1e464f7f44814b793341e2ec18a75e8b6494259d795bdd56cadf5031d47	11490326	0	6442	152.5	2700
d4f0f0b953dc6d31131b691a332cc78793969da0afa10a827f04c42620f921e0	8823198	0	7665	156.0	2700
d557ac808aa1ea2c1444fc866eb6b0a6fcd461fb8d90400b4a0159b9dbcf13f3	80889	0	76	1.2	2700
d5f01498937a0e719239e5d5b1a334a952b553ac88195fa519484ef4f634977f	170654	0	217	3.8	2700
d65bd00cfbae7ff3c3806012e6b901304ea43bb1115fd1dc629e0ebc0513ff28	7976327	0	5931	79.8	2700
d6745d172ccd018dbd2271bbcb7289002ffd90d04bf618291875f9045a591035	46629408	0	7665	117.2	2700
d6c4f3fd8fe6cc755aff377855ac49705d747e6d374198c5859385804c4ba11d	9320325	0	12552	319.2	2700
d6ffa5382500d581582736220f6677ce7404e5890553d6a7ec3a4d574787cfac	2266804	0	208	1.8	2700
d7408c5e95c5a06cd92e947a4b61de1cbfca266f704055d203245f58599f332e	7844723	1	0	76.1	2700
d7486791abf6a67e766c828a8d5b4850f43104a656a2b4750a9706d6e8bfa48f	170654	0	217	4.0	2700
d86756cee7b54fe4fd5f7a8c8b13d0a0af6de74d00156c3f26a11e9ac3c537bd	13981404	0	7678	119.2	2700
d8a3759ff27f60c582f2e5514ebce844a5c8c4c4847882e5bec85f75b6dd6644	427021	0	110	2.6	2700
d8bbe09546c5cd0f3796870d341029ee2d19624e5dd2ea9909a36c2b612dff6c	545662	0	367	8.7	2700
d8f02fdb19d6a59e0573c79acd6bb1b02e727e67435ff0dad80dd907a783b410	2229934	0	868	10.8	2700
d90fc7ec005e82aa729ad52a371a14b8d3ac894f7c766303ae244f30480295e5	43898500	0	12990	215.2	2700
d9429bc1baab80a8ea61a9e6e246dcc1a96a0e699882e830db5d6ffededd554f	10931466	0	6056	129.8	2700
d9c91d454b6e5f911d9e894584edb58a2c368c843eaefec3c29b0bf50cd4591a	934814	0	351	4.4	2700
d9e2f01bcd000623cdc8c0f204dac1e442220e218b16667cb118a25f91ec990f	13041155	0	7170	114.1	2700
da690e6b7f6a3ac118540c022dfd198c9c383f499c5fc23849d7ab774943094a	7956495	0	5748	77.6	2700
dab37822389f83f2f9d62a9366a27d5b9bfd20ba57bceb2596dd172f1f6cd9ab	763558	0	430	9.9	2700
dacd9fb474cb571e24310ea5dce7480adbf788b771bfcd7928dc1936c065b4fc	21697	0	92	1.3	2700
dbe40d72c796f9ebd58e283d2885458225476bffdb47268b34f74899675fb3fe	72459574	0	14608	494.9	2700
dc24d6956e6b962fc3e5cf322eaaff1dc1adbc8e529ac8d23abe8a855562c2a1	304784	0	118	2.3	2700
dc2f9d7539464fb83836a2a8256a3ee3986aa812b2f9b7476ca8513093567b69	166915	0	98	1.4	2700
dc65a747279e1acba7395bad6ffc8c9e41a4a74dd3f10c34ac994e9fae053f9b	69016938	0	14256	333.5	2700
dc707732cd63a3b640e567089509d81e805ffaa8a6af2282e6cf80a58a444559	11901570	0	6569	118.8	2700
dc89b86d0bce1dfe5f0a018f8141e6ca5bd4c6df4641dea2cdadf81d72d90417	796442	0	306	5.9	2700
dd1b52c463215075d1542d026add15ae8ef9add0077e71de446132ac541ba81e	3639919	1	0	12.1	2700
dd449bf9caa1710176bb366192fd8349dac02a36ae9ad64876c932bfa540ff40	85894	0	140	2.4	2700
dd5daed351b38d0dd5bc31a0389dc083f792496f46efaf484f4a8e438876371a	9841	0	69	0.7	2700
dedfee9ad6a676c2f7186b8e2137d887d6449cad8b7af8253aecdaae24b27977	3319366	1	0	14.6	2700
dfb27518884bb1b5940763ded19c8f848e2e519ce5f29a37420ec4e5312390d2	5037451	0	2072	25.7	2700
e0ae620f1e3d9e91fe877f81bc8c7a5f5e45f2a032d1f7c5482b64d3f3513159	42858	0	69	0.9	2700
e0d3d6b64f64ed4c0da548a192b6c25f3cece3396cf989c460a7baaa6b4ef055	2044	0	41	0.3	2700
e0d56e38e4cead8f5fa65c0b6c4c83689760159ef15cf81c07c34e066189a193	29986	0	68	0.9	2700
e1443064ba09294701058db89c25a88588e8450c1e14d47188d3ffdf002caf6b	1765981	0	3707	58.2	2700
e145ad381fe4277ec2e558cd19b86af645e76479eab8ad5801eef63c976a7fae	350420	1	0	0.0	2700
e1d6987c249bc743a82c97a2727200b1929e4026b2f23b0d1e38d04156c929d9	2302001	0	1416	17.4	2700
e1e8be7f38ba54ee295c527f0040e7a4e42f704081f1e2c40bed5adf2ad8894f	4886	0	52	0.5	2700
e20b5b1261565f8992aab6f7d280df8430ff4ebf97b2e4d2b81321f63d5706ee	906084	0	400	5.0	2700
e221b26d46fb95cc23b3c36ded676e24621b2a97036f6d66bd675f82d5ab6ded	11695079	0	16182	566.2	2700
e25f1e86ad34c9f23f25b077eff63be50e45b896454114126c4c51fe2199c233	735954	0	401	6.3	2700
e2a0041f6a9e1c4096abf80ed6333106e9254a5fe563a6e8e41dc48097c255cb	21054	0	77	0.9	2700
e2b66f951663e9bc3f2cafbae148872507e56f395cff8f6b314be9812dec07de	9145899	0	23070	574.3	2700
e2fd4495dfa88782b9d1f3b1dde78d25f513a21ecfe0af17b86c71d9f069d898	12933115	0	7158	107.6	2700
e3debc9a9f2f81470c74894b496b26b2c7446839c010289ba693d493ea3dc7ab	7907242	0	5765	78.9	2700
e45f78af6c22c3a798e76fea7d5e43331a6debd03082c5009591e34fd6981874	2234313	0	868	9.7	2700
e4a46359c981b25980b8f168af8d63b10ea58502194be4f9f1be98dc8685f7ce	18413862	1	0	81.3	2700
e50be145c81729fea288513d603c7aa561102724ad07fd48109da806d95f8c7c	12015391	0	6729	106.0	2700
e53cb0a76c626a971b545cda9461ddcb1512f4f92d9626676a2c2e0916d1c3c0	9841592	0	14394	510.3	2700
e582fb53f73e07412ce633531d29f3867668e1ba3b54c5f8b461c783c5f3e21d	659018	0	354	9.3	2700
e58c5f8c5062a46f30b5f43dd1a98e803ad3e889def65c633fd017f17271c29f	38506	0	62	0.9	2700
e650f1b3c7a245d65e9f10c82c60906bd2a97a04defb1ded1c0523334125ecaf	29922	0	63	0.7	2700
e6547afbb381896b28ad8ba4a2552804ae632bfe5e5f4b3fa83d34fa3eda2b19	105973	0	110	1.8	2700
e6702d1a528f310c754a782da9607acabac5c1b26da2aad087173115a1ae4615	2963160	0	1387	20.8	2700
e6a0e39ddef6e1b72902d2536ec4f10a38beb96f64c2f3e44be593bb1fdcd721	427250	0	111	2.8	2700
e6b385de650460e69bcd910ce8cdbae40148bbb02f50e186e018fd6e59f838f3	81005	0	140	2.4	2700
e756f4bbabbe492614074043ff83b4b409d298175cc9f3c88b4b440123ee3c18	10037	0	53	0.5	2700
e7633e1e0b406eae4f0b56e5b821f64a9106c50d2921d24a2c241744035c16c4	882929	0	339	5.5	2700
e7a38442a26d1f81a78bbd33424ba8b02ca3122f7dcf5cdda380d19493550f15	722859	0	594	14.5	2700
e7d5621d85a4a595d8c335d3788cc55ce47fd279f1485a4edc204beab2dad3b8	609002	0	338	8.9	2700
e84499638b318b9960d4f0c5edd7c26bb45ada851224e498483cc382c7b3c6ce	301873	0	287	7.2	2700
e888f22486ca7c5543edce121947b47aca266865bc13a81cadf205057b8f4546	413703	0	809	22.8	2700
e8ab17e7b4a24cce13618c0724d393dacfdc80f288d34259e0a9862e7f27694c	2965217	0	884	12.2	2700
e928ca8fbcc4dcb497a8cbb25ead25b7365c44d4d39ef9926cf119f9fc457ef8	3839834	1	0	12.4	2700
e9b761006bb5c9a95fdcad50fc33d11f396b3f0298d3bce4e1d78dbe7fbfe921	311821	0	669	15.8	2700
e9de0e3c0e54d45f7f7fa41bb777d7b8bfb46dcef68b246bda16d8eff2e04b2d	223501	0	224	7.1	2700
e9e3e8c2e24db88e950ae00c1faf5cb82e43bd7853ac70d16757ac91dfd7bf45	5647749	0	3417	40.6	2700
ea00ae795347dc6621ab2999a4956176ffbde63df783c7a91762edf1b59ca892	74981	0	159	3.0	2700
ea2538797f7ab72eb22ca02ce0a6b7df53a74dc15c57bbe783d106d6fe19db4e	10877776	0	28443	819.7	2700
ea66b141d522535ced5d305e1aacf8200c84f2e968a6d9e10051e857988e3979	10140358	0	5430	72.4	2700
ea6b90e407eaf71881e166ff609e675b1dbdc10230967d14f2058531af5a55de	28150	0	85	1.3	2700
ea94d61f6eb9a9ae2cf3262303d0b8e745fb5922db4f51a26140a1d9acba9314	11650706	0	15965	616.3	2700
eaf7ba2a29784f7c198c5c01c9ea9e2469eb0faee510ea04e65631443643ac3b	8932951	0	6569	115.6	2700
eb6719262bccad760c16dfbecc9c26322d0533e13e32e76cd56be1259cd4e4d8	63778	0	80	1.3	2700
eb734b3fee2e81901f7c175f8fc7130ee0a390d0689e0a0042f3b657c1335652	3155352	0	1217	14.1	2700
ec145b6371783737a3bd34b748d8369ec930ba03308e87e4048c9912442377a4	941437	0	354	5.5	2700
ed29b80104b5751c864b4268572281ab07000bb9a46708f605f1e91e191acf06	61148	0	99	1.7	2700
ee15d94f5028b36d848e0567031b5ba7076828c9094e26004955148fa3fbc4ff	943401	0	1195	20.3	2700
ee6c7a46328ed8a9f01f475dbe7d11e931f283a416e05c2fcf69221261204062	4039289	1	0	13.2	2700
eeab41737fc4c4aedc88b07bd37a5d815778f247664bf9c7b5df698d080143f8	63022	1	0	5.7	2700
ef1e76752f5c093ddf02f5a1ef25e5685e166d81d5a815db037e3eac8b6ca6fb	678670	0	372	10.6	2700
ef317b14d8ddd92634c020fd1b07dce1586f499f8f7334eba384bb8ee577523d	3526163	0	5807	90.6	2700
ef508b073490db9a6380bfda1247318e9b200fc2c412b971a4110c8d4ce650ee	9118738	0	22675	564.2	2700
ef87352a63f0cb8951f5a546764e42b8c28ee914e9e623caabb66b34e577c451	14279270	0	13281	234.1	2700
efebc34c41a39d98ed218e09590e14281a3549fa3ca8bc14361eb81fb52cbe44	11632051	1	0	175.5	2700
f0a738689a28183a82c0634a836559a5cb02d9b0e64107f59b8b0c26bf040827	8903144	0	6597	111.9	2700
f0c75d31bd4905031cc5295192a28228caada483761098278d21a857c2531c90	1910870	1	0	55.5	2700
f0e0fc8fffbffda45bf5f3df59846443c1d47a3cfcbfae232eedf4743124ebee	8028700	0	10508	139.6	2700
f368e886888436f308b9adb3ecd198c0e47f098db700ace8e646155d70582608	382940	0	367	7.4	2700
f4081494707eb5ff6486397b366079b5375fcedb666bbe1604fe91bc01a4affb	941569	0	457	7.4	2700
f574715266dd9224e8c39326b536371c7360b2d074f62f10f4cc17e927941dfb	663712	0	359	9.5	2700
f57ffad87f0ea2e4a14ba030f7d24c5c5dbcd285805400c3d01433e26927e35f	7324	0	46	0.4	2700
f5cb9f4aff61f9af74e495d96798e2c9fedd55a58f5bd0830df9deb6808c2b45	10188467	0	5541	69.0	2700
f5da53c622eabe47a03abdb387bddbdbfd9b61ec5d3779296b54dcc87c8cd0d6	2794399	0	868	12.2	2700
f5e7a540d44b2a928495416db5dd383b9d8b21ef15348be69da907b0be831128	27723	0	74	1.0	2700
f65f271f48a3b9d4eeadaedcc1a40f964a8e4e5bd6020f47ef104c7b46807883	126206	0	87	1.2	2700
f669e8c3c34f2b73ba2d337451fcff6e3376b7322340ba7374b08c0ee6be367c	97676	0	87	1.1	2700
f6c84cc65904996a1a16cc8c2e9f51feb3307b41b24a16d1816fee3a7b803558	9282790	0	10255	167.4	2700
f85f6431af7039dc32fac3259181d933f063629606060e3a1e6fcb60cfe07b91	45213	0	110	1.9	2700
f8eabf93cb4a03961989a595179998c79bf29d3f177e2d532d4313eb0d303b12	8282049	0	6175	79.6	2700
f99afe7ec7c4ab6074522f82ab2831743fe8225d00590cf9afd216f5f4bd661d	70517113	0	14608	325.4	2700
f9a839a6596486ae30237a5a24b7e29c06870a849a4d587a2f28f8f86542cefa	8465548	1	0	77.1	2700
fa194cf86d373e8bb6dc1af3730f230626723fe9cb9884b2b947e3c1a8e099b0	399688	0	233	5.5	2700
fb52ce8d7199488e93371179653f2ba1ac1286fa836e4650f0f7c170a0885243	2928969	1	0	16.3	2700
fb72cec3c9b8b6678c9fd598c3b67dbca97193c9a986d3b18f2e7b97b146eea8	230476	0	93	2.4	2700
fb9b65b98f06227dbd877a133bae1343edf81dea9c22205b720e25345c8e6188	7911407	0	5724	80.3	2700
fba83fd7ff9ce87eafa0fbbc15c382b176dac204ca21b72df1a8c361441d9ecf	3726556	0	5182	70.6	2700
fbf1b84db026485b8bfb1b80bcc02dddda60a08b5dfe60ec0954ed9a3fa0ef98	46098	0	87	1.3	2700
fc0cadfacb8ef94258b1f7f088aa3eaf8de39df8c4fb5b22262f562ba4367319	1329788	0	366	6.8	2700
fc1ed74e29053f42e3aa01363a8a797bbc1016311e8f21c02cf6223c29997fdb	143740	1	0	0.0	2700
fc44d89c7999e2d9fda6240337dc8c6f9b74b8c58d9af4e131b65141317ce237	9863755	0	5661	131.4	2700
fc4c974c0db53e414db9624af37ce27cb08f9e5942383298b4afb5b2684ed2db	10610267	0	5748	77.2	2700
fcdfffd3315af845655d92f2b37632cf4d9cd33afa5ae34112ef2156563baaa3	17258380	1	0	96.2	2700
fd59f89f18d134f901d6d42b7aabad1c8afd4e2eb733823ba50944c034f1095a	935759	0	453	6.6	2700
fd67754aded3863d0f0c81757f5b14992108ca317d6395cb4cfdda8340f42b9d	478721	1	0	17.1	2700
fe780c66873f281f4aa31dd1f77f6665592c2156f00c5e5295d91cb6ab00a6a1	3299491	0	1246	25.1	2700
fe8b00c68174c422b7c5410477991bd62e0beec017a9752caea02c52806fe12a	314769	0	308	6.5	2700
fea6355d1cf042195b94db5e80b0dacb2a0d8b94e2fb0298c04ea68ca0afbcec	21659	0	55	0.5	2700
fea781f7ee4d3bfaa90ceb14900b98bab7d5edf7313ca697c24784685329b5b7	14527601	0	15300	266.2	2700
fedb415fb6a0479c12ed7cacd0bc6273a41f77fe3c8c86fda3acf898f7afe532	10882259	0	14328	488.7	2700
fefa1ed3ba5600378f67e074f5354e90e29ff477c5925d92165da56ead95b626	3191843	0	2039	37.5	2700
ffd005ccc2c84bd4bc659b3e0259d60d86dd9066bc884976d5d8cb6f1c65522e	7360790	0	1711	18.5	2700
ffe0c71205dec68c801399259a33cf809efa396defe320f8d472aebb0e384fac	71072	0	98	1.5	2700
ffea4a4680c59d5b114d977aa49d188788e8da37ea66493cb559a65c3443cfd5	236455	0	116	2.8	2700
