name	corpus_line	source	locator	revision	sha256	evidence	reason
bbci.co.uk	246	apis.guru	https://raw.githubusercontent.com/APIs-guru/openapi-directory/f04b8d0bcd39c52e1cf3ad7a5fe744709832ae49/APIs/bbci.co.uk/1.0/openapi.yaml	f04b8d0bcd39c52e1cf3ad7a5fe744709832ae49	eeab41737fc4c4aedc88b07bd37a5d815778f247664bf9c7b5df698d080143f8	CORPUS.md:54 manifest row (api.apis.guru URL, since c5d427d2b); served sha: docs/openapi-surface/witness-search-apis.guru/enumeration.tsv (walk api.apis.guru/v2/list.json, id bbci.co.uk/1.0); directory sha: same file, walk APIs-guru/openapi-directory APIs/bbci.co.uk/1.0/openapi.yaml	Fern golden generation failed (do not retry)
canada-holidays.ca	253	apis.guru	https://raw.githubusercontent.com/APIs-guru/openapi-directory/f04b8d0bcd39c52e1cf3ad7a5fe744709832ae49/APIs/canada-holidays.ca/1.8.0/openapi.yaml	f04b8d0bcd39c52e1cf3ad7a5fe744709832ae49	8c532ab671f9f0ebabc120a6d1d7d5fd8ca348676b2d3156c3d0c08db95bc8d2	CORPUS.md:61 manifest row (api.apis.guru URL, since c5d427d2b); served sha: docs/openapi-surface/witness-search-apis.guru/enumeration.tsv (walk api.apis.guru/v2/list.json, id canada-holidays.ca/1.8.0); directory sha: same file, walk APIs-guru/openapi-directory APIs/canada-holidays.ca/1.8.0/openapi.y	Fern golden generation failed (do not retry)
groundhog-day.com	271	apis.guru	https://raw.githubusercontent.com/APIs-guru/openapi-directory/f04b8d0bcd39c52e1cf3ad7a5fe744709832ae49/APIs/groundhog-day.com/1.2.1/openapi.yaml	f04b8d0bcd39c52e1cf3ad7a5fe744709832ae49	e650f1b3c7a245d65e9f10c82c60906bd2a97a04defb1ded1c0523334125ecaf	CORPUS.md:75 manifest row (api.apis.guru URL, since c5d427d2b); served sha: docs/openapi-surface/witness-search-apis.guru/enumeration.tsv (walk api.apis.guru/v2/list.json, id groundhog-day.com/1.2.1); directory sha: same file, walk APIs-guru/openapi-directory APIs/groundhog-day.com/1.2.1/openapi.yam	Fern golden generation failed (do not retry)
codesearch.debian.net	301	apis.guru	https://raw.githubusercontent.com/APIs-guru/openapi-directory/f04b8d0bcd39c52e1cf3ad7a5fe744709832ae49/APIs/codesearch.debian.net/1.4.0/openapi.yaml	f04b8d0bcd39c52e1cf3ad7a5fe744709832ae49	266d68e1e6f7bce1b1416a776da476839bb4efef993414f75d68d0635395473b	CORPUS.md:62 manifest row (api.apis.guru URL, since c5d427d2b); served sha: docs/openapi-surface/witness-search-apis.guru/enumeration.tsv (walk api.apis.guru/v2/list.json, id codesearch.debian.net/1.4.0); directory sha: same file, walk APIs-guru/openapi-directory APIs/codesearch.debian.net/1.4.0/ope	Fern golden generation failed (do not retry)
appng-rest-api	302	github-raw	https://raw.githubusercontent.com/appNG/appng/8d9ff98f7d3ddd3e74340bcfb322c12df2ed189b/appng-rest-api/src/main/resources/org/appng/api/rest/appng-openapi.yaml	8d9ff98f7d3ddd3e74340bcfb322c12df2ed189b	—	CORPUS.md:95 (row 70, still registered link-ok); dropped in 55e7a6174 (#124)	Fern golden generation failed: generator exits 1 at 5.20.0 despite `fern check` passing (do not retry)
conjur.local	304	apis.guru	https://raw.githubusercontent.com/APIs-guru/openapi-directory/f04b8d0bcd39c52e1cf3ad7a5fe744709832ae49/APIs/conjur.local/5.3.0/openapi.yaml	f04b8d0bcd39c52e1cf3ad7a5fe744709832ae49	e6547afbb381896b28ad8ba4a2552804ae632bfe5e5f4b3fa83d34fa3eda2b19	CORPUS.md:64 manifest row (api.apis.guru URL, since c5d427d2b); served sha: docs/openapi-surface/witness-search-apis.guru/enumeration.tsv (walk api.apis.guru/v2/list.json, id conjur.local/5.3.0); directory sha: same file, walk APIs-guru/openapi-directory APIs/conjur.local/5.3.0/openapi.yaml	Fern falsely returned success while stderr reported an OpenAPI parse failure and an unresolved response reference (do not retry)
asana.com	305	apis.guru	https://raw.githubusercontent.com/APIs-guru/openapi-directory/f04b8d0bcd39c52e1cf3ad7a5fe744709832ae49/APIs/asana.com/1.0/openapi.yaml	f04b8d0bcd39c52e1cf3ad7a5fe744709832ae49	4ce2c6eafa40cc6e3d40c1b2534cb95fd0d8511902a7cdb00a8c4847b239510d	CORPUS.md:51 manifest row (api.apis.guru URL, since c5d427d2b); served sha: docs/openapi-surface/witness-search-apis.guru/enumeration.tsv (walk api.apis.guru/v2/list.json, id asana.com/1.0); directory sha: same file, walk APIs-guru/openapi-directory APIs/asana.com/1.0/openapi.yaml	Fern check failed with 17 fatal diagnostics (do not retry)
apideck.com-pos	306	apis.guru	https://api.apis.guru/v2/specs/apideck.com/pos/9.3.0/openapi.json	sha256:fa194cf86d373e8bb6dc1af3730f230626723fe9cb9884b2b947e3c1a8e099b0	fa194cf86d373e8bb6dc1af3730f230626723fe9cb9884b2b947e3c1a8e099b0	served APIs.guru document; its bytes are pinned by the digest docs/openapi-surface/witness-search-apis.guru/enumeration.tsv records	Fern check failed with 4 fatal diagnostics (do not retry)
atlassian.com-jira	307	apis.guru	https://raw.githubusercontent.com/APIs-guru/openapi-directory/f04b8d0bcd39c52e1cf3ad7a5fe744709832ae49/APIs/atlassian.com/jira/1001.0.0-SNAPSHOT/openapi.yaml	f04b8d0bcd39c52e1cf3ad7a5fe744709832ae49	af66914f0d43b7c45c46a69e7619d3a7e008eff4668fc4caa43145170f9b97a3	CORPUS.md:52 manifest row (api.apis.guru URL, since c5d427d2b); served sha: docs/openapi-surface/witness-search-apis.guru/enumeration.tsv (walk api.apis.guru/v2/list.json, id atlassian.com:jira/1001.0.0-SNAPSHOT); directory sha: same file, walk APIs-guru/openapi-directory APIs/atlassian.com/jira/100	Fern check failed with 3 fatal diagnostics (do not retry)
axesso.de	308	apis.guru	https://raw.githubusercontent.com/APIs-guru/openapi-directory/f04b8d0bcd39c52e1cf3ad7a5fe744709832ae49/APIs/axesso.de/1.0.0/openapi.yaml	f04b8d0bcd39c52e1cf3ad7a5fe744709832ae49	7c98e4ebac0114447b59899ef3e6e2dd2aa26ba439c159f3ac088cb582978248	CORPUS.md:53 manifest row (api.apis.guru URL, since c5d427d2b); served sha: docs/openapi-surface/witness-search-apis.guru/enumeration.tsv (walk api.apis.guru/v2/list.json, id axesso.de/1.0.0); directory sha: same file, walk APIs-guru/openapi-directory APIs/axesso.de/1.0.0/openapi.yaml	Fern check failed with 1 fatal diagnostic (do not retry)
box.com	309	apis.guru	https://raw.githubusercontent.com/APIs-guru/openapi-directory/f04b8d0bcd39c52e1cf3ad7a5fe744709832ae49/APIs/box.com/2.0.0/openapi.yaml	f04b8d0bcd39c52e1cf3ad7a5fe744709832ae49	8fdc22ddf19d734dd3372a5545324ac43eae55e169651e22bb31b85f0623bc9e	CORPUS.md:56 manifest row (api.apis.guru URL, since c5d427d2b); served sha: docs/openapi-surface/witness-search-apis.guru/enumeration.tsv (walk api.apis.guru/v2/list.json, id box.com/2.0.0); directory sha: same file, walk APIs-guru/openapi-directory APIs/box.com/2.0.0/openapi.yaml	Fern check failed with 25 fatal diagnostics (do not retry)
corrently.io	310	apis.guru	https://raw.githubusercontent.com/APIs-guru/openapi-directory/f04b8d0bcd39c52e1cf3ad7a5fe744709832ae49/APIs/corrently.io/2.0.0/openapi.yaml	f04b8d0bcd39c52e1cf3ad7a5fe744709832ae49	2c08e583ed4b1644fcfe3d66e1d1eba2bf8e98ca1691ef9463cf1efb64fc663a	CORPUS.md:65 manifest row (api.apis.guru URL, since c5d427d2b); served sha: docs/openapi-surface/witness-search-apis.guru/enumeration.tsv (walk api.apis.guru/v2/list.json, id corrently.io/2.0.0); directory sha: same file, walk APIs-guru/openapi-directory APIs/corrently.io/2.0.0/openapi.yaml	Fern check failed with 2 fatal diagnostics and 1 error (do not retry)
esgenterprise.com	311	apis.guru	https://raw.githubusercontent.com/APIs-guru/openapi-directory/f04b8d0bcd39c52e1cf3ad7a5fe744709832ae49/APIs/esgenterprise.com/1.0.0/openapi.yaml	f04b8d0bcd39c52e1cf3ad7a5fe744709832ae49	ba317419124608cc836a0bebb194693a42a6c159dee7ba3acee08530943abf92	CORPUS.md:69 manifest row (api.apis.guru URL, since c5d427d2b); served sha: docs/openapi-surface/witness-search-apis.guru/enumeration.tsv (walk api.apis.guru/v2/list.json, id esgenterprise.com/1.0.0); directory sha: same file, walk APIs-guru/openapi-directory APIs/esgenterprise.com/1.0.0/openapi.yam	Fern check failed with 1 fatal diagnostic (do not retry)
etherpad.local	312	apis.guru	https://raw.githubusercontent.com/APIs-guru/openapi-directory/f04b8d0bcd39c52e1cf3ad7a5fe744709832ae49/APIs/etherpad.local/1.2.15/openapi.yaml	f04b8d0bcd39c52e1cf3ad7a5fe744709832ae49	e9de0e3c0e54d45f7f7fa41bb777d7b8bfb46dcef68b246bda16d8eff2e04b2d	CORPUS.md:70 manifest row (api.apis.guru URL, since c5d427d2b); served sha: docs/openapi-surface/witness-search-apis.guru/enumeration.tsv (walk api.apis.guru/v2/list.json, id etherpad.local/1.2.15); directory sha: same file, walk APIs-guru/openapi-directory APIs/etherpad.local/1.2.15/openapi.yaml	Fern check failed with 5 fatal diagnostics (do not retry)
github.com	313	apis.guru	https://api.apis.guru/v2/specs/github.com/1.1.4/openapi.json	sha256:efebc34c41a39d98ed218e09590e14281a3549fa3ca8bc14361eb81fb52cbe44	efebc34c41a39d98ed218e09590e14281a3549fa3ca8bc14361eb81fb52cbe44	served APIs.guru document; its bytes are pinned by the digest docs/openapi-surface/witness-search-apis.guru/enumeration.tsv records	Fern check failed with 29 fatal diagnostics (do not retry)
gov.bc.ca-news	314	apis.guru	https://raw.githubusercontent.com/APIs-guru/openapi-directory/f04b8d0bcd39c52e1cf3ad7a5fe744709832ae49/APIs/gov.bc.ca/news/1.0/openapi.yaml	f04b8d0bcd39c52e1cf3ad7a5fe744709832ae49	5dcd5ba293515e56ad16812244b193623020de238884c47f7414b3e7102bdf53	CORPUS.md:74 manifest row (api.apis.guru URL, since c5d427d2b); served sha: docs/openapi-surface/witness-search-apis.guru/enumeration.tsv (walk api.apis.guru/v2/list.json, id gov.bc.ca:news/1.0); directory sha: same file, walk APIs-guru/openapi-directory APIs/gov.bc.ca/news/1.0/openapi.yaml	Fern check failed with 4 fatal diagnostics (do not retry)
amazonaws.com-s3	346	apis.guru	https://raw.githubusercontent.com/APIs-guru/openapi-directory/f04b8d0bcd39c52e1cf3ad7a5fe744709832ae49/APIs/amazonaws.com/s3/2006-03-01/openapi.yaml	f04b8d0bcd39c52e1cf3ad7a5fe744709832ae49	043afe0dc9212eb5512743fbcf4d56ac72f5f6bb79663d509a370b599cb157c0	Batch 5 screen (0a42af931); served sha: docs/openapi-surface/witness-search-apis.guru/enumeration.tsv (walk api.apis.guru/v2/list.json, id amazonaws.com:s3/2006-03-01); directory sha: same file, walk APIs-guru/openapi-directory APIs/amazonaws.com/s3/2006-03-01/openapi.yaml	12 Fern duplicate normalized query-parameter errors (do not retry)
digitalocean.com	347	apis.guru	https://raw.githubusercontent.com/APIs-guru/openapi-directory/f04b8d0bcd39c52e1cf3ad7a5fe744709832ae49/APIs/digitalocean.com/2.0/openapi.yaml	f04b8d0bcd39c52e1cf3ad7a5fe744709832ae49	5bd3a4800c4396372cb80d99cc82b49463e4a3f136b63d1794c19f13da37cf63	Batch 5 screen (0a42af931); served sha: docs/openapi-surface/witness-search-apis.guru/enumeration.tsv (walk api.apis.guru/v2/list.json, id digitalocean.com/2.0); directory sha: same file, walk APIs-guru/openapi-directory APIs/digitalocean.com/2.0/openapi.yaml	Fern false success; stderr parse/unresolved response ref failure (do not retry)
id4i.de	348	apis.guru	https://raw.githubusercontent.com/APIs-guru/openapi-directory/f04b8d0bcd39c52e1cf3ad7a5fe744709832ae49/APIs/id4i.de/1.0.2/openapi.yaml	f04b8d0bcd39c52e1cf3ad7a5fe744709832ae49	2f8c36b995bb40086c763694d2ea7f1570178060dcdbe6ae582ce4a43a5d2a10	Batch 5 screen (0a42af931); served sha: docs/openapi-surface/witness-search-apis.guru/enumeration.tsv (walk api.apis.guru/v2/list.json, id id4i.de/1.0.2); directory sha: same file, walk APIs-guru/openapi-directory APIs/id4i.de/1.0.2/openapi.yaml	3 duplicate organizationId request-property errors (do not retry)
intellifi.nl	349	apis.guru	https://api.apis.guru/v2/specs/intellifi.nl/2.23.2+0.gfbc3926.dirty/openapi.json	sha256:0e000dac5305e4961ccb58e1ecacb22138154d3fa4a4a07a6522ff854cf81fe4	0e000dac5305e4961ccb58e1ecacb22138154d3fa4a4a07a6522ff854cf81fe4	served APIs.guru document; its bytes are pinned by the digest docs/openapi-surface/witness-search-apis.guru/enumeration.tsv records	3 duplicate id request-property errors (do not retry)
meshery.local	350	apis.guru	https://raw.githubusercontent.com/APIs-guru/openapi-directory/f04b8d0bcd39c52e1cf3ad7a5fe744709832ae49/APIs/meshery.local/0.4.27/openapi.yaml	f04b8d0bcd39c52e1cf3ad7a5fe744709832ae49	1235de375f867fc8d63c4537f4aa8faf8997f10b1a3dea91c64ff9852a87ab85	Batch 5 screen (0a42af931); served sha: docs/openapi-surface/witness-search-apis.guru/enumeration.tsv (walk api.apis.guru/v2/list.json, id meshery.local/0.4.27); directory sha: same file, walk APIs-guru/openapi-directory APIs/meshery.local/0.4.27/openapi.yaml	11 auth-import errors (do not retry)
mist.com	351	apis.guru	https://api.apis.guru/v2/specs/mist.com/0.36.1/openapi.json	sha256:3400d5c7b18d0e36d728b1c57a0329e212222a6a808e9b327e8e37f731975210	3400d5c7b18d0e36d728b1c57a0329e212222a6a808e9b327e8e37f731975210	served APIs.guru document; its bytes are pinned by the digest docs/openapi-surface/witness-search-apis.guru/enumeration.tsv records	duplicate device_mac request-property error (do not retry)
nasa.gov-apod	352	apis.guru	https://raw.githubusercontent.com/APIs-guru/openapi-directory/f04b8d0bcd39c52e1cf3ad7a5fe744709832ae49/APIs/nasa.gov/apod/1.0.0/openapi.yaml	f04b8d0bcd39c52e1cf3ad7a5fe744709832ae49	e0d3d6b64f64ed4c0da548a192b6c25f3cece3396cf989c460a7baaa6b4ef055	Batch 5 screen (0a42af931); served sha: docs/openapi-surface/witness-search-apis.guru/enumeration.tsv (walk api.apis.guru/v2/list.json, id nasa.gov:apod/1.0.0); directory sha: same file, walk APIs-guru/openapi-directory APIs/nasa.gov/apod/1.0.0/openapi.yaml	endpoint requires auth but Fern imports none (do not retry)
nexmo.com-reports	353	apis.guru	https://raw.githubusercontent.com/APIs-guru/openapi-directory/f04b8d0bcd39c52e1cf3ad7a5fe744709832ae49/APIs/nexmo.com/reports/2.2.2/openapi.yaml	f04b8d0bcd39c52e1cf3ad7a5fe744709832ae49	dcc2a511160eddf1d4cc8e993dbaa851fe899a59cf282dcab79ffcb5b6ec0c93	Batch 5 screen (0a42af931); served sha: docs/openapi-surface/witness-search-apis.guru/enumeration.tsv (walk api.apis.guru/v2/list.json, id nexmo.com:reports/2.2.2); directory sha: same file, walk APIs-guru/openapi-directory APIs/nexmo.com/reports/2.2.2/openapi.yaml	23 date-example errors (do not retry)
openpolicy.local	354	apis.guru	https://raw.githubusercontent.com/APIs-guru/openapi-directory/f04b8d0bcd39c52e1cf3ad7a5fe744709832ae49/APIs/openpolicy.local/0.28.0/openapi.yaml	f04b8d0bcd39c52e1cf3ad7a5fe744709832ae49	23aedfb9b5dc947e5243f438c1370c9e8708a33f17d1f2ed3e01ab30b99b9d1a	Batch 5 screen (0a42af931); served sha: docs/openapi-surface/witness-search-apis.guru/enumeration.tsv (walk api.apis.guru/v2/list.json, id openpolicy.local/0.28.0); directory sha: same file, walk APIs-guru/openapi-directory APIs/openpolicy.local/0.28.0/openapi.yaml	2 YAML-frontmatter delimiter errors in endpoint descriptions (do not retry)
opentargets.io	355	apis.guru	https://raw.githubusercontent.com/APIs-guru/openapi-directory/f04b8d0bcd39c52e1cf3ad7a5fe744709832ae49/APIs/opentargets.io/19.02.1/openapi.yaml	f04b8d0bcd39c52e1cf3ad7a5fe744709832ae49	6753fc5f43aed4b7b6b28d72185157075c21e983fdae02a4ea36c765681d1876	Batch 5 screen (0a42af931); served sha: docs/openapi-surface/witness-search-apis.guru/enumeration.tsv (walk api.apis.guru/v2/list.json, id opentargets.io/19.02.1); directory sha: same file, walk APIs-guru/openapi-directory APIs/opentargets.io/19.02.1/openapi.yaml	DRUG_ID/drug_id generated-name collision (do not retry)
osf.io	356	apis.guru	https://raw.githubusercontent.com/APIs-guru/openapi-directory/f04b8d0bcd39c52e1cf3ad7a5fe744709832ae49/APIs/osf.io/2.0/openapi.yaml	f04b8d0bcd39c52e1cf3ad7a5fe744709832ae49	cdcf786527cbc25296204b370846686f3e76083f12c7a50e419b19aa53b03e5b	Batch 5 screen (0a42af931); served sha: docs/openapi-surface/witness-search-apis.guru/enumeration.tsv (walk api.apis.guru/v2/list.json, id osf.io/2.0); directory sha: same file, walk APIs-guru/openapi-directory APIs/osf.io/2.0/openapi.yaml	YAML-frontmatter delimiter error in endpoint description (do not retry)
sinao.app	357	apis.guru	https://raw.githubusercontent.com/APIs-guru/openapi-directory/f04b8d0bcd39c52e1cf3ad7a5fe744709832ae49/APIs/sinao.app/1.1.0/openapi.yaml	f04b8d0bcd39c52e1cf3ad7a5fe744709832ae49	331129d305926453a776f8eb2b181fa2720a67583a516abffd350f9b0acd623c	Batch 5 screen (0a42af931); served sha: docs/openapi-surface/witness-search-apis.guru/enumeration.tsv (walk api.apis.guru/v2/list.json, id sinao.app/1.1.0); directory sha: same file, walk APIs-guru/openapi-directory APIs/sinao.app/1.1.0/openapi.yaml	2 non-array list-default errors (do not retry)
telnyx.com	358	apis.guru	https://raw.githubusercontent.com/APIs-guru/openapi-directory/f04b8d0bcd39c52e1cf3ad7a5fe744709832ae49/APIs/telnyx.com/2.0.0/openapi.yaml	f04b8d0bcd39c52e1cf3ad7a5fe744709832ae49	32bcade2361d93161327af6c12bf0ac615668e652eb0a9b12cf6b20fcaa8689c	Batch 5 screen (0a42af931); served sha: docs/openapi-surface/witness-search-apis.guru/enumeration.tsv (walk api.apis.guru/v2/list.json, id telnyx.com/2.0.0); directory sha: same file, walk APIs-guru/openapi-directory APIs/telnyx.com/2.0.0/openapi.yaml	26 enum/default/example/name-collision errors (despite callbacks/multipart) (do not retry)
truora.com	359	apis.guru	https://raw.githubusercontent.com/APIs-guru/openapi-directory/f04b8d0bcd39c52e1cf3ad7a5fe744709832ae49/APIs/truora.com/1.0.0/openapi.yaml	f04b8d0bcd39c52e1cf3ad7a5fe744709832ae49	64e88d40935662b5a72b72041bfcfbc2e5d45ec7bb94f1feaee7ba603a345229	Batch 5 screen (0a42af931); served sha: docs/openapi-surface/witness-search-apis.guru/enumeration.tsv (walk api.apis.guru/v2/list.json, id truora.com/1.0.0); directory sha: same file, walk APIs-guru/openapi-directory APIs/truora.com/1.0.0/openapi.yaml	70 date placeholder-example errors (do not retry)
twilio.com-api	360	apis.guru	https://api.apis.guru/v2/specs/twilio.com/api/1.42.0/openapi.json	sha256:da7415f66ddf68ca230abda171c15ad08e32c290045f9865f6a4460b0adc58aa	da7415f66ddf68ca230abda171c15ad08e32c290045f9865f6a4460b0adc58aa	served APIs.guru document; its bytes are pinned by the digest docs/openapi-surface/witness-search-apis.guru/enumeration.tsv records	12 normalized duplicate query-parameter errors (do not retry)
velopayments.com	361	apis.guru	https://api.apis.guru/v2/specs/velopayments.com/2.34.63/openapi.json	sha256:d4508fd429c7280f10390753ff7ff73d2468672d29cb018cf10c6e66bb38aa58	d4508fd429c7280f10390753ff7ff73d2468672d29cb018cf10c6e66bb38aa58	served APIs.guru document; its bytes are pinned by the digest docs/openapi-surface/witness-search-apis.guru/enumeration.tsv records	15 enum/date/datetime errors (do not retry)
xero.com-xero_bankfeeds	362	apis.guru	https://raw.githubusercontent.com/APIs-guru/openapi-directory/f04b8d0bcd39c52e1cf3ad7a5fe744709832ae49/APIs/xero.com/xero_bankfeeds/2.9.4/openapi.yaml	f04b8d0bcd39c52e1cf3ad7a5fe744709832ae49	8d38c8070299628723ba41941d3d37e590212c4979a803078afb671f5b4d651e	Batch 5 screen (0a42af931); served sha: docs/openapi-surface/witness-search-apis.guru/enumeration.tsv (walk api.apis.guru/v2/list.json, id xero.com:xero_bankfeeds/2.9.4); directory sha: same file, walk APIs-guru/openapi-directory APIs/xero.com/xero_bankfeeds/2.9.4/openapi.yaml	13 unsupported-property and statementID/statementId collision errors (do not retry)
xtrf.eu	363	apis.guru	https://raw.githubusercontent.com/APIs-guru/openapi-directory/f04b8d0bcd39c52e1cf3ad7a5fe744709832ae49/APIs/xtrf.eu/2.0/openapi.yaml	f04b8d0bcd39c52e1cf3ad7a5fe744709832ae49	eda89cb3a929304efebcfdc82fd4e8c52e333b4eb3704ba630321cf64c6558a9	Batch 5 screen (0a42af931); served sha: docs/openapi-surface/witness-search-apis.guru/enumeration.tsv (walk api.apis.guru/v2/list.json, id xtrf.eu/2.0); directory sha: same file, walk APIs-guru/openapi-directory APIs/xtrf.eu/2.0/openapi.yaml	7 response example property/type errors (do not retry)
opencode	384	github-raw	—	—	—	the screened ref was never recorded: later searches record anomalyco/opencode packages/codemode/test/fixtures/opencode-v2-openapi.json @0f549842/7945de20 (sha 325e934c...) and many mirrors of packages/sdk/openapi.json; none tied to this July screen	Fern check failed with 22 response/request example and missing-discriminant errors (do not retry this ref)
clerk-backend-api	385	github-raw	—	—	—	the screened ref was never recorded: later searches record clerk/clerk-sdk-java openapi.yml@d487238e and clerk/clerk-sdk-php openapi.json@b7dfcbdd; not tied to this screen; row says older versions were also screened	Fern check failed with a duplicate `InvitationObject` and normalized `frontendApi` parameter collision (do not retry this ref or the screened older versions)
temporal-api	386	github-raw	—	—	—	the screened ref was never recorded: later searches record temporalio/api openapi/openapiv3.yaml@1c27468c756fc8abc800235c33b74c6eba638c88; not tied to this screen	Fern check failed with 36 normalized path/query parameter collisions (do not retry this ref)
openfeature-protocol	387	github-raw	—	—	—	the screened ref was never recorded: docs/fern-limitations.md:671 says open-feature/protocol:service/event-streams.yaml is "the same ref recorded DROPPED as openfeature-protocol" (no commit given); docs/openapi-surface/schemas.md:1275 records service/openapi.yaml @9183895d failing fern check with 9 	Fern check failed with nine invalid object-extension errors (do not retry this ref)
cloudevents-subscriptions	388	github-raw	—	—	—	the screened ref was never recorded: later searches record cloudevents/spec subscriptions/subscriptions-openapi.yaml@2ed3806b4ad8fda35813263cfefb2d73098b7655 (sha 60145439...); plausible but not tied to this screen	Fern check failed with 12 invalid object-extension errors (do not retry this ref)
dapr	389	github-raw	—	—	—	the screened ref was never recorded: later searches record dapr/dapr swagger/swagger.json@ece6ec75e84c2a4802ba781ff2ef157770814ca4 (sha d774bbe1...); not tied to this screen	Fern reported false success after an OpenAPI parse failure on unresolved `ApiKeyAuth` (do not retry this ref)
apache-superset	390	github-raw	—	—	—	the screened ref was never recorded: later searches record apache/superset docs/static/resources/openapi.json at several commits (2ac6e246, 613033b2, e7275f15, 48500822, 5b9733fd); also APIs.guru superset.apache.local/superset/v1; not tied to this screen	Fern check failed with six response-example and unreferenced path-parameter errors (do not retry this ref)
xregistry-endpoint	391	github-raw	—	—	—	the screened ref was never recorded: later searches record xregistry/spec endpoint/schemas/openapi.json @508cd2760a3c5b74adf61acac1e94654f9852f34 and @989efc6cd81fd408fdb1c7a85b2419d199936c35; not tied to this screen	Fern check failed because ten services require auth while the spec defines none (do not retry this ref)
letta	392	github-raw	https://raw.githubusercontent.com/letta-ai/letta/b76b5aeb932873dd5f0642a2ef5d81060f991dd6/fern/openapi.json	b76b5aeb932873dd5f0642a2ef5d81060f991dd6	—	CORPUS.md:392 (full commit); path from registered letta row 75 (CORPUS.md, fern/openapi.json @e3fb00f9)	Fern check failed on an optional union query parameter; the older registered ref passes (do not retry this ref)
coinbase-cdp	393	github-raw	—	—	—	the screened ref was never recorded: no candidate ref found in-repo	Fern check failed with nine schema and example validation errors (do not retry this ref)
pnp-agents-finder	394	github-raw	—	—	—	the screened ref was never recorded: no pnp source/ref found anywhere in repo or history	Fern check rejected their invalid `allOf` object extensions (do not retry these refs)
pnp-qna	394	github-raw	—	—	—	the screened ref was never recorded: no pnp source/ref found anywhere in repo or history	Fern check rejected their invalid `allOf` object extensions (do not retry these refs)
ably-connector	395	github-raw	—	—	—	the screened ref was never recorded: no candidate found; later searches record only ably/sdk-test-proxy openapi.yaml@03cf24a0 and APIs.guru ably ids (different documents)	Fern check rejected three invalid integer defaults (do not retry this ref)
azure-aro-hcp	396	github-raw	—	—	—	the screened ref was never recorded: later searches record Azure/ARO-HCP tooling/kiota/openapi.yaml @8f004397/96e8f5c4/9ea102cd/5d0bb5de; not tied to this screen	Fern check failed with three discriminant and example errors (do not retry this ref)
paypal-checkout	405	github-raw	—	—	—	the screened ref was never recorded: later records hold paypal/paypal-rest-api-specifications openapi/checkout_orders_v2.json@90e8041ffe02d80c452d2b476bedd59a8d219bdc and jentic paypal-orders-api-v2/2.25; the dropped revision is "the only revision with not" — not identified	the only revision with `not` fails Fern on five invalid carrier enum names; Fern-clean older revisions lack `not`
fern-docs-fai	406	github-raw	https://raw.githubusercontent.com/fern-api/docs/632e900a785e4479d9a94606788264eff3456f1a/fern/apis/fai/openapi.json	632e900a785e4479d9a94606788264eff3456f1a	74ff1c45451650d7c723802727cea799f18174e9e72291777a5b81f013c678a4	docs/openapi-surface/golden-reach-witnesses/acquisitions.jsonl:25 (HEAD fetch), :43-115 (commit list + per-revision fetches)	every revision declaring `x-fern-audiences` or a component `x-fern-ignore` fails the Fern 5.20.0 generate: `Multiple request properties have the name domain` on `create_feedback` (do not retry any of its 70 revisions)
count-co	407	jentic	https://raw.githubusercontent.com/jentic/jentic-public-apis/eb9d12a2684b0fbcb5aecf51e8ae54dba0929743/apis/openapi/count.co/main/1.0/openapi.json	eb9d12a2684b0fbcb5aecf51e8ae54dba0929743	8eb62f6cbb09111ccdc749be31e4e0dd2a7fde200227f8ff3ec64e998544e213	golden-reach-witnesses/acquisitions.jsonl:118; witness-search-jentic/enumeration.tsv:19276	the Fern 5.20.0 generate reports `Found 8 errors`, each `Path parameter is unreferenced in endpoint` (do not retry this ref)
instabase-aihub	408	github-raw	https://raw.githubusercontent.com/instabase/aihub-openapi/a25f51e58bd760dac847cb7c6d1e96d5aa78c600/openapi.yaml	a25f51e58bd760dac847cb7c6d1e96d5aa78c600	1f841b8b2d1262b18d23bf1a29f1397eeb43a4ede88e61bf4e619746fbf6907f	golden-reach-witnesses/acquisitions.jsonl:29	the Fern 5.20.0 generate reports `Found 1 errors`: `Expected example to be an object. Example is: [{"custom":{}}]` (do not retry this ref)
ziptax-reference	409	github-raw	https://raw.githubusercontent.com/ZipTax/ziptax-reference/918973a88c4a5238e991d7134fa66afbd03a6dfd/openapi/openapi.json	918973a88c4a5238e991d7134fa66afbd03a6dfd	c55ba70dc12ed5080afe72f95870aae0c6d739d29b1f10e77b2f0b8ec4c91297	golden-reach-witnesses/acquisitions.jsonl:31	the Fern 5.20.0 generate reports `Multiple request properties resolve to the same generated name merchantType after camelCase normalization`; row 192 registers the same API from `ZipTax/ziptax-node`, whose older document predates that field
