key	document	sha256	sites	licence	ref	fern	crozier
base-path-extension	jentic/jentic-public-apis:apis/openapi/openrouter.ai/main/1.0.0/meta/import/input-bundle.json@eb9d12a2684b0fbcb5aecf51e8ae54dba0929743	31ca4d028236d898027be5f24107690381c8a59500e32997a236e1e4f96c0c54	1	not-run	not-run	failed: fern check exit 1 (type-name-collision)	-
header-subset-string-default	APIs-guru/openapi-directory:APIs/vtex.local/Marketplace-Protocol/1.0/openapi.yaml@f04b8d0bcd39c52e1cf3ad7a5fe744709832ae49	748ff9ba7fba914537047a5198e24da9d32e64608cede2a67f9561cd53cee743	7	passed: no info.license, LICENSE at the pinned commit reads as CC0, which the corpus rule admits	passed	passed	differs: 10 files differ
header-subset-string-default	Klavis-AI/klavis:mcp_servers/notion_official/scripts/notion-openapi.json@45c9f7da83d1cf43f7429b96f9c8e8153542ea1e	2564039e86f4318021736368992591ef9768e9d8e7935999519b10186480153f	1	passed: info.license 'MIT / https://github.com/makenotion/notion-sdk-js/blob/main/LICENSE' reads as MIT, which the corpus rule admits	passed	passed	differs: 7 files differ, 1 only in crozier
header-subset-string-default	SpecterOps/BloodHound:packages/go/openapi/doc/openapi.json@ca1be93f3d53f1df349459f37c632fce3acb2b31	d37685eaf06c4b5054c11db3f58b55f0044bb24347aa303e90026cb81d52a8da	1	not-run	not-run	failed: fern check exit 1, 12 errors	-
header-subset-string-default	agenticdriver/agenticdriver:protocol/openapi.json@fb851f577341699decf232d1f556a73b545758bf	9d75cb2cdf38613a53593c96fc1fdba3097376d7b7f5082de3d32f551510218e	2	not-run	not-run	passed: fern exit 0; crozier refuses it (unresolved-schema-reference)	-
header-subset-string-default	ballerina-platform/openapi-tools:openapi-cli/src/test/resources/generators/client/file_provider/swagger/openapi.yaml@ec1eec54e9404ce1e5fbe709b76187c588b512ab	8b836c32132c84799563812941a7187ec4212122a4e5a6c6d1ac2d7da8c2cc3c	1	passed: no info.license, LICENSE at the pinned commit reads as Apache-2.0, which the corpus rule admits	passed	passed	differs: 4 files differ, 1 only in crozier
header-subset-string-default	ballerina-platform/openapi-tools:openapi-cli/src/test/resources/generators/client/file_provider/swagger/sendgrid.yaml@ec1eec54e9404ce1e5fbe709b76187c588b512ab	a7f34fad01149888139d369db1fffb72bc9f8b1be415d9a4343812114411f2fc	1	not-run	not-run	failed: fern check exit 1, 10 errors	-
header-subset-string-default	ganeshmallaya/cali-crypto-interface:implementation/api/openapi/cali-v2.openapi.json@34aa3be1176fe9c39f661035fe77b5437b5b93cc	2a8a7cca8a5429f4d59457d6075db5fff6bdc39e7db8df63ccc4860090e038a8	1	not-run	not-run	failed: fern check exit 1, 32 errors	-
header-subset-string-default	jentic/jentic-public-apis:apis/openapi/pagerduty.com/pagerduty-api/2.0.0/meta/import/input-bundle.json@eb9d12a2684b0fbcb5aecf51e8ae54dba0929743	84fcb3ada8922a0a9c2ffe8efa6a93e7c35998ccda9db5d0f42fd340a8b1a936	1	not-run	not-run	passed: fern exit 0; crozier refuses it (unresolved-reference)	-
header-subset-string-default	jentic/jentic-public-apis:apis/openapi/pagerduty.com/pagerduty-api/2.0.0/meta/import/input-entry.json@eb9d12a2684b0fbcb5aecf51e8ae54dba0929743	a0f7d0ded3d88daa940ed8b6e8fd1534c9f2c12752457e7d5b71f4c5f0d3f2b0	1	not-run	not-run	passed: fern exit 0; crozier refuses it (unresolved-reference)	-
header-subset-string-default	konfig-sdks/openapi-examples:notion/openapi.yaml@161ab49c45e45825ca3832945c59a3ba904321ba	c387fe40f1cb4a3e80662a2176dfe9f2eab4baceecc102f35099dc4e14612fce	19	failed: grants nothing — no info.license and no licence file at the pinned commit	passed	not-run	-
header-subset-string-default	makenotion/notion-mcp-server:scripts/notion-openapi.json@730ae781ba28beeaf0865025a3f2ed4c25ea2387	d33548174dfc6ebad012fc73b1483532c7887d8c97fd6deb62d56c742e96baba	3	passed: info.license 'MIT / https://github.com/makenotion/notion-sdk-js/blob/main/LICENSE' reads as MIT, which the corpus rule admits	passed	passed	differs: 7 files differ, 1 only in crozier
header-subset-string-default	nextcloud/client-sdks:go/api/openapi.yaml@02bc7281ee36fe8862a61e94e12c91381c5866bf	adbf311837cc8d83ef91b6c826c003e0fa25b437abebe8f902180600109443b9	113	passed: info.license 'agpl' reads as AGPL, which the corpus rule admits	passed	passed	differs: 10 files differ
header-subset-string-default	o-ran-sc/smo-teiv:docs/offeredapis/topology-exposure-inventory-openapi.yaml@2ef680ae42769ab896a9ea2ddfbdd2a4df42d6b7	2040670da9a15527696924985875d7e46188f7012bfefdb9223026a3089d14d4	3	not-run	not-run	failed: fern check exit 1, 10 errors	-
query-array-items-union	Provoly/provoly-hypervisor-back-public:src/main/resources/openapi/openapi.json@d4f32945ad996e014910bb801a290399f01dd402	5d331361f37ae9aa5c3184c8033a37158ea686373c7ec67b79ccdf68aae12114	1	not-run	not-run	failed: fern check exit 1 (type-name-collision,type-not-defined)	-
query-array-items-union	activepieces/activepieces:docs/openapi.json@d2b0b096695a60f7292f37dddcc8c1537db97a08	f64f29cea973b519360c4a4ab4c208ceb71b4c2f71109b6cc273e3f0095e91bd	1	not-run	not-run	failed: fern check exit 1	-
query-array-items-union	api-evangelist/appwrite:openapi/appwrite-usage-api-openapi.yml@3f95c0d7d75c61a8a75e34497c72d341df75d8bd	2fb3295e45acb34458bca40b249ba20b39ff9d136361a27e77249211701bf446	4	not-run	not-run	failed: fern check exit 1	-
query-array-items-union	bundesAPI/dwd-api:openapi.yaml@4e42778a76a27872cdba39365ca1e52ce97498bb	d2bc1aca509715be5f81872da428a3ad67bb69e0a3a6fd1ae3aa82ed1d5bbd19	1	failed: grants nothing — no info.license and no licence file at the pinned commit	passed	not-run	-
query-array-items-union	chrisbenincasa/tunarr:docs/generated/tunarr-latest-openapi.json@db873bdb82c6b433a4a5110812594d8cc5967271	4b97347f03b34bdefb56d1d1db8d5f0ad99f3fc4a21845d77aab3746185a5e0c	1	not-run	not-run	failed: fern check exit 1 (path-parameter-unreferenced,request-property-name-collision)	-
query-array-items-union	chrisbenincasa/tunarr:docs/generated/tunarr-v1.2.0-dev.1-openapi.json@db873bdb82c6b433a4a5110812594d8cc5967271	4a3fa75204e54e148df61d998ad47729352656c048a17f14367da3054808e15c	1	not-run	not-run	failed: fern check exit 1 (path-parameter-unreferenced,request-property-name-collision)	-
query-array-items-union	cloudflare/api-schemas:openapi.json@f2df0ca75c0fec9047e91a34c20dd666c2dcd1ba	c575728584bc32600e9e2bf231e0147d894abe9ad92dd604af50d349afa88e9d	1	not-run	not-run	failed: fern check exit 1 (duplicate-path-parameter,enum-value-unnameable,example-missing-required-property,example-type-mismatch,example-unexpected-property,list-default-not-array,object-extends-non-object,object-property-name-collision,request-property-name-collision,sdk-method-collision,type-name-collision)	-
query-array-items-union	cloudflare/api-schemas:openapi.yaml@f2df0ca75c0fec9047e91a34c20dd666c2dcd1ba	d0208b3d35ab47ace5d0b7ea458abc826154adf640a9be9934991f1ec7932f27	1	not-run	not-run	failed: fern check exit 1 (duplicate-path-parameter,enum-value-unnameable,example-missing-required-property,example-type-mismatch,example-unexpected-property,list-default-not-array,object-extends-non-object,object-property-name-collision,request-property-name-collision,sdk-method-collision,type-name-collision)	-
query-array-items-union	jentic/jentic-public-apis:apis/openapi/elastic.co/kibana/1.0/meta/import/input-bundle.json@eb9d12a2684b0fbcb5aecf51e8ae54dba0929743	074048fe12ed07ed40e24d6ff027c480745d1ffe51bd07e86e5d24491b5031e2	1	not-run	not-run	failed: fern check exit 1 (object-extends-non-object,request-property-camelcase-collision,request-property-name-collision,type-name-collision)	-
query-array-items-union	jentic/jentic-public-apis:apis/openapi/sellsy.com/main/2.128.0/meta/import/input-bundle.json@eb9d12a2684b0fbcb5aecf51e8ae54dba0929743	59af0c76eb50ad3245a839c77db51f3d10711c4d2a7561f7d261c964ae9d97e0	13	not-run	not-run	passed: fern exit 0; crozier refuses it (unresolved-reference)	-
query-array-items-union	jentic/jentic-public-apis:apis/openapi/sellsy.com/main/2.128.0/meta/import/input-entry.json@eb9d12a2684b0fbcb5aecf51e8ae54dba0929743	e1443064ba09294701058db89c25a88588e8450c1e14d47188d3ffdf002caf6b	13	not-run	not-run	passed: fern exit 0; crozier refuses it (unresolved-reference)	-
query-array-items-union	konfig-dev/konfig:sdks/db/intermediate-fixed-specs/agrimetrics/openapi.yaml@bec3d36b9a341f30707a4ab3d9de6c4154809ada	e8c31f80993acb7a7b9d9400f7f6e25103b2ff1653019a52b1b3649af09c929a	1	passed: no info.license, LICENSE at the pinned commit reads as MIT, which the corpus rule admits	passed	failed: Fern CLI 5.67.1 / python-sdk 5.20.0 fern generate exit 1 after fern check exit 0: [api]: python-sdk Failed.	-
query-array-items-union	konfig-dev/konfig:sdks/db/intermediate-fixed-specs/rated/openapi.yaml@bec3d36b9a341f30707a4ab3d9de6c4154809ada	b75b35384baf0462ead61e223a5d2ce74096b65a6e43f75d13ee4ce90d9c26e3	1	refused: a third-party copy of Rated Labs' API description; konfig's MIT LICENSE covers konfig's own work, not the description	passed	passed	byte-matches
query-array-items-union	konfig-sdks/openapi-examples:rated/openapi.yaml@161ab49c45e45825ca3832945c59a3ba904321ba	0a686ff64507e4e09d15276cd6f88102182a176a5b1dabeaabaabfe17d640276	1	failed: grants nothing — no info.license and no licence file at the pinned commit	passed	not-run	-
query-array-items-union	swagger-api/swagger-parser:modules/swagger-parser-v3/src/test/resources/flattenArrayItems.yaml@69f6d78250b70d2ccfcd306ff0aa74353a698f2a	944979caf2b5defbfda2bd41422361512652683285ef3a2cdc5bea9299dfa2f5	1	passed: no info.license, LICENSE at the pinned commit reads as Apache-2.0, which the corpus rule admits	passed	passed	differs: 10 files differ
query-array-items-union	unstoppabledomains/dev-docs:web3/apis/partner/openapi.yaml@679aa689f11709b8408880e9b6c3e26126af4519	8331236de8e84ca6c4f46886ae13ed92a785841a6a546ae1ab42dbc7e498afff	4	not-run	not-run	failed: fern check exit 1, 6 errors	-
