fixture	key	site	regions_executed	regions
format-scalar-bodies	format-duration	src/ir.rs::scalar_body[=^ {12}_ => TypeRef::Primitive\(Prim::Str\)]	1	1
format-scalar-bodies	format-email	src/ir.rs::scalar_body[Some\("email" \x7c "hostname" \x7c "ipv4"]	1	1
format-scalar-bodies	format-hostname	src/ir.rs::scalar_body[Some\("email" \x7c "hostname" \x7c "ipv4"]	1	1
format-scalar-bodies	format-idn-hostname	src/ir.rs::scalar_body[=^ {12}_ => TypeRef::Primitive\(Prim::Str\)]	1	1
format-scalar-bodies	format-ipv4	src/ir.rs::scalar_body[Some\("email" \x7c "hostname" \x7c "ipv4"]	1	1
format-scalar-bodies	format-iri	src/ir.rs::scalar_body[=^ {12}_ => TypeRef::Primitive\(Prim::Str\)]	1	1
format-scalar-bodies	format-json-pointer	src/ir.rs::scalar_body[=^ {12}_ => TypeRef::Primitive\(Prim::Str\)]	1	1
format-scalar-bodies	format-password	src/ir.rs::scalar_body[Some\("email" \x7c "hostname" \x7c "ipv4"]	1	1
format-scalar-bodies	format-regex	src/ir.rs::scalar_body[=^ {12}_ => TypeRef::Primitive\(Prim::Str\)]	1	1
format-scalar-bodies	format-time	src/ir.rs::scalar_body[=^ {12}_ => TypeRef::Primitive\(Prim::Str\)]	1	1
format-scalar-bodies	format-uri	src/ir.rs::scalar_body[Some\("email" \x7c "hostname" \x7c "ipv4"]	1	1
format-scalar-bodies	format-uri-reference	src/ir.rs::scalar_body[=^ {12}_ => TypeRef::Primitive\(Prim::Str\)]	1	1
format-scalar-bodies	format-uri-template	src/ir.rs::scalar_body[=^ {12}_ => TypeRef::Primitive\(Prim::Str\)]	1	1
http-dpop-unrequired	http-dpop	src/ir.rs::auth_model[=_ => Auth::None,]	1	1
http-mutual-unrequired	http-mutual	src/ir.rs::auth_model[=_ => Auth::None,]	1	1
http-negotiate-unrequired	http-negotiate	src/ir.rs::auth_model[=_ => Auth::None,]	1	1
x-fern-ignore-schema	x-fern-or-crozier-ignore	src/openapi.rs::filter_ignored[for key in &ignored_schemas \{]	2	2
