key	selector	region	census_status
allof-parent-request-body	mediaType.schema:allof-parent-body	bodies-media.md	supported
annotated-ref-target-string-const	schema.properties>schema.allOf:annotated-ref&schema.allOf>schema.$ref~>schema.const:string-valued	schemas.md	supported
array-item-inheritance-union	schema.items>schema.discriminator:inheritance-union	schemas.md	supported
array-item-pointer-walk-oneof	schema.properties>schema.type:primary=array&schema.items>schema.$ref:pointer-walk-reaches=oneOf	schemas.md	supported
base-path-extension	openapi.x-fern-base-path	oas31-extensions.md	supported
bigint-format-string-typed-str	schema.format=bigint	schemas.md	supported
client-header-date-format	parameter.schema:promoted-date-header	parameters.md	supported
component-same-primitive-union	components.schemas:same-primitive-union	schemas.md	supported
cycle-into-cycle	components.schemas:cycle-into-cycle	schemas.md	supported
described-ref-oneof-alias-without-docstring	schema.description	schemas.md	supported
discriminated-variant-date-value-snippet	schema.format=date	schemas.md	supported
empty-path-segment-double-slash-kept	openapi.paths:several-template-expressions	document-paths.md	supported
enum-union-body-example-first-member-value	schema.enum:string-valued	bodies-media.md	supported
fern-streaming-boolean	operation.x-fern-streaming	oas31-extensions.md	supported
fern-streaming-condition-ref-body-header	operation.x-fern-streaming	oas31-extensions.md	supported
fern-streaming-condition-shared-body	operation.x-fern-streaming	oas31-extensions.md	supported
fern-streaming-condition-union-body	operation.x-fern-streaming	oas31-extensions.md	supported
fern-streaming-format-over-json	operation.x-fern-streaming	oas31-extensions.md	supported
fern-streaming-terminator	operation.x-fern-streaming	oas31-extensions.md	supported
global-headers-extension	openapi.x-fern-global-headers	parameters.md	supported
group-path-ending-in-api-nested-package	operation.x-fern-sdk-group-name	document-paths.md	supported
header-subset-string-default	parameter.schema:subset-header-string-default	parameters.md	supported
integer-format-fallback	schema.format=bigint	schemas.md	supported
literal-enum-value-quote-escaping	schema.enum:apostrophe-member	schemas.md	supported
literal-prefixed-integer-path-segment	openapi.paths:templated-key	parameters.md	supported
media-type-event-stream-binary-schema	operation.responses:event-stream-binary	bodies-media.md	supported
media-type-event-stream-event-dispatch	operation.responses:event-stream-event-dispatch	bodies-media.md	supported
media-type-event-stream-inline-const-union	operation.responses:event-stream-inline-const-union	bodies-media.md	supported
media-type-event-stream-item-schema	operation.responses:event-stream-item-schema-ref	bodies-media.md	supported
multipart-inline-object-part-json-encoded	requestBody.content	bodies-media.md	supported
multipart-part-encoding-charset-tuple	mediaType.encoding.contentType	bodies-media.md	supported
nullable-array-query-explode-false	parameter.schema:nullable-array-explode-false	parameters.md	supported
nullable-query-array-items	parameter.schema:nullable-array-items-oas-three-zero	parameters.md	supported
oneof-array-variant-annotated-ref-item	schema.oneOf>schema.type:primary=array&schema.items>schema.allOf:annotated-ref&schema.allOf>schema.$ref:resolves-to-component	schemas.md	supported
oneof-array-variant-anyof-discriminated-union-item	schema.oneOf>schema.type:primary=array&schema.items>schema.anyOf:discriminated-union	schemas.md	supported
oneof-array-variant-anyof-nullable-item	schema.oneOf>schema.type:primary=array&schema.items>schema.anyOf:sole-non-null-member	schemas.md	supported
oneof-bare-object-example-variant	schema.oneOf>!schema.$ref&!schema.additionalProperties&!schema.allOf&!schema.example:schema-shaped&!schema.properties:non-empty&schema.example=object&schema.type:primary=object	schemas.md	supported
oneof-duplicate-members-collapsed	schema.oneOf	schemas.md	supported
operation-empty-tag	operation.tags:empty-string	document-paths.md	supported
operation-group-types-beside-child-group	operation.x-fern-sdk-group-name:types-beside-child-group	oas31-extensions.md	supported
operation-id-all-caps-tag-split-prefix	operation.operationId:all-caps-tag-split-prefix	document-paths.md	supported
operation-id-digit-leading-method	operation.operationId:digit-leading-method	document-paths.md	supported
operation-id-hyphenated-tag-method	operation.operationId:hyphenated-tag-method	document-paths.md	supported
operation-id-untagged-list-or-set	operation.operationId:untagged-list-or-set	document-paths.md	supported
operation-idempotent-with-root-headers	operation.x-fern-idempotent:with-root-headers	oas31-extensions.md	supported
operation-pagination-boolean	operation.x-fern-pagination:boolean-over-root	oas31-extensions.md	supported
operation-pagination-offset	operation.x-fern-pagination:offset	oas31-extensions.md	supported
operation-retries-disabled	operation.x-fern-retries:disabled	oas31-extensions.md	supported
operation-sdk-group-name-leading-underscore	operation.x-fern-sdk-group-name:leading-underscore	oas31-extensions.md	supported
operation-sdk-group-name-without-method-name	operation.x-fern-sdk-group-name:without-method-name	oas31-extensions.md	supported
operation-sdk-method-name-sequence	operation.x-fern-sdk-method-name:sequence	oas31-extensions.md	supported
operation-servers-named	operation.servers:named-beside-document-server	document-paths.md	supported
operation-webhook-extension	operation.x-fern-webhook:true	oas31-extensions.md	supported
parameter-default-extension	parameter.x-fern-default	parameters.md	supported
parameter-ignore-extension	parameter.x-fern-ignore	parameters.md	supported
parameter-name-extension	parameter.x-fern-parameter-name	parameters.md	supported
parameter-without-location	parameter.in:absent	parameters.md	supported
patch-inline-nullable-unrequired-props-omit	pathItem.patch	bodies-media.md	supported
path-parameters-template-order-31	operation.parameters:path-order-oas-three-one	parameters.md	supported
property-sole-anyof-composed-member	schema.properties>schema.anyOf:sole-member&schema.anyOf>!schema.type:primary-scalar&schema.allOf	schemas.md	supported
property-sole-anyof-empty-object-member	schema.properties>schema.anyOf:sole-member&schema.anyOf>!schema.additionalProperties&!schema.properties:non-empty&schema.properties&schema.type:primary=object	schemas.md	supported
property-sole-oneof-composed-member	schema.properties>schema.oneOf:sole-member&schema.oneOf>!schema.type:primary-scalar&schema.allOf	schemas.md	supported
property-sole-oneof-empty-object-member	schema.properties>schema.oneOf:sole-member&schema.oneOf>!schema.additionalProperties&!schema.properties:non-empty&schema.properties&schema.type:primary=object	schemas.md	supported
query-array-items-union	parameter.schema:query-items-union	parameters.md	supported
query-date-union-oneof	parameter.schema:date-union-query-oneof	parameters.md	supported
query-param-ref-to-enum-or-array-union-converted	schema.items	parameters.md	supported
request-body-described-inline-scalar	operation.requestBody:described-inline-scalar	bodies-media.md	supported
request-body-property-closed-empty-object	mediaType.schema:closed-empty-object-property	schemas.md	supported
request-example-deprecated-property	mediaType.example:deprecated-property	bodies-media.md	supported
request-example-nested-null	mediaType.example:nested-null-member	bodies-media.md	supported
required-nullable-query-scalar	parameter.schema:required-nullable-scalar-oas-three-zero	parameters.md	supported
required-param-and-body-defaults-ignored	schema.default	parameters.md	supported
response-contentless-200-with-created	operation.responses:contentless-two-hundred-with-created	bodies-media.md	supported
response-status-space-suffixed	operation.responses:space-suffixed-status-key	bodies-media.md	supported
schema-example-array-null-element	schema.example:array-null-element	schemas.md	supported
schema-example-fractional-on-integer	schema.example:fractional-on-integer	schemas.md	supported
schema-example-on-ref-to-enum	schema.example:on-ref-to-enum	schemas.md	supported
schema-example-on-ref-to-object	schema.example:on-ref-to-object	schemas.md	supported
schema-example-on-ref-to-union	schema.example:on-ref-to-union	schemas.md	supported
schema-example-temporal-duplicate-element	schema.example:temporal-duplicate-element	schemas.md	supported
schema-example-union-ref-sentinel	schema.example:union-ref-sentinel	schemas.md	supported
schema-name-builtin-complex	components.schemas:complex-module-name	schemas.md	supported
schema-sdk-group-name	schema.x-fern-sdk-group-name:component	schemas.md	supported
schema-type-name-inline-property	schema.x-fern-type-name:inline-property	schemas.md	supported
schema-x-tags	schema.x-tags:component	schemas.md	supported
sdk-variable-parameter-extension	parameter.x-fern-sdk-variable	parameters.md	supported
sdk-variables-extension	openapi.x-fern-sdk-variables	parameters.md	supported
security-scheme-basic-extension-named	securityScheme.x-fern-basic:named-or-env	security.md	supported
security-scheme-bearer-extension-named	securityScheme.x-fern-bearer:named	security.md	supported
security-scheme-capitalised-http	securityScheme.scheme:capitalised-http	security.md	supported
security-scheme-header-extension-named	securityScheme.x-fern-header:named	security.md	supported
security-scheme-token-variable-name	securityScheme.x-fern-token-variable-name:bearer	security.md	supported
security-schemes-duplicate-api-key-header	components.securitySchemes:duplicate-api-key-header	security.md	supported
server-default-url-templated	server.x-fern-default-url:templated	document-paths.md	supported
server-name-several	server.x-fern-server-name:several-undescribed	document-paths.md	supported
stream-error-status-raises-typed-error	response.content	bodies-media.md	supported
string-body-example-backslash-escaped	mediaType.example	bodies-media.md	supported
type-misspelled-scalar	schema.type:misspelled-scalar	schemas.md	supported
undiscriminated-ref-oneof-sibling-properties-dropped	schema.properties:non-empty	schemas.md	supported
union-of-enum-ref-const-and-string-members	schema.const:string-valued	schemas.md	supported
union-of-two-enum-refs-alias	schema.$ref:resolves-to-component	schemas.md	supported
unread-date-time-example	schema.example:unread-date-time	schemas.md	supported
variant-nullable-value-optional-default-none	schema.nullable	schemas.md	supported
variant-own-fields-before-allof-parent-fields	schema.allOf:sole-member	schemas.md	supported
webhook-inline-json-body-named	openapi.webhooks:inline-json-body-named	oas31-extensions.md	supported
