document	sha256	parser	verdict	evidence
advplyr--audiobookshelf/.devcontainer/devcontainer.json	ba4977de66e52b0761ce2041628760979c417cbb2f935798fa605050de2ff02e	python json 3.14.7	syntax	JSONDecodeError: Expecting value: line 1 column 1 (char 0)
advplyr--audiobookshelf/.vscode/launch.json	16cffa67898c1c2839f82970a45defad65de1fb0fe5db9217df9672cba51bfe3	python json 3.14.7	syntax	JSONDecodeError: Expecting property name enclosed in double quotes: line 2 column 3 (char 4)
apache--superset/.devcontainer/default/devcontainer.json	d5fbcac93f5d91832c44359c432cd7d51ec94a8fbeffdddc9c0ed5f8510d90ad	python json 3.14.7	syntax	JSONDecodeError: Expecting property name enclosed in double quotes: line 2 column 3 (char 4)
apache--superset/.devcontainer/devcontainer-base.json	5e1e870594f4d07498d7e92c81628ca6950a89d2d8f85e02ba33efc08549ca55	python json 3.14.7	syntax	JSONDecodeError: Expecting property name enclosed in double quotes: line 3 column 3 (char 45)
apache--superset/.devcontainer/devcontainer.json	1e12d9d910edd8b43e5537945596fe73cc7ba65da1f352209496c62fd3fc26a3	python json 3.14.7	syntax	JSONDecodeError: Expecting property name enclosed in double quotes: line 3 column 3 (char 45)
apache--superset/.devcontainer/with-mcp/devcontainer.json	9bbd6475e6bd7ef42d16377b36bfc8bc857f7d9f5e76888cfe2b7d522604dccc	python json 3.14.7	syntax	JSONDecodeError: Expecting property name enclosed in double quotes: line 2 column 3 (char 4)
apache--superset/docs/tsconfig.json	b35dba941b2936487ac3df62509b85bbc5a71d33aec24fc5309e8eee5a8470c3	python json 3.14.7	syntax	JSONDecodeError: Expecting property name enclosed in double quotes: line 2 column 3 (char 4)
apache--superset/helm/superset/templates/configmap-superset.yaml	378d01c4418afcb18af0a1b4377707b56c31c78795757d1dc1d7b24777c3f072	ruamel.yaml 0.19.1 (YAML 1.2)	syntax	ConstructorError: while constructing a mapping in "<byte string>", line 1, column 1: {{/* ^ (line: 1) found unhashable key in "<byte string>", line 1, column 2: {{/* ^ (line: 1)
apache--superset/helm/superset/templates/deployment-beat.yaml	fe77e49156c601481d0336d5dc5bb2aa9188a48d6735af94513a1c6417cbba5e	ruamel.yaml 0.19.1 (YAML 1.2)	syntax	ConstructorError: while constructing a mapping in "<byte string>", line 1, column 1: {{/* ^ (line: 1) found unhashable key in "<byte string>", line 1, column 2: {{/* ^ (line: 1)
apache--superset/helm/superset/templates/deployment-flower.yaml	91ad090a5d99b7d2ccccc5fe689b2664ac68148cd42a3ca9c3b871ed5da9b37d	ruamel.yaml 0.19.1 (YAML 1.2)	syntax	ConstructorError: while constructing a mapping in "<byte string>", line 1, column 1: {{/* ^ (line: 1) found unhashable key in "<byte string>", line 1, column 2: {{/* ^ (line: 1)
apache--superset/helm/superset/templates/deployment-mcp.yaml	4b7d022a1bb2e150920ae247f738a78a87f998f2d0c064f0850b97c924db17e6	ruamel.yaml 0.19.1 (YAML 1.2)	syntax	ConstructorError: while constructing a mapping in "<byte string>", line 1, column 1: {{/* ^ (line: 1) found unhashable key in "<byte string>", line 1, column 2: {{/* ^ (line: 1)
apache--superset/helm/superset/templates/deployment-worker.yaml	fb27024a8267a603b230ad01d81bfa7ef6604f2979a4bf74928be5e63a322d24	ruamel.yaml 0.19.1 (YAML 1.2)	syntax	ConstructorError: while constructing a mapping in "<byte string>", line 1, column 1: {{/* ^ (line: 1) found unhashable key in "<byte string>", line 1, column 2: {{/* ^ (line: 1)
apache--superset/helm/superset/templates/deployment-ws.yaml	b118a5605d03a061c764be6515d16785bbdddbf1e1d26cf1be64a4bc9bab6b9d	ruamel.yaml 0.19.1 (YAML 1.2)	syntax	ConstructorError: while constructing a mapping in "<byte string>", line 1, column 1: {{/* ^ (line: 1) found unhashable key in "<byte string>", line 1, column 2: {{/* ^ (line: 1)
apache--superset/helm/superset/templates/deployment.yaml	96be84babd1a09ac7e4f8a6d9d2e3d569526acc4a803bc81d442d31530ad6083	ruamel.yaml 0.19.1 (YAML 1.2)	syntax	ConstructorError: while constructing a mapping in "<byte string>", line 1, column 1: {{/* ^ (line: 1) found unhashable key in "<byte string>", line 1, column 2: {{/* ^ (line: 1)
apache--superset/helm/superset/templates/hpa-node.yaml	7ce5b90296184ab9b8122e2a49094d97061df20c38158c671238d3734cac7521	ruamel.yaml 0.19.1 (YAML 1.2)	syntax	ConstructorError: while constructing a mapping in "<byte string>", line 1, column 1: {{/* ^ (line: 1) found unhashable key in "<byte string>", line 1, column 2: {{/* ^ (line: 1)
apache--superset/helm/superset/templates/hpa-worker.yaml	3234644826cca536a8d84622ffe7f5438c43ee33b16070e59ea0de90ac11d46e	ruamel.yaml 0.19.1 (YAML 1.2)	syntax	ConstructorError: while constructing a mapping in "<byte string>", line 1, column 1: {{/* ^ (line: 1) found unhashable key in "<byte string>", line 1, column 2: {{/* ^ (line: 1)
apache--superset/helm/superset/templates/httproute.yaml	4e93d2c2ac74d1599a80e0693ae324475c9057eeb24d9eb64907b3a38cfdf480	ruamel.yaml 0.19.1 (YAML 1.2)	syntax	ConstructorError: while constructing a mapping in "<byte string>", line 1, column 1: {{/* ^ (line: 1) found unhashable key in "<byte string>", line 1, column 2: {{/* ^ (line: 1)
apache--superset/helm/superset/templates/ingress.yaml	9865ce0d21577f14190cd6864dc8c167d01fa423ef1b0110a4a02577a1e21b00	ruamel.yaml 0.19.1 (YAML 1.2)	syntax	ConstructorError: while constructing a mapping in "<byte string>", line 1, column 1: {{/* ^ (line: 1) found unhashable key in "<byte string>", line 1, column 2: {{/* ^ (line: 1)
apache--superset/helm/superset/templates/init-job.yaml	75e3501c1bf631fd41b46857442c02c270951c883ed6b953eb2a8e185fc4c4f4	ruamel.yaml 0.19.1 (YAML 1.2)	syntax	ConstructorError: while constructing a mapping in "<byte string>", line 1, column 1: {{/* ^ (line: 1) found unhashable key in "<byte string>", line 1, column 2: {{/* ^ (line: 1)
apache--superset/helm/superset/templates/pdb-beat.yaml	8a021debe51bb8e5265b3204197dafb85f8897ce9a9b6bc747bb0a8c7f065776	ruamel.yaml 0.19.1 (YAML 1.2)	syntax	ConstructorError: while constructing a mapping in "<byte string>", line 1, column 1: {{/* ^ (line: 1) found unhashable key in "<byte string>", line 1, column 2: {{/* ^ (line: 1)
apache--superset/helm/superset/templates/pdb-flower.yaml	3e0bcefe0008355e617bcfaa11756484af3d2a9f58bc917ae0905350ea896c88	ruamel.yaml 0.19.1 (YAML 1.2)	syntax	ConstructorError: while constructing a mapping in "<byte string>", line 1, column 1: {{/* ^ (line: 1) found unhashable key in "<byte string>", line 1, column 2: {{/* ^ (line: 1)
apache--superset/helm/superset/templates/pdb-mcp.yaml	f66e8927ae0eae73964fc2c1a78eeb5ca813560f2df108c7b63ef14eb09a5537	ruamel.yaml 0.19.1 (YAML 1.2)	syntax	ConstructorError: while constructing a mapping in "<byte string>", line 1, column 1: {{/* ^ (line: 1) found unhashable key in "<byte string>", line 1, column 2: {{/* ^ (line: 1)
apache--superset/helm/superset/templates/pdb-worker.yaml	6055e7ea88516b610c5992c6d584fe62ec4fd4121eab2afafae89777c01f5153	ruamel.yaml 0.19.1 (YAML 1.2)	syntax	ConstructorError: while constructing a mapping in "<byte string>", line 1, column 1: {{/* ^ (line: 1) found unhashable key in "<byte string>", line 1, column 2: {{/* ^ (line: 1)
apache--superset/helm/superset/templates/pdb-ws.yaml	eb143d8ac6e36cc07cd6343a07cc80b2454f8a0b95ffe0429877f6c4cae4c137	ruamel.yaml 0.19.1 (YAML 1.2)	syntax	ConstructorError: while constructing a mapping in "<byte string>", line 1, column 1: {{/* ^ (line: 1) found unhashable key in "<byte string>", line 1, column 2: {{/* ^ (line: 1)
apache--superset/helm/superset/templates/pdb.yaml	628d6efafb593dee3349ae660e172a5d1844be6d08c5b2b4cf527c56abce5cd6	ruamel.yaml 0.19.1 (YAML 1.2)	syntax	ConstructorError: while constructing a mapping in "<byte string>", line 1, column 1: {{/* ^ (line: 1) found unhashable key in "<byte string>", line 1, column 2: {{/* ^ (line: 1)
apache--superset/helm/superset/templates/secret-env.yaml	60b7cb704fca6d7b09b93ab4248dd52234a3a49d99177b00cdf5e3570f3bbb5e	ruamel.yaml 0.19.1 (YAML 1.2)	syntax	ConstructorError: while constructing a mapping in "<byte string>", line 1, column 1: {{/* ^ (line: 1) found unhashable key in "<byte string>", line 1, column 2: {{/* ^ (line: 1)
apache--superset/helm/superset/templates/secret-superset-config.yaml	8e2c1be88ebb935c317e38668901828c6ca49a8bf0cc5b4c9767057684e87a8d	ruamel.yaml 0.19.1 (YAML 1.2)	syntax	ConstructorError: while constructing a mapping in "<byte string>", line 1, column 1: {{/* ^ (line: 1) found unhashable key in "<byte string>", line 1, column 2: {{/* ^ (line: 1)
apache--superset/helm/superset/templates/secret-ws.yaml	451b7407a27120dc20c150fa86165b95c4c5ba78d0ba6f981961babd809a9122	ruamel.yaml 0.19.1 (YAML 1.2)	syntax	ConstructorError: while constructing a mapping in "<byte string>", line 1, column 1: {{/* ^ (line: 1) found unhashable key in "<byte string>", line 1, column 2: {{/* ^ (line: 1)
apache--superset/helm/superset/templates/service-flower.yaml	06df7301868e4f6472ecb1c5b5966f69f50672cde6ceb16f9f1565840f92ae92	ruamel.yaml 0.19.1 (YAML 1.2)	syntax	ConstructorError: while constructing a mapping in "<byte string>", line 1, column 1: {{/* ^ (line: 1) found unhashable key in "<byte string>", line 1, column 2: {{/* ^ (line: 1)
apache--superset/helm/superset/templates/service-mcp.yaml	5db03c43019d8f02db0c02365413f63fb1bd0ee7ec6aff044462413c46ead7ca	ruamel.yaml 0.19.1 (YAML 1.2)	syntax	ConstructorError: while constructing a mapping in "<byte string>", line 1, column 1: {{/* ^ (line: 1) found unhashable key in "<byte string>", line 1, column 2: {{/* ^ (line: 1)
apache--superset/helm/superset/templates/service-ws.yaml	bab2ed23038549fb5bd79aa16913d54f8bbc8451f2d53ad0fac44dd99eacb007	ruamel.yaml 0.19.1 (YAML 1.2)	syntax	ConstructorError: while constructing a mapping in "<byte string>", line 1, column 1: {{/* ^ (line: 1) found unhashable key in "<byte string>", line 1, column 2: {{/* ^ (line: 1)
apache--superset/helm/superset/templates/service.yaml	1f8ad795a453645374a24e960fdea1347ba7455e6bd9a162423e4021717b2c0e	ruamel.yaml 0.19.1 (YAML 1.2)	syntax	ConstructorError: while constructing a mapping in "<byte string>", line 1, column 1: {{/* ^ (line: 1) found unhashable key in "<byte string>", line 1, column 2: {{/* ^ (line: 1)
apache--superset/helm/superset/templates/serviceaccount.yaml	1990b906f13fb80b1ca866b50b27e47ec8f2fdfb98364ca8e3e6cba073973c00	ruamel.yaml 0.19.1 (YAML 1.2)	syntax	ConstructorError: while constructing a mapping in "<byte string>", line 1, column 1: {{/* ^ (line: 1) found unhashable key in "<byte string>", line 1, column 2: {{/* ^ (line: 1)
apache--superset/superset-embedded-sdk/tsconfig.json	51e8d9716cbcc1c4c7889cc7e17fd24f757d01b3a737d73bae0375b09e2bc445	python json 3.14.7	syntax	JSONDecodeError: Expecting property name enclosed in double quotes: line 5 column 5 (char 54)
apache--superset/superset-frontend/oxlint.json	4c5f21e2c937e00bd4c1962d1b9bdc79d59d02941172f3e1724727935e607c90	python json 3.14.7	syntax	JSONDecodeError: Expecting property name enclosed in double quotes: line 30 column 5 (char 535)
apache--superset/superset-frontend/packages/generator-superset/tsconfig.json	0dad50def85b3b5af757091f2eff74dd823e7bedf93ab7807bb3bb750cd3d682	python json 3.14.7	syntax	JSONDecodeError: Illegal trailing comma before end of array: line 11 column 23 (char 212)
apache--superset/superset-frontend/packages/superset-core/tsconfig.json	9a462b16f362ff2029415264834827feb37747b80a64da8cc6d7d0167de9b1d7	python json 3.14.7	syntax	JSONDecodeError: Expecting property name enclosed in double quotes: line 4 column 5 (char 65)
apache--superset/superset-frontend/packages/superset-ui-chart-controls/tsconfig.json	da3fdb69416c4592e023a7dc6e770ab0062dab4fad1929e96e212834b3009cc2	python json 3.14.7	syntax	JSONDecodeError: Expecting property name enclosed in double quotes: line 4 column 5 (char 65)
apache--superset/superset-frontend/packages/superset-ui-core/tsconfig.json	456c59e7576b8b71db96eb8054ed7044835ef90e2277f1e11e31dbea2125ca88	python json 3.14.7	syntax	JSONDecodeError: Expecting property name enclosed in double quotes: line 4 column 5 (char 65)
apache--superset/superset-frontend/packages/superset-ui-switchboard/tsconfig.json	9a462b16f362ff2029415264834827feb37747b80a64da8cc6d7d0167de9b1d7	python json 3.14.7	syntax	JSONDecodeError: Expecting property name enclosed in double quotes: line 4 column 5 (char 65)
apache--superset/superset-frontend/plugins/plugin-chart-ag-grid-table/tsconfig.json	4240155372b8450ee3e14dc2e9533545da136dd55e706d13e6d3cbe1ec6a2979	python json 3.14.7	syntax	JSONDecodeError: Expecting property name enclosed in double quotes: line 4 column 5 (char 65)
apache--superset/superset-frontend/plugins/plugin-chart-calendar/tsconfig.json	4240155372b8450ee3e14dc2e9533545da136dd55e706d13e6d3cbe1ec6a2979	python json 3.14.7	syntax	JSONDecodeError: Expecting property name enclosed in double quotes: line 4 column 5 (char 65)
apache--superset/superset-frontend/plugins/plugin-chart-cartodiagram/tsconfig.json	4240155372b8450ee3e14dc2e9533545da136dd55e706d13e6d3cbe1ec6a2979	python json 3.14.7	syntax	JSONDecodeError: Expecting property name enclosed in double quotes: line 4 column 5 (char 65)
apache--superset/superset-frontend/plugins/plugin-chart-chord/tsconfig.json	4240155372b8450ee3e14dc2e9533545da136dd55e706d13e6d3cbe1ec6a2979	python json 3.14.7	syntax	JSONDecodeError: Expecting property name enclosed in double quotes: line 4 column 5 (char 65)
apache--superset/superset-frontend/plugins/plugin-chart-country-map/tsconfig.json	4240155372b8450ee3e14dc2e9533545da136dd55e706d13e6d3cbe1ec6a2979	python json 3.14.7	syntax	JSONDecodeError: Expecting property name enclosed in double quotes: line 4 column 5 (char 65)
apache--superset/superset-frontend/plugins/plugin-chart-echarts/tsconfig.json	4240155372b8450ee3e14dc2e9533545da136dd55e706d13e6d3cbe1ec6a2979	python json 3.14.7	syntax	JSONDecodeError: Expecting property name enclosed in double quotes: line 4 column 5 (char 65)
apache--superset/superset-frontend/plugins/plugin-chart-handlebars/tsconfig.json	4240155372b8450ee3e14dc2e9533545da136dd55e706d13e6d3cbe1ec6a2979	python json 3.14.7	syntax	JSONDecodeError: Expecting property name enclosed in double quotes: line 4 column 5 (char 65)
apache--superset/superset-frontend/plugins/plugin-chart-horizon/tsconfig.json	4240155372b8450ee3e14dc2e9533545da136dd55e706d13e6d3cbe1ec6a2979	python json 3.14.7	syntax	JSONDecodeError: Expecting property name enclosed in double quotes: line 4 column 5 (char 65)
apache--superset/superset-frontend/plugins/plugin-chart-paired-t-test/tsconfig.json	4240155372b8450ee3e14dc2e9533545da136dd55e706d13e6d3cbe1ec6a2979	python json 3.14.7	syntax	JSONDecodeError: Expecting property name enclosed in double quotes: line 4 column 5 (char 65)
apache--superset/superset-frontend/plugins/plugin-chart-parallel-coordinates/tsconfig.json	4240155372b8450ee3e14dc2e9533545da136dd55e706d13e6d3cbe1ec6a2979	python json 3.14.7	syntax	JSONDecodeError: Expecting property name enclosed in double quotes: line 4 column 5 (char 65)
apache--superset/superset-frontend/plugins/plugin-chart-partition/tsconfig.json	4240155372b8450ee3e14dc2e9533545da136dd55e706d13e6d3cbe1ec6a2979	python json 3.14.7	syntax	JSONDecodeError: Expecting property name enclosed in double quotes: line 4 column 5 (char 65)
apache--superset/superset-frontend/plugins/plugin-chart-pivot-table/tsconfig.json	b242b30d9a5a5f91c1de5dbd814c27d9d6507b0b2f8af7c857cf6c6a8f05d8e7	python json 3.14.7	syntax	JSONDecodeError: Expecting property name enclosed in double quotes: line 4 column 5 (char 65)
apache--superset/superset-frontend/plugins/plugin-chart-table/tsconfig.json	4240155372b8450ee3e14dc2e9533545da136dd55e706d13e6d3cbe1ec6a2979	python json 3.14.7	syntax	JSONDecodeError: Expecting property name enclosed in double quotes: line 4 column 5 (char 65)
apache--superset/superset-frontend/plugins/plugin-chart-word-cloud/tsconfig.json	4240155372b8450ee3e14dc2e9533545da136dd55e706d13e6d3cbe1ec6a2979	python json 3.14.7	syntax	JSONDecodeError: Expecting property name enclosed in double quotes: line 4 column 5 (char 65)
apache--superset/superset-frontend/plugins/plugin-chart-world-map/tsconfig.json	4240155372b8450ee3e14dc2e9533545da136dd55e706d13e6d3cbe1ec6a2979	python json 3.14.7	syntax	JSONDecodeError: Expecting property name enclosed in double quotes: line 4 column 5 (char 65)
apache--superset/superset-frontend/tsconfig.json	1a1b4813240ac7f869323fe68170dd6f0935bf2d5f01259baf587d9e6c6cb2f3	python json 3.14.7	syntax	JSONDecodeError: Expecting property name enclosed in double quotes: line 3 column 5 (char 29)
apache--superset/superset-websocket/oxlint.json	57b864b7bf42859a7dd1e7dbca47d810c31413fa1f8df069ec79afd72961914b	python json 3.14.7	syntax	JSONDecodeError: Illegal trailing comma before end of object: line 133 column 59 (char 4166)
apache--superset/superset_text.yml	39ca00e293f70c636e5b79e954fedee4302b984536a26fe372c541ff89cd443e	ruamel.yaml 0.19.1 (YAML 1.2)	not-openapi	parses as a stream of 0 YAML documents, none naming an `openapi` or `swagger` version
cohere-ai--cohere-developer-experience/tsconfig.json	9f952266ea201032fd1832824a4fc8b90bb0fd85f296af23ca136611922d772d	python json 3.14.7	syntax	JSONDecodeError: Expecting property name enclosed in double quotes: line 9 column 5 (char 187)
digitalocean--openapi/specification/resources/floating_ips/responses/floating_ip_created.yml	60968f61ec57a6a407d0bde40b86d753f70a33096f172c3c7d0650ea044aff8d	ruamel.yaml 0.19.1 (YAML 1.2)	not-openapi	parses, but names no `openapi` or `swagger` version: top-level keys ['content', 'description', 'headers']
digitalocean--openapi/specification/resources/load_balancers/models/load_balancer_base.yml	5fc2a8517b35507877163d44bdd71e21dca0fef95ae20d57e75de23139940999	ruamel.yaml 0.19.1 (YAML 1.2)	not-openapi	parses, but names no `openapi` or `swagger` version: top-level keys ['properties', 'required', 'type']
digitalocean--openapi/specification/resources/reserved_ips/responses/reserved_ip_created.yml	7c01c3998cb79da2f978f8b3015994b4d7dac652d91b8c0102cf88e3366009fb	ruamel.yaml 0.19.1 (YAML 1.2)	not-openapi	parses, but names no `openapi` or `swagger` version: top-level keys ['content', 'description', 'headers']
gotson--komga/komga/src/main/resources/application.yml	e6d38916a296af97832cd3925c1a6c67aac1aecb6dd75f05154fcfced364cbd9	ruamel.yaml 0.19.1 (YAML 1.2)	syntax	ScannerError: while scanning a double-quoted scalar in "<byte string>", line 54, column 9: - "optional:file:\${komga.config-d ... ^ (line: 54) found unknown escape character '$' in "<byte string>", line 54, column 25: - "optional:file:\${komga.config-dir}/application.yml" ^ (line: 54)
gotson--komga/komga/src/test/resources/application-test.yml	162df73de265a329e26b22d6360a664c99f8cce683c03618a0522c63da9d206d	ruamel.yaml 0.19.1 (YAML 1.2)	syntax	ScannerError: while scanning a double-quoted scalar in "<byte string>", line 5, column 11: file: "\${java.io.tmpdir}/database\${r ... ^ (line: 5) found unknown escape character '$' in "<byte string>", line 5, column 13: file: "\${java.io.tmpdir}/database\${ran ... ^ (line: 5)
gotson--komga/next-ui/tsconfig.app.json	c336c1663318151d203d5fa7700488bbd7e0fe2003f8f82175cbcd864e4a1307	python json 3.14.7	syntax	JSONDecodeError: Expecting property name enclosed in double quotes: line 17 column 36 (char 428)
kubernetes--kubernetes/cluster/addons/cloud-controller-manager/cloud-node-controller-binding.yaml	09442b5822dc16062fe31bed66f333a33342d666ab8032abd39aecadef698a47	ruamel.yaml 0.19.1 (YAML 1.2)	not-openapi	parses as a stream of 3 YAML documents, none naming an `openapi` or `swagger` version
kubernetes--kubernetes/cluster/addons/cloud-controller-manager/cloud-node-controller-role.yaml	1e6a4b1d78f3d74dc6a8fc28baf85c9a5212aab7131f2a964eca05c60e263212	ruamel.yaml 0.19.1 (YAML 1.2)	not-openapi	parses as a stream of 4 YAML documents, none naming an `openapi` or `swagger` version
kubernetes--kubernetes/cluster/addons/dns-horizontal-autoscaler/dns-horizontal-autoscaler.yaml	e4d86e514364d2ae37a40370afe0722648c2723d9ae587d888d59b01bffbd22d	ruamel.yaml 0.19.1 (YAML 1.2)	not-openapi	parses as a stream of 4 YAML documents, none naming an `openapi` or `swagger` version
kubernetes--kubernetes/cluster/addons/dns/nodelocaldns/nodelocaldns.yaml	4e648f5d7e87dacdb72427ec60fa68461d7ef51debcf0e519146c42ff3afadb8	ruamel.yaml 0.19.1 (YAML 1.2)	not-openapi	parses as a stream of 5 YAML documents, none naming an `openapi` or `swagger` version
kubernetes--kubernetes/cluster/addons/fluentd-gcp/event-exporter.yaml	52706340cf2abcafb4a4717c67969fc9f6265dd873e2b70db28c03ce1bddec9c	ruamel.yaml 0.19.1 (YAML 1.2)	not-openapi	parses as a stream of 3 YAML documents, none naming an `openapi` or `swagger` version
kubernetes--kubernetes/cluster/addons/fluentd-gcp/fluentd-gcp-ds.yaml	0f69aa9ac508fdbd2e8bcd7459684c666edf7a656fe6158387c3a7b88efac8ea	ruamel.yaml 0.19.1 (YAML 1.2)	syntax	ParserError: while parsing a block mapping in "<byte string>", line 117, column 11: name: {{ fluentd_gcp_configmap_n ... ^ (line: 117) expected <block end>, but found '<scalar>' in "<byte string>", line 117, column 49: ... {{ fluentd_gcp_configmap_name }}-v1.2.5 ^ (line: 117)
kubernetes--kubernetes/cluster/addons/fluentd-gcp/scaler-rbac.yaml	fdd5d9d7c3fbde873c67710b938f5f9c58be81fcc1fab32fcb4c020c966826cf	ruamel.yaml 0.19.1 (YAML 1.2)	not-openapi	parses as a stream of 3 YAML documents, none naming an `openapi` or `swagger` version
kubernetes--kubernetes/cluster/addons/ip-masq-agent/ip-masq-agent.yaml	134b3958032c2ef391ccafbdb63a50afa3f3ce70eaabc9c5d707bd4a5f6a117e	ruamel.yaml 0.19.1 (YAML 1.2)	not-openapi	parses as a stream of 2 YAML documents, none naming an `openapi` or `swagger` version
kubernetes--kubernetes/cluster/addons/kube-network-policies/kube-network-policies-rbac.yaml	450f6f029c39d2c28e112db3911f3ae352b78023345e036e27030b271090d87f	ruamel.yaml 0.19.1 (YAML 1.2)	not-openapi	parses as a stream of 3 YAML documents, none naming an `openapi` or `swagger` version
kubernetes--kubernetes/cluster/addons/metadata-agent/stackdriver/metadata-agent-rbac.yaml	9a344c4d97a0a9426a466171fd7c91d8b4a6c2daab4db2967417f3e6e5b10a34	ruamel.yaml 0.19.1 (YAML 1.2)	not-openapi	parses as a stream of 2 YAML documents, none naming an `openapi` or `swagger` version
kubernetes--kubernetes/cluster/addons/metadata-agent/stackdriver/metadata-agent.yaml	af40f072481a0f67d313a94545fd451a0eb8894857c6683c7c61f89122ca0274	ruamel.yaml 0.19.1 (YAML 1.2)	syntax	ConstructorError: while constructing a mapping in "<byte string>", line 58, column 18: cpu: {{ metadata_agent_cpu_request }} ^ (line: 58) found unhashable key in "<byte string>", line 58, column 19: cpu: {{ metadata_agent_cpu_request }} ^ (line: 58)
kubernetes--kubernetes/cluster/addons/metadata-proxy/gce/metadata-proxy.yaml	5ea099275bad17730931f96397f5dc5e9416767ddf5fb264813c95ccb4e4e411	ruamel.yaml 0.19.1 (YAML 1.2)	not-openapi	parses as a stream of 2 YAML documents, none naming an `openapi` or `swagger` version
kubernetes--kubernetes/cluster/addons/metrics-server/metrics-server-deployment.yaml	ee4888d494524853774750d4423600889af5e0de2f4e5d9de92332a4a152684b	ruamel.yaml 0.19.1 (YAML 1.2)	not-openapi	parses as a stream of 3 YAML documents, none naming an `openapi` or `swagger` version
kubernetes--kubernetes/cluster/addons/metrics-server/resource-reader.yaml	f60b6ff2c5cf5e8b016f7ce4b3564bb87c0f064865eabb24b49a3f9a5c456c05	ruamel.yaml 0.19.1 (YAML 1.2)	not-openapi	parses as a stream of 2 YAML documents, none naming an `openapi` or `swagger` version
kubernetes--kubernetes/cluster/addons/rbac/cluster-autoscaler/cluster-autoscaler-rbac.yaml	d903527ce40f9353f0b15a1503f2a95fbb9eb07a873fc4879d5c5839db92b9f3	ruamel.yaml 0.19.1 (YAML 1.2)	not-openapi	parses as a stream of 2 YAML documents, none naming an `openapi` or `swagger` version
kubernetes--kubernetes/cluster/addons/rbac/cluster-loadbalancing/glbc/roles.yaml	8d6f0134ca40a2cd27532da3944b321520e9ea012bff9978467ec2a901a2a544	ruamel.yaml 0.19.1 (YAML 1.2)	not-openapi	parses as a stream of 2 YAML documents, none naming an `openapi` or `swagger` version
kubernetes--kubernetes/cluster/addons/rbac/cluster-loadbalancing/glbc/user-rolebindings.yaml	2610e745435b14584a93105497692fd64330cdf5fc7de779c55efbaf7fae8ec7	ruamel.yaml 0.19.1 (YAML 1.2)	not-openapi	parses as a stream of 2 YAML documents, none naming an `openapi` or `swagger` version
kubernetes--kubernetes/cluster/addons/rbac/kubelet-cert-rotation/kubelet-certificate-management.yaml	bfdcde0950ca03ae49bc6a6abff72238b4fd13d21dcca44eb8ea432525e711dd	ruamel.yaml 0.19.1 (YAML 1.2)	not-openapi	parses as a stream of 4 YAML documents, none naming an `openapi` or `swagger` version
kubernetes--kubernetes/cluster/addons/rbac/legacy-kubelet-user-disable/kubelet-binding.yaml	2d2f16d34e83e749350bbc99b4faf7243361b2a48fa5a7e4d956ff610d4d2ac1	ruamel.yaml 0.19.1 (YAML 1.2)	not-openapi	parses as a stream of 2 YAML documents, none naming an `openapi` or `swagger` version
kubernetes--kubernetes/cluster/addons/volumesnapshots/volume-snapshot-controller/rbac-volume-snapshot-controller.yaml	d5a87c558951d1da9b55dedcb7717ad3f606255f21435929015da4bcfe5b9cfb	ruamel.yaml 0.19.1 (YAML 1.2)	not-openapi	parses as a stream of 5 YAML documents, none naming an `openapi` or `swagger` version
kubernetes--kubernetes/cluster/gce/addons/konnectivity-agent/konnectivity-agent-ds.yaml	117118fbff85fc01e9a597d6d58a7cad9f778b469840e1610381069d8b8c774d	ruamel.yaml 0.19.1 (YAML 1.2)	syntax	ScannerError: while scanning a simple key in "<byte string>", line 65, column 1: __EXTRA_VOL_MNTS__ ^ (line: 65) could not find expected ':' in "<byte string>", line 66, column 24: - mountPath: /var/run/secrets/tokens ^ (line: 66)
kubernetes--kubernetes/cluster/gce/addons/loadbalancing/cloud-provider-binding.yaml	2aac417eb1236f1bfe72af568290069157f05f4a178deb1b3229a76c1eaad043	ruamel.yaml 0.19.1 (YAML 1.2)	not-openapi	parses as a stream of 2 YAML documents, none naming an `openapi` or `swagger` version
kubernetes--kubernetes/cluster/gce/addons/loadbalancing/cloud-provider-role.yaml	353119e545675467ef52b686c6c556799c4925bc67f76a5523d71fcae69282d9	ruamel.yaml 0.19.1 (YAML 1.2)	not-openapi	parses as a stream of 4 YAML documents, none naming an `openapi` or `swagger` version
kubernetes--kubernetes/cluster/gce/manifests/konnectivity-server.yaml	c6a03d78e6021c2e0a8325becc6047a88be3c12e98d0283840d1bb3053a07800	ruamel.yaml 0.19.1 (YAML 1.2)	syntax	ParserError: while parsing a block mapping in "<byte string>", line 8, column 3: securityContext: ^ (line: 8) expected <block end>, but found '{' in "<byte string>", line 10, column 5: {{ run_as_group }} ^ (line: 10)
kubernetes--kubernetes/cluster/gce/manifests/kube-addon-manager.yaml	fc525cf5a31992e014f86f3b842f042dd7ae1a276f7ac7c97601d21eca958de7	ruamel.yaml 0.19.1 (YAML 1.2)	syntax	ConstructorError: while constructing a mapping in "<byte string>", line 12, column 16: runAsUser: {{runAsUser}} ^ (line: 12) found unhashable key in "<byte string>", line 12, column 17: runAsUser: {{runAsUser}} ^ (line: 12)
kubernetes--kubernetes/cluster/log-dump/logexporter-daemonset.yaml	419d20432a1dc6b7662d828f6be90ffd463b1ec9364f18d1ad7520fcca2ddc6c	ruamel.yaml 0.19.1 (YAML 1.2)	syntax	ConstructorError: while constructing a mapping in "<byte string>", line 12, column 11: name: {{.LogexporterNamespace}} ^ (line: 12) found unhashable key in "<byte string>", line 12, column 12: name: {{.LogexporterNamespace}} ^ (line: 12)
kubernetes--kubernetes/cmd/kubeadm/app/util/testdata/baz.yaml	7bde759ee43382296fd985f0d871db8f2f45f061ee873cd9f63f6f29e0d355a5	ruamel.yaml 0.19.1 (YAML 1.2)	syntax	ScannerError: while scanning for the next token found character '\t' that cannot start any token in "<byte string>", line 4, column 1: foo: bar ^ (line: 4)
kubernetes--kubernetes/hack/testdata/multi-resource-1.yaml	b4ec9df6dc09efc0e7cb8b86d5a4623a13824e8c3d2b3365ff360f6937e1a98e	ruamel.yaml 0.19.1 (YAML 1.2)	not-openapi	parses as a stream of 2 YAML documents, none naming an `openapi` or `swagger` version
kubernetes--kubernetes/hack/testdata/multi-resource-2.yaml	072e49b3153924b3c6bcca527f5c8cb17fb541864a6aec8f4051b22df1b90a11	ruamel.yaml 0.19.1 (YAML 1.2)	not-openapi	parses as a stream of 2 YAML documents, none naming an `openapi` or `swagger` version
kubernetes--kubernetes/hack/testdata/multi-resource-3.yaml	da8a7fee10c232e841c2937bf120f7f5df0189fe4842b967c080aef6448a9024	ruamel.yaml 0.19.1 (YAML 1.2)	not-openapi	parses as a stream of 3 YAML documents, none naming an `openapi` or `swagger` version
kubernetes--kubernetes/hack/testdata/multi-resource-4.yaml	6d2a6f60ca68c20315ec2ff5b6e5653884972acf89011cdec55780eaa5d7fb47	ruamel.yaml 0.19.1 (YAML 1.2)	not-openapi	parses as a stream of 2 YAML documents, none naming an `openapi` or `swagger` version
kubernetes--kubernetes/hack/testdata/multi-resource-json-modify.json	3f300ab76392f3012680504ce8d473d7eb047724243a160b16ac38334fa0ca19	python json 3.14.7	syntax	JSONDecodeError: Extra data: line 22 column 1 (char 319)
kubernetes--kubernetes/hack/testdata/multi-resource-json.json	6f3fd038ab71ee9fe6336318e488617db2faab167f4ac701f65ef30b69ce6d12	python json 3.14.7	syntax	JSONDecodeError: Extra data: line 21 column 1 (char 291)
kubernetes--kubernetes/hack/testdata/multi-resource-yaml-modify.yaml	cd365f81d002545322c8a426b50a328276cbb368c87f828e6890b5b90a63c296	ruamel.yaml 0.19.1 (YAML 1.2)	not-openapi	parses as a stream of 2 YAML documents, none naming an `openapi` or `swagger` version
kubernetes--kubernetes/hack/testdata/multi-resource-yaml.yaml	ff31a3a33e6d639020affe467831721bde3e222eb21b138fea5b6f19b0cd187f	ruamel.yaml 0.19.1 (YAML 1.2)	not-openapi	parses as a stream of 2 YAML documents, none naming an `openapi` or `swagger` version
kubernetes--kubernetes/staging/src/k8s.io/apiextensions-apiserver/test/integration/ratcheting_test_cases/crds/standard-install.yaml	558218a3e7f5a6c9f0d1d8c26e3519c5fdc3955e4a398b2c61cc2066a2034e78	ruamel.yaml 0.19.1 (YAML 1.2)	not-openapi	parses as a stream of 4 YAML documents, none naming an `openapi` or `swagger` version
kubernetes--kubernetes/staging/src/k8s.io/apiextensions-apiserver/test/integration/ratcheting_test_cases/valid/0-namespaces.yaml	1c7a245c605f095c85318a02c4a082190ff7e6339f3395540c2232e95bd9884a	ruamel.yaml 0.19.1 (YAML 1.2)	not-openapi	parses as a stream of 2 YAML documents, none naming an `openapi` or `swagger` version
kubernetes--kubernetes/staging/src/k8s.io/apiextensions-apiserver/test/integration/ratcheting_test_cases/valid/basic-http.yaml	17b26ec974755182762da4d87a747a840d4b18bc5a77b1b4dc392933678eb3a1	ruamel.yaml 0.19.1 (YAML 1.2)	not-openapi	parses as a stream of 3 YAML documents, none naming an `openapi` or `swagger` version
kubernetes--kubernetes/staging/src/k8s.io/apiextensions-apiserver/test/integration/ratcheting_test_cases/valid/cross-namespace-routing/0-namespaces.yaml	20b9088059fef23e144ff95de6ec66e264e4e920f61e137d22f7657db61ee0a1	ruamel.yaml 0.19.1 (YAML 1.2)	not-openapi	parses as a stream of 4 YAML documents, none naming an `openapi` or `swagger` version
kubernetes--kubernetes/staging/src/k8s.io/apiextensions-apiserver/test/integration/ratcheting_test_cases/valid/cross-namespace-routing/site-route.yaml	ade50b5a43552a693dcbc7f719e58ed06ecb92ab00c147ef6a5f823b6d589129	ruamel.yaml 0.19.1 (YAML 1.2)	not-openapi	parses as a stream of 2 YAML documents, none naming an `openapi` or `swagger` version
kubernetes--kubernetes/staging/src/k8s.io/apiextensions-apiserver/test/integration/ratcheting_test_cases/valid/default-match-http.yaml	11851f9a6e4a1ab8514a1c42a21371d1f6add88080d3268d5ee67aec3f8024bb	ruamel.yaml 0.19.1 (YAML 1.2)	not-openapi	parses as a stream of 3 YAML documents, none naming an `openapi` or `swagger` version
kubernetes--kubernetes/staging/src/k8s.io/apiextensions-apiserver/test/integration/ratcheting_test_cases/valid/http-redirect.yaml	e56672b87e1cc74b64b623972dd3a70b43325f23603a369a3210525ff8814806	ruamel.yaml 0.19.1 (YAML 1.2)	not-openapi	parses as a stream of 5 YAML documents, none naming an `openapi` or `swagger` version
kubernetes--kubernetes/staging/src/k8s.io/apiextensions-apiserver/test/integration/ratcheting_test_cases/valid/http-routing/gateway.yaml	05c5e37aab8fb31d257feab117ea146aa0827e1bf976bff9e5b9058add15a4fe	ruamel.yaml 0.19.1 (YAML 1.2)	not-openapi	parses as a stream of 2 YAML documents, none naming an `openapi` or `swagger` version
kubernetes--kubernetes/staging/src/k8s.io/apiextensions-apiserver/test/integration/ratcheting_test_cases/valid/multicluster/0-namespaces.yaml	43e6b48a099e433995e278bb8a2e4b5481ca0ee278daabd2f795f0dcaa5725a8	ruamel.yaml 0.19.1 (YAML 1.2)	not-openapi	parses as a stream of 2 YAML documents, none naming an `openapi` or `swagger` version
kubernetes--kubernetes/staging/src/k8s.io/apiextensions-apiserver/test/integration/ratcheting_test_cases/valid/multicluster/httproute-referencegrant.yaml	4adad0cf8be817dd1ea2f716e45bd728e625a2214eca49484a14e12c4d480401	ruamel.yaml 0.19.1 (YAML 1.2)	not-openapi	parses as a stream of 2 YAML documents, none naming an `openapi` or `swagger` version
kubernetes--kubernetes/staging/src/k8s.io/apiextensions-apiserver/test/integration/ratcheting_test_cases/valid/tls-cert-cross-namespace.yaml	8f3897136597296c33e44bc1ecda27ff2159455079c4bc644a5f78300c97ca0f	ruamel.yaml 0.19.1 (YAML 1.2)	not-openapi	parses as a stream of 2 YAML documents, none naming an `openapi` or `swagger` version
kubernetes--kubernetes/staging/src/k8s.io/apimachinery/pkg/util/strategicpatch/testdata/swagger-merge-item.json	5d5cdbe8d83c4adf86a9eb689e249d3310e92b50281b7c4c7c17ff4e3678c2a9	python json 3.14.7	syntax	JSONDecodeError: Illegal trailing comma before end of object: line 91 column 38 (char 2752)
kubernetes--kubernetes/staging/src/k8s.io/apiserver/pkg/server/options/encryptionconfig/testdata/invalid-configs/kms/invalid-content.yaml	e3b0c44298fc1c149afbf4c8996fb92427ae41e4649b934ca495991b7852b855	ruamel.yaml 0.19.1 (YAML 1.2)	not-openapi	parses as a stream of 0 YAML documents, none naming an `openapi` or `swagger` version
kubernetes--kubernetes/staging/src/k8s.io/dynamic-resource-allocation/api/metadata/testdata/HEAD/metadata.json	115ee37d7c5687920617b31967fd6f92e288fb46145f9974a47b7b42c4f2f6e1	python json 3.14.7	syntax	JSONDecodeError: Extra data: line 87 column 1 (char 2132)
kubernetes--kubernetes/staging/src/k8s.io/kubectl/pkg/cmd/apply/testdata/prune/simple/manifest1-expected-getobjects.yaml	2f1b891dc5d4426cae7a3a6119539735aef313ece0b49b27b53f024fc9ae5c74	ruamel.yaml 0.19.1 (YAML 1.2)	not-openapi	parses as a stream of 2 YAML documents, none naming an `openapi` or `swagger` version
kubernetes--kubernetes/staging/src/k8s.io/kubectl/pkg/cmd/apply/testdata/prune/simple/manifest1.yaml	62a54e1c9bce7f2aacce68cc91f13cf52b274f7d03cbf79db958174f6d4006d1	ruamel.yaml 0.19.1 (YAML 1.2)	not-openapi	parses as a stream of 2 YAML documents, none naming an `openapi` or `swagger` version
kubernetes--kubernetes/staging/src/k8s.io/kubectl/pkg/explain/test-swagger.json	4e750c872c36905738951fe8afc307afe4bff004f1e261da66d2dc8d5cf5852a	python json 3.14.7	syntax	JSONDecodeError: Illegal trailing comma before end of object: line 46 column 47 (char 1592)
kubernetes--kubernetes/staging/src/k8s.io/kubectl/testdata/set/multi-resource-yaml.yaml	1ccb8b06d3311618547ac964b67b82bc5f1cb217c12dcd3a363cf46a07ae49c3	ruamel.yaml 0.19.1 (YAML 1.2)	not-openapi	parses as a stream of 2 YAML documents, none naming an `openapi` or `swagger` version
kubernetes--kubernetes/test/conformance/image/conformance-e2e.yaml	06dd2af191b924250d31762c212deeef66922d7315ab20a983328d88a8a1ba78	ruamel.yaml 0.19.1 (YAML 1.2)	not-openapi	parses as a stream of 5 YAML documents, none naming an `openapi` or `swagger` version
kubernetes--kubernetes/test/e2e/dra/test-driver/deploy/example/plugin-permissions.yaml	a319c625d887c41d0a08facc68fad66304f21b29273cc65b455ff21ea99b4aa8	ruamel.yaml 0.19.1 (YAML 1.2)	not-openapi	parses as a stream of 5 YAML documents, none naming an `openapi` or `swagger` version
kubernetes--kubernetes/test/e2e/dra/test-driver/deploy/example/pod-external-toleration.yaml	9bb278abf4dc7e99e0ed7a4abf65586aec737ba95c6b805dc9a8325c47a0357c	ruamel.yaml 0.19.1 (YAML 1.2)	not-openapi	parses as a stream of 2 YAML documents, none naming an `openapi` or `swagger` version
kubernetes--kubernetes/test/e2e/dra/test-driver/deploy/example/pod-external.yaml	e69485a4d616806c5d949957a86de5e77e1ea5578bda841048af320a10262255	ruamel.yaml 0.19.1 (YAML 1.2)	not-openapi	parses as a stream of 2 YAML documents, none naming an `openapi` or `swagger` version
kubernetes--kubernetes/test/e2e/dra/test-driver/deploy/example/pod-inline-multiple.yaml	513e1a6d51800e9a875aa91d77b49cb628323fb4a7986b2909f2e551af6be633	ruamel.yaml 0.19.1 (YAML 1.2)	not-openapi	parses as a stream of 2 YAML documents, none naming an `openapi` or `swagger` version
kubernetes--kubernetes/test/e2e/dra/test-driver/deploy/example/pod-inline.yaml	ecb65f3628c6e512c444ac1a5457adf9f8663791babb02efce47c35a4ad6ffc9	ruamel.yaml 0.19.1 (YAML 1.2)	not-openapi	parses as a stream of 2 YAML documents, none naming an `openapi` or `swagger` version
kubernetes--kubernetes/test/e2e/dra/test-driver/deploy/example/pod-shared.yaml	7ed2a32c27ec5a78ae8a10df3016798043fb8a7374ab99233f354984b388ff13	ruamel.yaml 0.19.1 (YAML 1.2)	not-openapi	parses as a stream of 3 YAML documents, none naming an `openapi` or `swagger` version
kubernetes--kubernetes/test/e2e/testing-manifests/statefulset/cassandra/tester.yaml	588446133a0d7f23e11e1596800b462f95d5f5feecdb51d4b7b834ef39c94985	ruamel.yaml 0.19.1 (YAML 1.2)	not-openapi	parses as a stream of 3 YAML documents, none naming an `openapi` or `swagger` version
kubernetes--kubernetes/test/e2e/testing-manifests/statefulset/mysql-upgrade/service.yaml	5d126be69dd6a20b1ad32269e9e7c6ce944c64f53cad5d3f12c359061ba6afae	ruamel.yaml 0.19.1 (YAML 1.2)	not-openapi	parses as a stream of 2 YAML documents, none naming an `openapi` or `swagger` version
kubernetes--kubernetes/test/e2e/testing-manifests/statefulset/mysql-upgrade/statefulset.yaml	408de0b9b78b773b6e13a43dce214513210c32499e6f2bfa571adb0b3aa526c7	ruamel.yaml 0.19.1 (YAML 1.2)	not-openapi	parses as a stream of 2 YAML documents, none naming an `openapi` or `swagger` version
kubernetes--kubernetes/test/e2e/testing-manifests/statefulset/mysql-upgrade/tester.yaml	d590a9ecffd8eafef3b6bf1acace9ac1c9ce9447ebb8186674bfa42a0125b97d	ruamel.yaml 0.19.1 (YAML 1.2)	not-openapi	parses as a stream of 3 YAML documents, none naming an `openapi` or `swagger` version
kubernetes--kubernetes/test/e2e/testing-manifests/storage-csi/any-volume-datasource/hello-populator-deploy.yaml	08ea46a76016c623c114f822ee1e598bfb2369dc7c3b302389bc05beba8ce492	ruamel.yaml 0.19.1 (YAML 1.2)	not-openapi	parses as a stream of 4 YAML documents, none naming an `openapi` or `swagger` version
kubernetes--kubernetes/test/e2e/testing-manifests/storage-csi/any-volume-datasource/volume-data-source-validator/rbac-data-source-validator.yaml	d7e642ce9898db1a5cfb31cfa93f3bce94f88aaf117feb8156485ad0abe42915	ruamel.yaml 0.19.1 (YAML 1.2)	not-openapi	parses as a stream of 3 YAML documents, none naming an `openapi` or `swagger` version
kubernetes--kubernetes/test/e2e/testing-manifests/storage-csi/controller-role.yaml	45958a5ac52ea7ad0e34bb9750c546e44d577759777f05900d0d58030409ab1d	ruamel.yaml 0.19.1 (YAML 1.2)	not-openapi	parses as a stream of 0 YAML documents, none naming an `openapi` or `swagger` version
kubernetes--kubernetes/test/e2e/testing-manifests/storage-csi/external-attacher/rbac.yaml	ede2c70e8d9b58f1b8d0c8677904560bd127143654542600443d1837d489a36b	ruamel.yaml 0.19.1 (YAML 1.2)	not-openapi	parses as a stream of 5 YAML documents, none naming an `openapi` or `swagger` version
kubernetes--kubernetes/test/e2e/testing-manifests/storage-csi/external-health-monitor/external-health-monitor-controller/rbac.yaml	3314ff6770b977e072b335398d70dae054c0bd4c7987fe061b91e9f039fc1fce	ruamel.yaml 0.19.1 (YAML 1.2)	not-openapi	parses as a stream of 5 YAML documents, none naming an `openapi` or `swagger` version
kubernetes--kubernetes/test/e2e/testing-manifests/storage-csi/external-provisioner/rbac.yaml	c6b898224f01fe9473b0805500e00f8e0ee89abdd4e2281d95d1ae7f8fe1ece8	ruamel.yaml 0.19.1 (YAML 1.2)	not-openapi	parses as a stream of 5 YAML documents, none naming an `openapi` or `swagger` version
kubernetes--kubernetes/test/e2e/testing-manifests/storage-csi/external-resizer/rbac.yaml	a423869a95b7e9b22ac1f6c974a3432f832b1ea1ac4d29ab663f5bfbc5481a64	ruamel.yaml 0.19.1 (YAML 1.2)	not-openapi	parses as a stream of 5 YAML documents, none naming an `openapi` or `swagger` version
kubernetes--kubernetes/test/e2e/testing-manifests/storage-csi/external-snapshot-metadata/backup-client-rbac.yaml	c8bd96c5594c248ddd849ea75dc0968259f52e21305668a0d52b3736e5a55a01	ruamel.yaml 0.19.1 (YAML 1.2)	not-openapi	parses as a stream of 3 YAML documents, none naming an `openapi` or `swagger` version
kubernetes--kubernetes/test/e2e/testing-manifests/storage-csi/external-snapshotter/csi-snapshotter/rbac-csi-snapshotter.yaml	620d75cb74b11738c55abd4b9b2f7947e607397d776d97095aea2c9ce4f9ad9c	ruamel.yaml 0.19.1 (YAML 1.2)	not-openapi	parses as a stream of 5 YAML documents, none naming an `openapi` or `swagger` version
kubernetes--kubernetes/test/e2e/testing-manifests/storage-csi/gce-pd/csi-controller-rbac.yaml	927c5dad03275a2ec2c054d264a912888fa22428b207f7cceaf365c6db5de55a	ruamel.yaml 0.19.1 (YAML 1.2)	not-openapi	parses as a stream of 12 YAML documents, none naming an `openapi` or `swagger` version
kubernetes--kubernetes/test/e2e/testing-manifests/storage-csi/hostpath/hostpath/csi-hostpath-plugin.yaml	c04e3c63bb1b54c592a484ab5e4d9ab02980264534e9d6dc6fd17af71c5060d3	ruamel.yaml 0.19.1 (YAML 1.2)	not-openapi	parses as a stream of 13 YAML documents, none naming an `openapi` or `swagger` version
kubernetes--kubernetes/test/e2e/testing-manifests/storage-csi/hostpath/hostpath/csi-hostpath-testing.yaml	08c25e2ecfd3b82831c567199927146a3f12cb006a4d012c0917c02886a1f1cc	ruamel.yaml 0.19.1 (YAML 1.2)	not-openapi	parses as a stream of 2 YAML documents, none naming an `openapi` or `swagger` version
kubernetes--kubernetes/test/e2e/testing-manifests/storage-csi/mock/csi-mock-rbac.yaml	bcd7e8d034103530ab36ec2ca518cd474a48a5420c44c942057f185ddc11f684	ruamel.yaml 0.19.1 (YAML 1.2)	not-openapi	parses as a stream of 7 YAML documents, none naming an `openapi` or `swagger` version
kubernetes--kubernetes/test/fixtures/doc-yaml/user-guide/multi-pod.yaml	9193cc28aaf93bf95d257c188acfe702c3505533a7791dd6368d0a8702b8f2eb	ruamel.yaml 0.19.1 (YAML 1.2)	not-openapi	parses as a stream of 2 YAML documents, none naming an `openapi` or `swagger` version
kubernetes--kubernetes/test/fixtures/pkg/kubectl/cmd/convert/serviceandingress.yaml	8e72356dae28d84239b4c6a5e653a655c3ceb16af7c4b9dc377bf24864b8881f	ruamel.yaml 0.19.1 (YAML 1.2)	not-openapi	parses as a stream of 2 YAML documents, none naming an `openapi` or `swagger` version
kubernetes--kubernetes/test/fixtures/pkg/kubectl/cmd/set/multi-resource-yaml.yaml	1ccb8b06d3311618547ac964b67b82bc5f1cb217c12dcd3a363cf46a07ae49c3	ruamel.yaml 0.19.1 (YAML 1.2)	not-openapi	parses as a stream of 2 YAML documents, none naming an `openapi` or `swagger` version
kubernetes--kubernetes/test/integration/scheduler_perf/default_preemption/templates/gang-pod.yaml	f2c0dc44d95018ecaca2a6bb4f1026cb5cdae3b2a05b10384d3a876fb33e43c2	ruamel.yaml 0.19.1 (YAML 1.2)	syntax	ParserError: while parsing a block mapping in "<byte string>", line 13, column 3: priority: {{if .priority}}{{AddI ... ^ (line: 13) expected <block end>, but found '{' in "<byte string>", line 13, column 29: priority: {{if .priority}}{{AddInt 0 .priority}}{{else}}10 ... ^ (line: 13)
kubernetes--kubernetes/test/integration/scheduler_perf/dra/templates/deviceclass-extended-resource.yaml	1b2d9961c96542c22db154fe24718bc75f1598747bc48259ec7a1fc03d28c771	ruamel.yaml 0.19.1 (YAML 1.2)	syntax	ParserError: while parsing a block mapping in "<byte string>", line 6, column 3: selectors: ^ (line: 6) expected <block end>, but found '<scalar>' in "<byte string>", line 9, column 37: {{if eq .class "example.com/gpu"}}extendedResourceName: example.co ... ^ (line: 9)
kubernetes--kubernetes/test/integration/scheduler_perf/dra/templates/pod-with-extended-resource.yaml	2a14a8b1a69c68ce5a965017c46f2def43dd4ccbc0aaec02088d1838e1ba12a7	ruamel.yaml 0.19.1 (YAML 1.2)	syntax	ParserError: while parsing a block mapping in "<byte string>", line 15, column 9: {{.class}}-{{Mod .Index .classes ... ^ (line: 15) expected <block end>, but found '<scalar>' in "<byte string>", line 15, column 19: {{.class}}-{{Mod .Index .classes}}: 1 ^ (line: 15)
kubernetes--kubernetes/test/integration/scheduler_perf/dra/templates/resourceclaimtemplate.yaml	2a30416e69fafcd1dd8fc0f0fefa693296241df1f79223ad4bdab1fb224dd53c	ruamel.yaml 0.19.1 (YAML 1.2)	syntax	ConstructorError: while constructing a mapping in "<byte string>", line 1, column 1: {{$numRequests := (or .numReques ... ^ (line: 1) found unhashable key in "<byte string>", line 1, column 2: {{$numRequests := (or .numRequest ... ^ (line: 1)
kubernetes--kubernetes/test/integration/scheduler_perf/dra/templates/resourceslice-basic-devices.yaml	ab59832335002bac61e3fe2d48eb6c562191f223f4a20a27271e1e440714e045	ruamel.yaml 0.19.1 (YAML 1.2)	syntax	ConstructorError: while constructing a mapping in "<byte string>", line 1, column 1: {{$numDevices := or .numDevices 10}} ^ (line: 1) found unhashable key in "<byte string>", line 1, column 2: {{$numDevices := or .numDevices 10}} ^ (line: 1)
kubernetes--kubernetes/test/integration/scheduler_perf/dra/templates/resourceslice-list-attributes-devices.yaml	ecc67d5e71bc3d89ddb3af9e6af30e58849e0a87ee2994a718e720e5f6e57fc1	ruamel.yaml 0.19.1 (YAML 1.2)	syntax	ConstructorError: while constructing a mapping in "<byte string>", line 1, column 1: {{$numDevices := or .numDevices 64}} ^ (line: 1) found unhashable key in "<byte string>", line 1, column 2: {{$numDevices := or .numDevices 64}} ^ (line: 1)
kubernetes--kubernetes/test/integration/scheduler_perf/event_handling/templates/podupdate-pod-blocker-update.yaml	bab0c387a957aefa5b671615e2554aa1a16fe2fbc8693313465549d292a47e29	ruamel.yaml 0.19.1 (YAML 1.2)	syntax	ParserError: while parsing a block mapping in "<byte string>", line 11, column 9: cpu: 0.0001 ^ (line: 11) expected <block end>, but found '<scalar>' in "<byte string>", line 12, column 45: ... ry: {{ DivideInt 30000 .Count }}Mi ^ (line: 12)
kubernetes--kubernetes/test/integration/scheduler_perf/event_handling/templates/podupdate-pod-blocker.yaml	b836f2e8f525c0ce23e4916a126d5626b00580b8641678240bef42cd65315cd1	ruamel.yaml 0.19.1 (YAML 1.2)	syntax	ParserError: while parsing a block mapping in "<byte string>", line 14, column 9: cpu: 0.0001 ^ (line: 14) expected <block end>, but found '<scalar>' in "<byte string>", line 15, column 45: ... ry: {{ DivideInt 30000 .Count }}Mi ^ (line: 15)
kubernetes--kubernetes/test/integration/scheduler_perf/event_handling/templates/podupdate-pod-noderesources.yaml	c08758c2b728742c80b4f48247752c6a7d81969bf765182f264c03c0e1f3f1ed	ruamel.yaml 0.19.1 (YAML 1.2)	syntax	ParserError: while parsing a block mapping in "<byte string>", line 13, column 9: cpu: 0.0001 ^ (line: 13) expected <block end>, but found '<scalar>' in "<byte string>", line 14, column 45: ... ry: {{ DivideInt 30000 .Count }}Mi ^ (line: 14)
kubernetes--kubernetes/test/integration/scheduler_perf/event_handling/templates/podupdate-pod-podtopologyspread.yaml	5fcb4ab44bc3eedb5f1b67041bef408c1dd333c7b5f29085d42288f99d901242	ruamel.yaml 0.19.1 (YAML 1.2)	syntax	ConstructorError: while constructing a mapping in "<byte string>", line 10, column 16: - maxSkew: {{ .Count }} ^ (line: 10) found unhashable key in "<byte string>", line 10, column 17: - maxSkew: {{ .Count }} ^ (line: 10)
kubernetes--kubernetes/test/integration/scheduler_perf/podgroup/gangscheduling/templates/podgroup.yaml	c51c19b9fadba420fe5e49939fb1d6aa231f6a7badb5efd55cb4a5336e3079f8	ruamel.yaml 0.19.1 (YAML 1.2)	syntax	ConstructorError: while constructing a mapping in "<byte string>", line 8, column 17: minCount: {{.podsPerGroup}} ^ (line: 8) found unhashable key in "<byte string>", line 8, column 18: minCount: {{.podsPerGroup}} ^ (line: 8)
kubernetes--kubernetes/test/integration/scheduler_perf/podgroup/tas/templates/podgroup.yaml	1a3e8dbae55da4134877384f10395949d3c0ab2b16101a0cad9a7a7d2a2a31a3	ruamel.yaml 0.19.1 (YAML 1.2)	syntax	ConstructorError: while constructing a mapping in "<byte string>", line 8, column 17: minCount: {{.podsPerGroup}} ^ (line: 8) found unhashable key in "<byte string>", line 8, column 18: minCount: {{.podsPerGroup}} ^ (line: 8)
kubernetes--kubernetes/test/integration/scheduler_perf/starvation/templates/podgroup.yaml	286c762e5b3e91862aca0f701e46b2ad1ad34a5a61c4d7693cd31bc5058e82dc	ruamel.yaml 0.19.1 (YAML 1.2)	syntax	ConstructorError: while constructing a mapping in "<byte string>", line 8, column 17: minCount: {{.minCount}} ^ (line: 8) found unhashable key in "<byte string>", line 8, column 18: minCount: {{.minCount}} ^ (line: 8)
kubernetes--kubernetes/test/integration/scheduler_perf/templates/podgroup.yaml	21742fd24bbe2a0bab27f12bc1260931f829c351982a6474d669122a7e471c77	ruamel.yaml 0.19.1 (YAML 1.2)	syntax	ParserError: while parsing a block mapping in "<byte string>", line 12, column 3: priority: {{if .priority}}{{AddI ... ^ (line: 12) expected <block end>, but found '{' in "<byte string>", line 12, column 29: priority: {{if .priority}}{{AddInt 0 .priority}}{{else}}10 ... ^ (line: 12)
kubernetes--kubernetes/test/integration/scheduler_perf/workload_preemption/templates/gang-pod.yaml	0426041c75c286a1763a2a3c7b225b746b4677aa28e488b73189f57bd9701e1c	ruamel.yaml 0.19.1 (YAML 1.2)	syntax	ParserError: while parsing a block mapping in "<byte string>", line 6, column 3: priority: {{if .priority}}{{AddI ... ^ (line: 6) expected <block end>, but found '{' in "<byte string>", line 6, column 29: priority: {{if .priority}}{{AddInt 0 .priority}}{{else}}88 ... ^ (line: 6)
kubernetes--kubernetes/test/integration/scheduler_perf/workload_preemption/templates/pod-anchor-high-priority.yaml	1665944955ee2e2bd7b434eacaf8862739720b99fd757d76b677b7bd549dbccb	ruamel.yaml 0.19.1 (YAML 1.2)	syntax	ConstructorError: while constructing a mapping in "<byte string>", line 21, column 17: hostPort: {{AddInt 7000 (Mod .Index (Divid ... ^ (line: 21) found unhashable key in "<byte string>", line 21, column 18: hostPort: {{AddInt 7000 (Mod .Index (Divide ... ^ (line: 21)
kubernetes--kubernetes/test/integration/scheduler_perf/workload_preemption/templates/pod-gang-affinity.yaml	0fef152a66a43d10ece8f6d6ca845467ed80170193f21f1daf255be0f0856138	ruamel.yaml 0.19.1 (YAML 1.2)	syntax	ParserError: while parsing a block mapping in "<byte string>", line 6, column 3: priority: {{if .priority}}{{AddI ... ^ (line: 6) expected <block end>, but found '{' in "<byte string>", line 6, column 29: priority: {{if .priority}}{{AddInt 0 .priority}}{{else}}88 ... ^ (line: 6)
kubernetes--kubernetes/test/integration/scheduler_perf/workload_preemption/templates/pod-low-priority.yaml	f2ac22c4a933f4c2682e2274f7f7f6e025865718b55a2af7bd50750672f26f51	ruamel.yaml 0.19.1 (YAML 1.2)	syntax	ConstructorError: while constructing a mapping in "<byte string>", line 21, column 17: hostPort: {{AddInt 8000 (Mod .Index (Divid ... ^ (line: 21) found unhashable key in "<byte string>", line 21, column 18: hostPort: {{AddInt 8000 (Mod .Index (Divide ... ^ (line: 21)
kubernetes--kubernetes/test/integration/scheduler_perf/workload_preemption/templates/podgroup.yaml	2546921a22c8e72df036cd2282bf258f10a440940b7bf3e47e22e230bfbbe0bb	ruamel.yaml 0.19.1 (YAML 1.2)	syntax	ParserError: while parsing a block mapping in "<byte string>", line 6, column 3: priority: {{if .priority}}{{AddI ... ^ (line: 6) expected <block end>, but found '{' in "<byte string>", line 6, column 29: priority: {{if .priority}}{{AddInt 0 .priority}}{{else}}88 ... ^ (line: 6)
kubernetes--kubernetes/test/kubemark/resources/hollow-node_template.yaml	3e6e7b7a83c58e4d3092042492a060385ab15065db25e6e7976b547cb331a76c	ruamel.yaml 0.19.1 (YAML 1.2)	syntax	ScannerError: while scanning a simple key in "<byte string>", line 7, column 5: {{kubemark_mig_config}} ^ (line: 7) could not find expected ':' in "<byte string>", line 8, column 1: spec: ^ (line: 8)
kubernetes--kubernetes/test/kubemark/resources/kube_dns_template.yaml	a3556614f8360cc9a47991f18d446684a3b4d7c238caccff6bc8996eaecdd4e9	ruamel.yaml 0.19.1 (YAML 1.2)	not-openapi	parses as a stream of 4 YAML documents, none naming an `openapi` or `swagger` version
kubernetes--kubernetes/test/kubemark/resources/manifests/kube-addon-manager.yaml	88bf91ff5ead4195c3188fe7754d64e07e410f3a63064115992406822a03f801	ruamel.yaml 0.19.1 (YAML 1.2)	syntax	ParserError: while parsing a block mapping in "<byte string>", line 11, column 5: - name: kube-addon-manager ^ (line: 11) expected <block end>, but found '<scalar>' in "<byte string>", line 12, column 36: image: {{kube_docker_registry}}/addon-manager/kube-addon-manage ... ^ (line: 12)
mongodb--openapi/tools/cli/test/data/base_spec_with_mismatching_sunset_dates.json	ad9b982c944cff3e65928937727f2efa133b321e894a2b13f3bf27f9ee27134f	python json 3.14.7	syntax	JSONDecodeError: Illegal trailing comma before end of object: line 11965 column 47 (char 422143)
