repository	path	commit	sha256	count	verdict	sites
esengine/DeepSeek-Reasonix	examples/api-notes-kit/fixture/openapi.json	9ce1b8ba5eab6245d1a95d508b496a20c8de952f	e4b0ff88fcb38aa979ee1610038e88603e377a4faec5566aa4aa1b2d49602d6e	0	does-not-declare	
logto-io/logto	packages/core/src/routes/cimd.openapi.json	c814034401b0e13a6f461e0b0835ad3bbb84c9c2	dc50b99626f8510b0ac55b28f380fed1367881f82f70bc92e244da7475a5bb84	0	does-not-declare	
logto-io/logto	packages/core/src/routes/custom-profile-fields.openapi.json	c814034401b0e13a6f461e0b0835ad3bbb84c9c2	ff432ee7ddea597f309e6314d879a8dd8715e4dcdbb9318135cfcbe1ff438f1b	0	does-not-declare	
logto-io/logto	packages/core/src/routes/admin-user/role.openapi.json	c814034401b0e13a6f461e0b0835ad3bbb84c9c2	9c2facc0e5e347ec7e9a4cfa5862a137fdc810e3c07603ba55abb8c2b178455b	0	does-not-declare	
logto-io/logto	packages/core/src/routes/sso-connector/signing-key.openapi.json	c814034401b0e13a6f461e0b0835ad3bbb84c9c2	5b49dfe2d1dfc2d7f2358ac90e59b0a5c72632ec3daae2e27416757b50bd4723	0	does-not-declare	
logto-io/logto	packages/core/src/routes/applications/application-role.openapi.json	c814034401b0e13a6f461e0b0835ad3bbb84c9c2	7c46072cdc4f752eeaa4b1776fc90b70e9b2d2965db112e6a8e6f8c6335d7c01	0	does-not-declare	
logto-io/logto	packages/core/src/routes/applications/application-secret.openapi.json	c814034401b0e13a6f461e0b0835ad3bbb84c9c2	0411013a80707be516c5a5e5181704671d4a3ae831375305432e33353caadd0a	0	does-not-declare	
hey-api/hey-api	examples/openapi-ts-fastify/openapi.json	d6ba11fd9ae4f2b707454940121056fdb505235c	496ef1ab8e3976df03d77971c1624eb148537ce0c343b8c20ea9e352145db19a	0	does-not-declare	
ohkami-rs/ohkami	samples/readme-openapi/openapi.json.sample	7845dfcf7cdee6ec96a8d9136057e16caa0eb0cc	0315a4f01975489948ee7fd760066a14bf9ab0a66a0513486b5420852a7a6ebc	0	does-not-declare	
goadesign/examples	httpstatus/gen/http/openapi.json	977221341580000b43004920ebe6e677813bd139	ac3ae2279a925381587fa63990ac91e3693bf6dcd90b9a866715cac4f85d7f39	0	does-not-declare	
hexa-org/policy-orchestrator	docs/openapi.json	b631a9588b718e111bee528660557f77208e7736	55ef74074a30e103df1573bce70e5d3e4ea1234112f1b7fc5f96acef08b3d1bc	0	does-not-declare	
Azure-Samples/AI-Gateway	labs/azure-ml-models/src/ml-prediction/api/openapi.json	1679e3137d2fe7592d2a668d77ff71550d35b69e	1684b3d341a999707ae8e8b5bfe7ad32674065793beb1acc11fc70fe50b7c342	0	does-not-declare	
openapistack/openapicmd	api/openapi.json	8f865938070f938095657730317d5412d32b6a7c	131bc0816b7473229fa7b282077a838b9a1d8abb4f5de630906b78cdf516fc5c	0	does-not-declare	
PacktPublishing/Mastering-Object-Oriented-Python-Second-Edition	Chapter_13/dice_openapi.json	f6d6517952d51e75c5e086f4c19d1e52500cf261	73262ce97c4bd76ac6f08be3da4d03b76c754fa38e462a297cbd29ee9939ea2c	0	does-not-declare	
mosip/documentation	api/pre-registration-captcha-service-openapi.json	02209889929e84ccd7011bf63ac2edc19a809ca5	43b75b00594cfdc55eeb41d7220d9e699bdd56aa1e2ff3ee268ef00b7c31a666	0	does-not-declare	
cloud-annotations/docusaurus-openapi	packages/docusaurus-template-openapi/template/openapi.json	0cbceadfe53fe996076cd31fc3970a09c981e9c2	4529120ab8f1d2e2849680f16b30619f3bff7172d2075f2600333e6cb98a8880	0	does-not-declare	
ohkami-rs/ohkami	samples/worker-with-global-bindings/openapi.json	7845dfcf7cdee6ec96a8d9136057e16caa0eb0cc	412f5fbb16b46252fa8e196ab0f3ccec6f0a9618f3fc83da25b67bebdb2b3bf0	0	does-not-declare	
DataFire/Integrations	integrations/deprecated/apitore_sentencesimilarity/openapi.json	56332a12c8011cb27be25e3173a0f3b3729c08da	ec0257fd07d5d12517abcd6aadff8bd2627755e657d5114449ba3ee97b0c94e2	0	does-not-declare	
DataFire/Integrations	integrations/generated/reloadly/openapi.json	56332a12c8011cb27be25e3173a0f3b3729c08da	20ad428e875387739011c62ff2b50b4a4a90f3a7d8295ff073e3b5adfd3edff0	0	does-not-declare	
jentic/jentic-public-apis	apis/openapi/growthhero.io/main/1.0/openapi.json	d6f6f530f41678c177d7eb1c7573aa6ee3d92bd5	4ae5bd22af011da96ec1663116f737082f94c85740cdf007669469d3da63e8b9	0	does-not-declare	
sigstore/timestamp-authority	openapi.yaml	26889f887dcaa5970b4bc3a952e14abc65cd4b55	616e626df5db68d5740071740bba1fe57343cc4a6d003001c3676e7277bf2533	0	does-not-declare	
JordanStanchev/Getting-Started-as-User-Assistance-Developer	openapi.yaml	67be7fc9d79f926ff83174baac3e6761d1e58899	b59ba254abf484e556ebcc18de08cbdc736c71b9fc222893ff81bc9bca7c9e3d	0	does-not-declare	
udovin/solve	openapi.yaml	e8b1cd88cf738128348ded141688bffb659d7c78	bdfe0d4e7cc1295241e92f6b57504edd8cdf95b4345df6ca55fcb8ceaf197a26	0	does-not-declare	
sudorandom/fauxrpc	example/openapi.yaml	a62bac225657061b061192a34b0d10cdb05529eb	8b4525ff65a51ce825811160f452c505c09fd14a489892f41d86c54618e946e7	0	does-not-declare	
personio/backend-coding-challenge	openapi.yaml	bec451dbd443c2fe934532689786bd85cd693df0	47772396d7ab247e2e86f7743b6f22bfd05f508ea32cb14e45a73d5daed64d6c	0	does-not-declare	
aws-samples/aws-cdk-openapi	api/openapi.yaml	6142b007577c89b833a4ddd7aa75c72f92179287	3c468718b990feaa2ce6f625a9811fa30103f55356b4b0f11a7b71ad14ef82a1	0	does-not-declare	
PRTIMES/kenshu-frontend-react	openapi.yaml	cc517a5356c4abd221a3711707d7a9988b1fb786	5cbca1eded27f59121ecf65d38b32a0b966c8c4233dfdd862754d4e965678beb	0	does-not-declare	
Mbasa6/HospitalPatientMonitoringSystem	docs/openapi.yaml	9d3521ca595d1d795e4a06d1363e9d1e51b2c65b	2f0947c68392c3d1b4812e4ece2ad221d62d78b31cee7decf1c62bec8e5b4d43	0	does-not-declare	
AsandaMbangata/hospital-vital-monitoring-system	docs/openapi.yaml	dfdfe6e0d0042123b392fe608ffa5e352b750d0e	d2c1c335ed59810af09dc7bb2f23e833d57c0887bdd346114c39266c2c645072	0	does-not-declare	
Technical-writing-mentorship-program/PostmanToOpenAPIConverter	EXAMPLE/OpenAPI.yaml	c2d905805dcf6c3c330eb0e9fd84183c52009198	d67e2b4351b83f816af660305fb148cb23da894d00e71224a317dfb62817c211	1	declares	POST /
danicc097/openapi-go-gin-postgres-sqlc	bin/templates/crud-openapi.yaml.tmpl.bash	7fe88cc100fef3012d79d10af55ce5f51c01da61	3a07a45398f96f9a6edc218c7abcfa19e01fb8c916b3677433544573791e544b	0	does-not-declare	
sinovuyomlanjeni1/Smart-Campus-Management-System	docs/openapi.yaml	f4a75165e051e61ade7c0c394b213cb56752accc	4ae57455246d6c447a3517173e159e7d6fff89ec200ffba452904a2128cdd174	0	does-not-declare	
apigee/registry-experimental	deployments/controller/demo/data/openapi.yaml@r1	43159c03abdf851b29fb33fa634e7c9ce522e621	2207ed0f748befd55dd00f387728b5d4b273452abd07a2aaa8a96199cd7777b7	0	does-not-declare	
apigee/registry-experimental	deployments/controller/demo/data/openapi.yaml@r0	43159c03abdf851b29fb33fa634e7c9ce522e621	2207ed0f748befd55dd00f387728b5d4b273452abd07a2aaa8a96199cd7777b7	0	does-not-declare	
apigee/registry-experimental	deployments/controller/demo/data/openapi.yaml@r2	43159c03abdf851b29fb33fa634e7c9ce522e621	2207ed0f748befd55dd00f387728b5d4b273452abd07a2aaa8a96199cd7777b7	0	does-not-declare	
apigee/registry-experimental	deployments/controller/demo/data/openapi.yaml@r3	43159c03abdf851b29fb33fa634e7c9ce522e621	2207ed0f748befd55dd00f387728b5d4b273452abd07a2aaa8a96199cd7777b7	0	does-not-declare	
Alfian57/gin-kit	internal/cli/templates/api/openapi.yaml.tmpl	9b9931f33be5e6e7b53afda0326a4c0e29039ba0	b85fc928434d5aadd609c5c0da8c6304b44b6aa38798e8dacaff9e2d769862d5	0	parse-failure	
NgoveniGift/weatherTrackingSystem_Assignment-all	docs/openapi.yaml	61894a68370d602fd95b83401eaf2427a8af8e97	6ff43745a8f4712aa8ec7cb6ff74290a44a30ba7d6c01a9a3ac70f05fe82d919	0	does-not-declare	
openfpga-library/analogue-pocket	api/v0/openapi.yaml	2aeecfd7ab9b74b882bcb59849f172a2f3626c6c	191f05dddf6db616660cc37f57336725b66c63d5f9a0a763870ec8c8d32b193d	0	does-not-declare	
networknt/model-config	lambda/market/openapi.yaml	7ac232b3ad37ae2012cb5bcd0a5dd7d3ab876644	a31bd8b554de213428107a6ce4bdd5caa09135b657c585b6066440b6c9a6d088	0	does-not-declare	
