query	total_count	returned	repository	path	triage
"$ref" "./paths/" filename:openapi.yml	104	100	18F/identity-idp	docs/attempts-api/openapi.yml	not screened after Raybot byte match
"$ref" "./paths/" filename:openapi.yml	104	100	aaronchen2k/deeptest	xdoc/openapi/openapi3/recursiveRef/openapi.yml	not screened after Raybot byte match
"$ref" "./paths/" filename:openapi.yml	104	100	SlideRuleEarth/sliderule	apps/ilb/openapi/openapi.yml	not screened after Raybot byte match
"$ref" "./paths/" filename:openapi.yml	104	100	spider-hand/GeoGuessLite	server/openapi/openapi.yml	not screened after Raybot byte match
"$ref" "./paths/" filename:openapi.yml	104	100	sokusekiya/sokuseki	api_schema/openapi.yml	not screened after Raybot byte match
"$ref" "./paths/" filename:openapi.yml	104	100	Yuki-TU/point-app-backend	docs/openapi.yml	not screened after Raybot byte match
"$ref" "./paths/" filename:openapi.yml	104	100	yoshinorin/qualtet	docs/rest-api/openapi.yml	not screened after Raybot byte match
"$ref" "./paths/" filename:openapi.yml	104	100	spider-hand/tokyo-land-price-rag	server/openapi/openapi.yml	not screened after Raybot byte match
"$ref" "./paths/" filename:openapi.yml	104	100	tbe-team/raybot	api/openapi/openapi.yml	registered Raybot witness
"$ref" "./paths/" filename:openapi.yml	104	100	ZoneMix/actual-budget-rest-api	src/docs/openapi.yml	not screened after Raybot byte match
"$ref" "./paths/" filename:openapi.yml	104	100	adr1enbe4udou1n/aspnetcore-realworld-example-app	specs/api/openapi.yml	not screened after Raybot byte match
"$ref" "./paths/" filename:openapi.yml	104	100	luizs-shopper/architecture-study	docs/openapi.yml	not screened after Raybot byte match
"$ref" "./paths/" filename:openapi.yml	104	100	funa1g/multi-file-oas-example	swagger/openapi.yml	not screened after Raybot byte match
"$ref" "./paths/" filename:openapi.yml	104	100	ARCircle/Kojirer	packages/spec/openapi/openapi.yml	not screened after Raybot byte match
"$ref" "./paths/" filename:openapi.yml	104	100	ikepu-tp/unifestill	docs/api/openapi.yml	not screened after Raybot byte match
"$ref" "./paths/" filename:openapi.yml	104	100	Vadim-Khristenko/TheWall	openapi/openapi.yml	not screened after Raybot byte match
"$ref" "./paths/" filename:openapi.yml	104	100	iLeoon/realtime-gateway	api/openapi.yml	not screened after Raybot byte match
"$ref" "./paths/" filename:openapi.yml	104	100	geo1796/vdm-draft	openapi/openapi.yml	not screened after Raybot byte match
"$ref" "./paths/" filename:openapi.yml	104	100	hmcts/api-cp-crime-caseingestion-prosecutor	src/main/resources/openapi/openapi.yml	not screened after Raybot byte match
"$ref" "./paths/" filename:openapi.yml	104	100	spider-hand/GeoChess	server/openapi/openapi.yml	not screened after Raybot byte match
"$ref" "./paths/" filename:openapi.yml	104	100	JohnRey7/NASAM	backend/documentation/openapi.yml	not screened after Raybot byte match
"$ref" "./paths/" filename:openapi.yml	104	100	dynv6/api-spec	api/openapi.yml	not screened after Raybot byte match
"$ref" "./paths/" filename:openapi.yml	104	100	olexsmir/onasty	api/openapi.yml	not screened after Raybot byte match
"$ref" "./paths/" filename:openapi.yml	104	100	grabeTaka/ZRPokeApi	docs/openapi.yml	not screened after Raybot byte match
"$ref" "./paths/" filename:openapi.yml	104	100	somando/OpenAPITemplate	openapi/openapi.yml	not screened after Raybot byte match
"$ref" "./paths/" filename:openapi.yml	104	100	soartec-lab/remix-spa-hono	openapi/openapi.yml	not screened after Raybot byte match
"$ref" "./paths/" filename:openapi.yml	104	100	kitcc-org/kitcc-library	openapi/openapi.yml	Fern rejected: auth required without supported scheme
"$ref" "./paths/" filename:openapi.yml	104	100	ikepu-tp/laravel-designer-helper	docs/api/openapi.yml	not screened after Raybot byte match
"$ref" "./paths/" filename:openapi.yml	104	100	mued-api/spec	openapi.yml	not screened after Raybot byte match
"$ref" "./paths/" filename:openapi.yml	104	100	elbucho/slideshow	docs/spec/openapi.yml	not screened after Raybot byte match
"$ref" "./paths/" filename:openapi.yml	104	100	kijimad/my_openapi	openapi.yml	not screened after Raybot byte match
"$ref" "./paths/" filename:openapi.yml	104	100	Yuki-TU/oapi-codegen-sample	docs/index.openapi.yml	not screened after Raybot byte match
"$ref" "./paths/" filename:openapi.yml	104	100	sns-archive/sns-archive-viewer	backend/doc/openapi.yml	not screened after Raybot byte match
"$ref" "./paths/" filename:openapi.yml	104	100	bettaworx/ciel	packages/api/openapi.yml	not screened after Raybot byte match
"$ref" "./paths/" filename:openapi.yml	104	100	tuanvumaihuynh/outbox-pattern	api-contract/openapi.yml	not screened after Raybot byte match
"$ref" "./paths/" filename:openapi.yml	104	100	dongzpo/-	api/openapi.yml	not screened after Raybot byte match
"$ref" "./paths/" filename:openapi.yml	104	100	framna-dk/starter-openapi-bundled	src/openapi.yml	not screened after Raybot byte match
"$ref" "./paths/" filename:openapi.yml	104	100	KIR-SHARE/config	docs/openapi.yml	not screened after Raybot byte match
"$ref" "./paths/" filename:openapi.yml	104	100	lh-react-api/config	docs/openapi.yml	not screened after Raybot byte match
"$ref" "./paths/" filename:openapi.yml	104	100	nekogravitycat/court-booking-backend	docs/openapi.yml	not screened after Raybot byte match
"$ref" "./paths/" filename:openapi.yml	104	100	ysuz032/auth-sample	docs/mise-user/openapi.yml	not screened after Raybot byte match
"$ref" "./paths/" filename:openapi.yml	104	100	DSACMS/fdsh-utils	specs/medh/nsc/openapi.yml	not screened after Raybot byte match
"$ref" "./paths/" filename:openapi.yml	104	100	YoshitakaSS/backlog	docs/openapi.yml	not screened after Raybot byte match
"$ref" "./paths/" filename:openapi.yml	104	100	grabeTaka/boilerplate-api	docs/openapi.yml	not screened after Raybot byte match
"$ref" "./paths/" filename:openapi.yml	104	100	AppKim/clon_ridibooks	backend/openapi/openapi.yml	not screened after Raybot byte match
"$ref" "./paths/" filename:openapi.yml	104	100	aokinao/brew-note-api	openapi/openapi.yml	not screened after Raybot byte match
"$ref" "./paths/" filename:openapi.yml	104	100	ukon1990/wow-auction-engine	openapi/openapi.yml	not screened after Raybot byte match
"$ref" "./paths/" filename:openapi.yml	104	100	takenaka1739/touratech_edit	openapi/openapi.yml	not screened after Raybot byte match
"$ref" "./paths/" filename:openapi.yml	104	100	18f-copy/identity-idp	docs/attempts-api/openapi.yml	not screened after Raybot byte match
"$ref" "./paths/" filename:openapi.yml	104	100	akane-hikita-ambl/swagger-docker-sample	swagger/openapi.yml	not screened after Raybot byte match
"$ref" "./paths/" filename:openapi.yml	104	100	t-okuji/go-openapi-todo-demo	openapi/openapi.yml	not screened after Raybot byte match
"$ref" "./paths/" filename:openapi.yml	104	100	Marmil321/API-Design-Practice	openapi/openapi.yml	not screened after Raybot byte match
"$ref" "./paths/" filename:openapi.yml	104	100	PrikolTech/alpha	docs/api/openapi.yml	not screened after Raybot byte match
"$ref" "./paths/" filename:openapi.yml	104	100	kijimad/squall	docs/oas/openapi.yml	not screened after Raybot byte match
"$ref" "./paths/" filename:openapi.yml	104	100	mproyyan/classium-fe	api/spec/openapi.yml	not screened after Raybot byte match
"$ref" "./paths/" filename:openapi.yml	104	100	jimmypocock/repo-reconnoiter-rails	docs/api/openapi.yml	not screened after Raybot byte match
"$ref" "./paths/" filename:openapi.yml	104	100	voblako/TheFlowWork	shema/api/openapi.yml	not screened after Raybot byte match
"$ref" "./paths/" filename:openapi.yml	104	100	LucasRibasCardoso/rest-api-arena-mafia	src/main/resources/static/docs/openapi.yml	not screened after Raybot byte match
"$ref" "./paths/" filename:openapi.yml	104	100	spacetraders-syndicate/openapi	src/openapi/openapi.yml	not screened after Raybot byte match
"$ref" "./paths/" filename:openapi.yml	104	100	somadevfat/escsite-express-backend	config/docs/openapi.yml	not screened after Raybot byte match
"$ref" "./paths/" filename:openapi.yml	104	100	Progaku-copy/progaku-archive	backend/doc/openapi.yml	not screened after Raybot byte match
"$ref" "./paths/" filename:openapi.yml	104	100	k-narusawa/go-idp	openapi/src/openapi.yml	not screened after Raybot byte match
"$ref" "./paths/" filename:openapi.yml	104	100	chihiros/topicpost	docs/openapi/openapi.yml	not screened after Raybot byte match
"$ref" "./paths/" filename:openapi.yml	104	100	hebertCardoso63/TattooArt-Api	docs/openapi/openapi.yml	not screened after Raybot byte match
"$ref" "./paths/" filename:openapi.yml	104	100	Basigli/TrackBite	backend/docs/openapi.yml	not screened after Raybot byte match
"$ref" "./paths/" filename:openapi.yml	104	100	2Nhan/Social-Music-Streaming-Backend	docs/openapi/openapi.yml	not screened after Raybot byte match
"$ref" "./paths/" filename:openapi.yml	104	100	ronish-maharjan/form-bridge	docs/openapi/openapi.yml	not screened after Raybot byte match
"$ref" "./paths/" filename:openapi.yml	104	100	TranTuanNghia94/grocery-management	docs/swagger/openapi.yml	not screened after Raybot byte match
"$ref" "./paths/" filename:openapi.yml	104	100	pledger-io/user-documentation	static/openapi/openapi.yml	not screened after Raybot byte match
"$ref" "./paths/" filename:openapi.yml	104	100	Lewisjohnward/Budgie	backend/docs/api/openapi.yml	not screened after Raybot byte match
"$ref" "./paths/" filename:openapi.yml	104	100	hmcts/api-cp-crime-caseingestion-case	src/main/resources/openapi/openapi.yml	not screened after Raybot byte match
"$ref" "./paths/" filename:openapi.yml	104	100	IT-CP25-US1-School-Management-System/sms-auth-service	api-spec/auth/v1/openapi.yml	not screened after Raybot byte match
"$ref" "./paths/" filename:openapi.yml	104	100	zahra-ove/blog_website	code/public/api-doc/openapi.yml	not screened after Raybot byte match
"$ref" "./paths/" filename:openapi.yml	104	100	tdomy/openapi-cicd	openapi.yml	not screened after Raybot byte match
"$ref" "./paths/" filename:openapi.yml	104	100	t-takakubo/coworker-match-openapi	openapi.yml	not screened after Raybot byte match
"$ref" "./paths/" filename:openapi.yml	104	100	madebyqwerty/shift	services/gateway/docs/openapi.yml	not screened after Raybot byte match
"$ref" "./paths/" filename:openapi.yml	104	100	madebyqwerty/shift	services/database/docs/openapi.yml	not screened after Raybot byte match
"$ref" "./paths/" filename:openapi.yml	104	100	yumekiti-archive/cocoroiki-bff	mock/openapi.yml	not screened after Raybot byte match
"$ref" "./paths/" filename:openapi.yml	104	100	Hoangtri20003/Be-Ev-rental-system	docs/openapi.yml	not screened after Raybot byte match
"$ref" "./paths/" filename:openapi.yml	104	100	emilioSp/node-stream	docs/openapi.yml	not screened after Raybot byte match
"$ref" "./paths/" filename:openapi.yml	104	100	zixiCat/openapi-service	openapi/src/main/resources/openapi.yml	not screened after Raybot byte match
"$ref" "./paths/" filename:openapi.yml	104	100	seoky0/ace	openapi/openapi.yml	not screened after Raybot byte match
"$ref" "./paths/" filename:openapi.yml	104	100	edasa235/api_db	api/docs/openapi.yml	not screened after Raybot byte match
"$ref" "./paths/" filename:openapi.yml	104	100	TofuDotTech/CrujofestApiDocs	apiSpec/v1/openapi.yml	not screened after Raybot byte match
"$ref" "./paths/" filename:openapi.yml	104	100	devminchev/personalised-lobby-ts-lambda-v3	contracts/personalised-lobby/v3/openapi.yml	not screened after Raybot byte match
"$ref" "./paths/" filename:openapi.yml	104	100	ericz99/test-repo	open-api/api/openapi.yml	not screened after Raybot byte match
"$ref" "./paths/" filename:openapi.yml	104	100	MatthijsRademaker/PlexToServarr	OpenApiSpecs/plex.openapi.yml	not screened after Raybot byte match
"$ref" "./paths/" filename:openapi.yml	104	100	Arey613/TicketOrderPlatform	contracts/openapi/ticket-order-api/src/openapi.yml	not screened after Raybot byte match
"$ref" "./paths/" filename:openapi.yml	104	100	hibohiboo/develop	tutorial/lesson/aws/typescript/projects/cdk_openapi/openapi/openapi.yml	not screened after Raybot byte match
"$ref" "./paths/" filename:openapi.yml	104	100	Akvilona/account-service	src/main/resources/openapi/openapi.yml	not screened after Raybot byte match
"$ref" "./paths/" filename:openapi.yml	104	100	Atolosss/dropbox-api-service	src/main/resources/openapi/openapi.yml	not screened after Raybot byte match
"$ref" "./paths/" filename:openapi.yml	104	100	Akvilona/fraud-service	src/main/resources/openapi/openapi.yml	not screened after Raybot byte match
"$ref" "./paths/" filename:openapi.yml	104	100	Knkydd/task-tracker-bot	core/src/main/resources/static/api/openapi.yml	not screened after Raybot byte match
"$ref" "./paths/" filename:openapi.yml	104	100	dewi-g/cordra	cordra-ui/openapi/src/openapi.yml	not screened after Raybot byte match
"$ref" "./paths/" filename:openapi.yml	104	100	getkin/kin-openapi	openapi3/testdata/recursiveRef/openapi.yml	not screened after Raybot byte match
"$ref" "./paths/" filename:openapi.yml	104	100	yaklang/yaklang	common/openapi/openapi3/testdata/recursiveRef/openapi.yml	not screened after Raybot byte match
"$ref" "./paths/" filename:openapi.yml	104	100	gotomicro/eapi	spec/testdata/recursiveRef/openapi.yml	not screened after Raybot byte match
"$ref" "./paths/" filename:openapi.yml	104	100	gridgentoo/kin-openapi	openapi3/testdata/recursiveRef/openapi.yml	not screened after Raybot byte match
"$ref" "./paths/" filename:openapi.yml	104	100	Niorlusx/Music.worker	go/pkg/mod/github.com/getkin/kin-openapi@v0.131.0/openapi3/testdata/recursiveRef/openapi.yml	not screened after Raybot byte match
"$ref" "./paths/" filename:openapi.yml	104	100	0xelixer/mylinux	go/pkg/mod/github.com/getkin/kin-openapi@v0.123.0/openapi3/testdata/recursiveRef/openapi.yml	not screened after Raybot byte match
"$ref" "paths/" "openapi: 3.0.0" filename:openapi.yml	136	100	n8n-io/n8n	packages/cli/src/public-api/v1/openapi.yml	not screened after Raybot byte match
"$ref" "paths/" "openapi: 3.0.0" filename:openapi.yml	136	100	aaronchen2k/deeptest	xdoc/openapi/openapi3/pathref.openapi.yml	not screened after Raybot byte match
"$ref" "paths/" "openapi: 3.0.0" filename:openapi.yml	136	100	aaronchen2k/deeptest	xdoc/openapi/openapi3/relativeDocsUseDocumentPath/openapi/openapi.yml	not screened after Raybot byte match
"$ref" "paths/" "openapi: 3.0.0" filename:openapi.yml	136	100	ballerina-platform/openapi-connectors	openapi/googleapis.cloudfunctions/openapi.yml	not screened after Raybot byte match
"$ref" "paths/" "openapi: 3.0.0" filename:openapi.yml	136	100	eikek/sharry	modules/restapi/src/main/resources/sharry-openapi.yml	not screened after Raybot byte match
"$ref" "paths/" "openapi: 3.0.0" filename:openapi.yml	136	100	nimblehq/rails-templates	.template/addons/openapi/docs/openapi/openapi.yml	not screened after Raybot byte match
"$ref" "paths/" "openapi: 3.0.0" filename:openapi.yml	136	100	Abdulazizzn/n8n-enterprise-unlocked	packages/cli/src/public-api/v1/openapi.yml	not screened after Raybot byte match
"$ref" "paths/" "openapi: 3.0.0" filename:openapi.yml	136	100	nimblehq/gin-templates	{{cookiecutter.app_name}}/docs/openapi/openapi.yml	not screened after Raybot byte match
"$ref" "paths/" "openapi: 3.0.0" filename:openapi.yml	136	100	Yuki-TU/point-app-backend	docs/openapi.yml	not screened after Raybot byte match
"$ref" "paths/" "openapi: 3.0.0" filename:openapi.yml	136	100	tbe-team/raybot	api/openapi/openapi.yml	registered Raybot witness
"$ref" "paths/" "openapi: 3.0.0" filename:openapi.yml	136	100	nimblehq/api-mock-templates	docs/openapi/openapi.yml	not screened after Raybot byte match
"$ref" "paths/" "openapi: 3.0.0" filename:openapi.yml	136	100	sns-archive/sns-archive-viewer	backend/doc/openapi.yml	not screened after Raybot byte match
"$ref" "paths/" "openapi: 3.0.0" filename:openapi.yml	136	100	kylezap/daydiff	openapi.yml	not screened after Raybot byte match
"$ref" "paths/" "openapi: 3.0.0" filename:openapi.yml	136	100	luizs-shopper/architecture-study	docs/openapi.yml	not screened after Raybot byte match
"$ref" "paths/" "openapi: 3.0.0" filename:openapi.yml	136	100	khanh-atom/n8n-atom	packages/cli/src/public-api/v1/openapi.yml	not screened after Raybot byte match
"$ref" "paths/" "openapi: 3.0.0" filename:openapi.yml	136	100	devjack/example-library-specification	openapi.yml	not screened after Raybot byte match
"$ref" "paths/" "openapi: 3.0.0" filename:openapi.yml	136	100	nimblehq/nimble-survey-web	docs/openapi/openapi.yml	not screened after Raybot byte match
"$ref" "paths/" "openapi: 3.0.0" filename:openapi.yml	136	100	soartec-lab/openapi-devtools	openapi.yml	not screened after Raybot byte match
"$ref" "paths/" "openapi: 3.0.0" filename:openapi.yml	136	100	Progaku-copy/progaku-archive	backend/doc/openapi.yml	not screened after Raybot byte match
"$ref" "paths/" "openapi: 3.0.0" filename:openapi.yml	136	100	falling-fruit/falling-fruit-api	docs/openapi.yml	not screened after Raybot byte match
"$ref" "paths/" "openapi: 3.0.0" filename:openapi.yml	136	100	ZoneMix/actual-budget-rest-api	src/docs/openapi.yml	not screened after Raybot byte match
"$ref" "paths/" "openapi: 3.0.0" filename:openapi.yml	136	100	soartec-lab/openapi-generator-axios	openapi.yml	not screened after Raybot byte match
"$ref" "paths/" "openapi: 3.0.0" filename:openapi.yml	136	100	tuanvumaihuynh/go-playground	oapicodegen/openapi/openapi.yml	not screened after Raybot byte match
"$ref" "paths/" "openapi: 3.0.0" filename:openapi.yml	136	100	caiocotts/handy-automator	api/openapi.yml	not screened after Raybot byte match
"$ref" "paths/" "openapi: 3.0.0" filename:openapi.yml	136	100	kodflow/terraform-provider-n8n	sdk/n8nsdk/api/openapi-source/v1/openapi.yml	not screened after Raybot byte match
"$ref" "paths/" "openapi: 3.0.0" filename:openapi.yml	136	100	Wilpoymu/pw-prueba-tecnica-fullstack	public/docs/openapi.yml	not screened after Raybot byte match
"$ref" "paths/" "openapi: 3.0.0" filename:openapi.yml	136	100	tMinamiii/openapi-starter	openapi/openapi.yml	not screened after Raybot byte match
"$ref" "paths/" "openapi: 3.0.0" filename:openapi.yml	136	100	aokinao/brew-note-api	openapi/openapi.yml	not screened after Raybot byte match
"$ref" "paths/" "openapi: 3.0.0" filename:openapi.yml	136	100	SELab-2/Dwengo-2	backend/api/openapi.yml	not screened after Raybot byte match
"$ref" "paths/" "openapi: 3.0.0" filename:openapi.yml	136	100	soartec-lab/dart-dio-next-opneapi-genrator-sample	openapi/openapi.yml	not screened after Raybot byte match
"$ref" "paths/" "openapi: 3.0.0" filename:openapi.yml	136	100	dgtovar24/n8n-enhanced	packages/cli/src/public-api/v1/openapi.yml	not screened after Raybot byte match
"$ref" "paths/" "openapi: 3.0.0" filename:openapi.yml	136	100	FELLOWPRO/docapp-docs	backup_old/workflow/api/v1/openapi.yml	not screened after Raybot byte match
"$ref" "paths/" "openapi: 3.0.0" filename:openapi.yml	136	100	Yuki-TU/oapi-codegen-sample	docs/index.openapi.yml	not screened after Raybot byte match
"$ref" "paths/" "openapi: 3.0.0" filename:openapi.yml	136	100	lh-react-api/config	docs/openapi.yml	not screened after Raybot byte match
"$ref" "paths/" "openapi: 3.0.0" filename:openapi.yml	136	100	newscred/settings-ex-im-automation-sample	docs/openapi.yml	not screened after Raybot byte match
"$ref" "paths/" "openapi: 3.0.0" filename:openapi.yml	136	100	KIR-SHARE/config	docs/openapi.yml	not screened after Raybot byte match
"$ref" "paths/" "openapi: 3.0.0" filename:openapi.yml	136	100	k-narusawa/go-idp	openapi/src/openapi.yml	not screened after Raybot byte match
"$ref" "paths/" "openapi: 3.0.0" filename:openapi.yml	136	100	Basigli/TrackBite	backend/docs/openapi.yml	not screened after Raybot byte match
"$ref" "paths/" "openapi: 3.0.0" filename:openapi.yml	136	100	kingler/n8n-mcp-server	n8n-openapi.yml	not screened after Raybot byte match
"$ref" "paths/" "openapi: 3.0.0" filename:openapi.yml	136	100	apphutdev/Trendcaster-api-research	openapi.yml	not screened after Raybot byte match
"$ref" "paths/" "openapi: 3.0.0" filename:openapi.yml	136	100	plewkow/GoTodoApp	spec/openapi/openapi.yml	not screened after Raybot byte match
"$ref" "paths/" "openapi: 3.0.0" filename:openapi.yml	136	100	zahra-ove/blog_website	code/public/api-doc/openapi.yml	not screened after Raybot byte match
"$ref" "paths/" "openapi: 3.0.0" filename:openapi.yml	136	100	takenaka1739/touratech_edit	openapi/openapi.yml	not screened after Raybot byte match
"$ref" "paths/" "openapi: 3.0.0" filename:openapi.yml	136	100	ht-0328/Kotlin-SpringBoot-OpenAPI	projects/kotlin-spring-boot-app/app/src/main/resources/openapi/openapi.yml	not screened after Raybot byte match
"$ref" "paths/" "openapi: 3.0.0" filename:openapi.yml	136	100	qusar01/todo	spec/openapi/openapi.yml	not screened after Raybot byte match
"$ref" "paths/" "openapi: 3.0.0" filename:openapi.yml	136	100	somadevfat/escsite-express-backend	config/docs/openapi.yml	not screened after Raybot byte match
"$ref" "paths/" "openapi: 3.0.0" filename:openapi.yml	136	100	bettaworx/ciel	packages/api/openapi.yml	not screened after Raybot byte match
"$ref" "paths/" "openapi: 3.0.0" filename:openapi.yml	136	100	katsuokaisao/openapi-start-template	openapi/openapi.yml	not screened after Raybot byte match
"$ref" "paths/" "openapi: 3.0.0" filename:openapi.yml	136	100	mbarnes-code/expert-dollop	backend/api/n8n/openapi.yml	not screened after Raybot byte match
"$ref" "paths/" "openapi: 3.0.0" filename:openapi.yml	136	100	api-evangelist/vendasta	openapi/_original/vendasta-business-openapi.yml	not screened after Raybot byte match
"$ref" "paths/" "openapi: 3.0.0" filename:openapi.yml	136	100	DSC-UNSRI/gdsc-website-backend	openapi.yml	not screened after Raybot byte match
"$ref" "paths/" "openapi: 3.0.0" filename:openapi.yml	136	100	testStatusCheck1/test-heavy-repo	packages/cli/src/PublicApi/v1/openapi.yml	not screened after Raybot byte match
"$ref" "paths/" "openapi: 3.0.0" filename:openapi.yml	136	100	kenneth0426/n8n-2	packages/cli/src/PublicApi/v1/openapi.yml	not screened after Raybot byte match
"$ref" "paths/" "openapi: 3.0.0" filename:openapi.yml	136	100	t-takakubo/coworker-match-openapi	openapi.yml	not screened after Raybot byte match
"$ref" "paths/" "openapi: 3.0.0" filename:openapi.yml	136	100	deepanshubhatia/n8n_xlsx_withoutcdnsheet	packages/cli/src/PublicApi/v1/openapi.yml	not screened after Raybot byte match
"$ref" "paths/" "openapi: 3.0.0" filename:openapi.yml	136	100	Robin-Memobar/AuroraChat	packages/cli/src/PublicApi/v1/openapi.yml	not screened after Raybot byte match
"$ref" "paths/" "openapi: 3.0.0" filename:openapi.yml	136	100	hoanga-anh-nguyen/n8n	packages/cli/src/PublicApi/v1/openapi.yml	not screened after Raybot byte match
"$ref" "paths/" "openapi: 3.0.0" filename:openapi.yml	136	100	willianruas/n8n-io-n8n	packages/cli/src/PublicApi/v1/openapi.yml	not screened after Raybot byte match
"$ref" "paths/" "openapi: 3.0.0" filename:openapi.yml	136	100	khulnasoft/floweasex	packages/cli/src/PublicApi/v1/openapi.yml	not screened after Raybot byte match
"$ref" "paths/" "openapi: 3.0.0" filename:openapi.yml	136	100	enigmat/N8N	packages/cli/src/PublicApi/v1/openapi.yml	not screened after Raybot byte match
"$ref" "paths/" "openapi: 3.0.0" filename:openapi.yml	136	100	jasonmimick-aws/amazon-ecs-fargate-cdk-v2-cicd-n8n	n8n/packages/cli/src/PublicApi/v1/openapi.yml	not screened after Raybot byte match
"$ref" "paths/" "openapi: 3.0.0" filename:openapi.yml	136	100	wsdevv/n8n-clockify-workaround	packages/cli/src/public-api/v1/openapi.yml	not screened after Raybot byte match
"$ref" "paths/" "openapi: 3.0.0" filename:openapi.yml	136	100	viviblue2020/n8n_plan_starter	packages/cli/src/public-api/v1/openapi.yml	not screened after Raybot byte match
"$ref" "paths/" "openapi: 3.0.0" filename:openapi.yml	136	100	Mosasathaliya/orynern	packages/cli/src/public-api/v1/openapi.yml	not screened after Raybot byte match
"$ref" "paths/" "openapi: 3.0.0" filename:openapi.yml	136	100	RajeshHuria/n8n	packages/cli/src/public-api/v1/openapi.yml	not screened after Raybot byte match
"$ref" "paths/" "openapi: 3.0.0" filename:openapi.yml	136	100	AdaWorldAPI/n8n-rs	packages/cli/src/public-api/v1/openapi.yml	not screened after Raybot byte match
"$ref" "paths/" "openapi: 3.0.0" filename:openapi.yml	136	100	Noyoucringe/n8n-workflow	packages/cli/src/public-api/v1/openapi.yml	not screened after Raybot byte match
"$ref" "paths/" "openapi: 3.0.0" filename:openapi.yml	136	100	zkria/n8nZ	packages/cli/src/public-api/v1/openapi.yml	not screened after Raybot byte match
"$ref" "paths/" "openapi: 3.0.0" filename:openapi.yml	136	100	ai-integr8tor/n8n-io-n8n	packages/cli/src/public-api/v1/openapi.yml	not screened after Raybot byte match
"$ref" "paths/" "openapi: 3.0.0" filename:openapi.yml	136	100	Nexlayer/nexlayer-n8n	packages/cli/src/public-api/v1/openapi.yml	not screened after Raybot byte match
"$ref" "paths/" "openapi: 3.0.0" filename:openapi.yml	136	100	IITApurba/Distributed-Workflow-Execution-Engine	packages/cli/src/public-api/v1/openapi.yml	not screened after Raybot byte match
"$ref" "paths/" "openapi: 3.0.0" filename:openapi.yml	136	100	exaland/n8n	packages/cli/src/public-api/v1/openapi.yml	not screened after Raybot byte match
"$ref" "paths/" "openapi: 3.0.0" filename:openapi.yml	136	100	Uguryldz/nnnnn8n	packages/cli/src/public-api/v1/openapi.yml	not screened after Raybot byte match
"$ref" "paths/" "openapi: 3.0.0" filename:openapi.yml	136	100	justyn-clark/n8n	packages/cli/src/public-api/v1/openapi.yml	not screened after Raybot byte match
"$ref" "paths/" "openapi: 3.0.0" filename:openapi.yml	136	100	Rub-git/n8n-auto	packages/cli/src/public-api/v1/openapi.yml	not screened after Raybot byte match
"$ref" "paths/" "openapi: 3.0.0" filename:openapi.yml	136	100	mateenqamar1122/n8n	packages/cli/src/public-api/v1/openapi.yml	not screened after Raybot byte match
"$ref" "paths/" "openapi: 3.0.0" filename:openapi.yml	136	100	richard-oki/n8n	packages/cli/src/public-api/v1/openapi.yml	not screened after Raybot byte match
"$ref" "paths/" "openapi: 3.0.0" filename:openapi.yml	136	100	aibelbin/Voyagr	packages/cli/src/public-api/v1/openapi.yml	not screened after Raybot byte match
"$ref" "paths/" "openapi: 3.0.0" filename:openapi.yml	136	100	a37683467-sys/My-n8n-agents-	packages/cli/src/public-api/v1/openapi.yml	not screened after Raybot byte match
"$ref" "paths/" "openapi: 3.0.0" filename:openapi.yml	136	100	quyen244/n8n-1	packages/cli/src/public-api/v1/openapi.yml	not screened after Raybot byte match
"$ref" "paths/" "openapi: 3.0.0" filename:openapi.yml	136	100	wsdevv/n8n-clockify-workaround	n8nr/packages/cli/src/public-api/v1/openapi.yml	not screened after Raybot byte match
"$ref" "paths/" "openapi: 3.0.0" filename:openapi.yml	136	100	SyNerGiiK/artisanconnect	n8n/cli/src/public-api/v1/openapi.yml	not screened after Raybot byte match
"$ref" "paths/" "openapi: 3.0.0" filename:openapi.yml	136	100	testStatusCheck1/test-heavy-repo	.github copy 2/packages/cli/src/PublicApi/v1/openapi.yml	not screened after Raybot byte match
"$ref" "paths/" "openapi: 3.0.0" filename:openapi.yml	136	100	testStatusCheck1/test-heavy-repo	.github copy 3/packages/cli/src/PublicApi/v1/openapi.yml	not screened after Raybot byte match
"$ref" "paths/" "openapi: 3.0.0" filename:openapi.yml	136	100	BlackRoad-OS-Inc/blackroad	orgs/enterprise/blackbox-n8n/packages/cli/src/public-api/v1/openapi.yml	not screened after Raybot byte match
"$ref" "paths/" "openapi: 3.0.0" filename:openapi.yml	136	100	api-evangelist/przelewy24	openapi/_original/openapi.yml	not screened after Raybot byte match
"$ref" "paths/" "openapi: 3.0.0" filename:openapi.yml	136	100	Ker102/Kaelux-Automate	n8n/packages/cli/src/public-api/v1/openapi.yml	not screened after Raybot byte match
"$ref" "paths/" "openapi: 3.0.0" filename:openapi.yml	136	100	FrogwinX/AWS-AI-Hackathon-2025	n8n/packages/cli/src/public-api/v1/openapi.yml	not screened after Raybot byte match
"$ref" "paths/" "openapi: 3.0.0" filename:openapi.yml	136	100	manfromexistence/friday-integrations	n8n/packages/cli/src/public-api/v1/openapi.yml	not screened after Raybot byte match
"$ref" "paths/" "openapi: 3.0.0" filename:openapi.yml	136	100	Sleepyarno/Recroot	n8n/packages/cli/src/public-api/v1/openapi.yml	not screened after Raybot byte match
"$ref" "paths/" "openapi: 3.0.0" filename:openapi.yml	136	100	raja-nasrullah/n8n-server	packages/cli/src/public-api/v1/openapi.yml	not screened after Raybot byte match
"$ref" "paths/" "openapi: 3.0.0" filename:openapi.yml	136	100	devminchev/personalised-lobby-ts-lambda-v3	contracts/personalised-lobby/v3/openapi.yml	not screened after Raybot byte match
"$ref" "paths/" "openapi: 3.0.0" filename:openapi.yml	136	100	dgtovar24/flexai-desktop	server/packages/cli/src/public-api/v1/openapi.yml	not screened after Raybot byte match
"$ref" "paths/" "openapi: 3.0.0" filename:openapi.yml	136	100	johnneerdael/sharry	modules/restapi/src/main/resources/sharry-openapi.yml	not screened after Raybot byte match
"$ref" "paths/" "openapi: 3.0.0" filename:openapi.yml	136	100	Slava02/SaintDiego	backend/api_gateway/api/split/openapi.yml	not screened after Raybot byte match
"$ref" "paths/" "openapi: 3.0.0" filename:openapi.yml	136	100	mbarnes-code/expert-dollop	modules/workflow/n8n/packages/cli/src/public-api/v1/openapi.yml	not screened after Raybot byte match
"$ref" "paths/" "openapi: 3.0.0" filename:openapi.yml	136	100	mbarnes-code/modular-monolith-2	features/n8n/packages/cli/src/public-api/v1/openapi.yml	not screened after Raybot byte match
"$ref" "paths/" "openapi: 3.0.0" filename:openapi.yml	136	100	api-evangelist/skyslope	openapi/_original/skyslope-offers-openapi.yml	not screened after Raybot byte match
"$ref" "paths/" "openapi: 3.0.0" filename:openapi.yml	136	100	api-evangelist/autofi	openapi/_original/autofi-api-openapi.yml	not screened after Raybot byte match
"$ref" "paths/" "openapi: 3.0.0" filename:openapi.yml	136	100	api-evangelist/cabify	openapi/_original/cabify-logistics-openapi.yml	not screened after Raybot byte match
