document	licence	ref	fern
OpenAPITools/openapi-generator:samples/client/petstore/csharp/generichost/latest/UseDateTimeOffset/api/openapi.yaml	passed: Apache-2.0 (info.license and the repository LICENSE)	passed: commit 099d598b7f10	failed: fern check, 6 errors
OpenAPITools/openapi-generator:samples/client/petstore/csharp/generichost/net10/FormModels/api/openapi.yaml	passed: Apache-2.0 (info.license and the repository LICENSE)	passed: commit 099d598b7f10	failed: fern check, 4 errors
OpenAPITools/openapi-generator:samples/client/petstore/csharp/generichost/net10/NullReferenceTypes/api/openapi.yaml	passed: Apache-2.0 (info.license and the repository LICENSE)	passed: commit 099d598b7f10	failed: fern check, 6 errors
OpenAPITools/openapi-generator:samples/client/petstore/csharp/generichost/net10/Petstore/api/openapi.yaml	passed: Apache-2.0 (info.license and the repository LICENSE)	passed: commit 099d598b7f10	failed: fern check, 6 errors
OpenAPITools/openapi-generator:samples/client/petstore/csharp/generichost/net10/SourceGeneration/api/openapi.yaml	passed: Apache-2.0 (info.license and the repository LICENSE)	passed: commit 099d598b7f10	failed: fern check, 6 errors
OpenAPITools/openapi-generator:samples/client/petstore/csharp/generichost/net4.7/FormModels/api/openapi.yaml	passed: Apache-2.0 (info.license and the repository LICENSE)	passed: commit 099d598b7f10	failed: fern check, 4 errors
OpenAPITools/openapi-generator:samples/client/petstore/csharp/generichost/net4.7/Petstore/api/openapi.yaml	passed: Apache-2.0 (info.license and the repository LICENSE)	passed: commit 099d598b7f10	failed: fern check, 6 errors
OpenAPITools/openapi-generator:samples/client/petstore/csharp/generichost/net4.8/FormModels/api/openapi.yaml	passed: Apache-2.0 (info.license and the repository LICENSE)	passed: commit 099d598b7f10	failed: fern check, 4 errors
OpenAPITools/openapi-generator:samples/client/petstore/csharp/generichost/net4.8/Petstore/api/openapi.yaml	passed: Apache-2.0 (info.license and the repository LICENSE)	passed: commit 099d598b7f10	failed: fern check, 6 errors
OpenAPITools/openapi-generator:samples/client/petstore/csharp/generichost/net8/FormModels/api/openapi.yaml	passed: Apache-2.0 (info.license and the repository LICENSE)	passed: commit 099d598b7f10	failed: fern check, 4 errors
OpenAPITools/openapi-generator:samples/client/petstore/csharp/generichost/net8/NullReferenceTypes/api/openapi.yaml	passed: Apache-2.0 (info.license and the repository LICENSE)	passed: commit 099d598b7f10	failed: fern check, 6 errors
OpenAPITools/openapi-generator:samples/client/petstore/csharp/generichost/net8/Petstore/api/openapi.yaml	passed: Apache-2.0 (info.license and the repository LICENSE)	passed: commit 099d598b7f10	failed: fern check, 6 errors
OpenAPITools/openapi-generator:samples/client/petstore/csharp/generichost/net8/SourceGeneration/api/openapi.yaml	passed: Apache-2.0 (info.license and the repository LICENSE)	passed: commit 099d598b7f10	failed: fern check, 6 errors
OpenAPITools/openapi-generator:samples/client/petstore/csharp/generichost/net9/FormModels/api/openapi.yaml	passed: Apache-2.0 (info.license and the repository LICENSE)	passed: commit 099d598b7f10	failed: fern check, 4 errors
OpenAPITools/openapi-generator:samples/client/petstore/csharp/generichost/net9/NullReferenceTypes/api/openapi.yaml	passed: Apache-2.0 (info.license and the repository LICENSE)	passed: commit 099d598b7f10	failed: fern check, 6 errors
OpenAPITools/openapi-generator:samples/client/petstore/csharp/generichost/net9/Petstore/api/openapi.yaml	passed: Apache-2.0 (info.license and the repository LICENSE)	passed: commit 099d598b7f10	failed: fern check, 6 errors
OpenAPITools/openapi-generator:samples/client/petstore/csharp/generichost/net9/SourceGeneration/api/openapi.yaml	passed: Apache-2.0 (info.license and the repository LICENSE)	passed: commit 099d598b7f10	failed: fern check, 6 errors
OpenAPITools/openapi-generator:samples/client/petstore/csharp/generichost/standard2.0/Petstore/api/openapi.yaml	passed: Apache-2.0 (info.license and the repository LICENSE)	passed: commit 099d598b7f10	failed: fern check, 6 errors
OpenAPITools/openapi-generator:samples/client/petstore/csharp/httpclient/net10/Petstore/api/openapi.yaml	passed: Apache-2.0 (info.license and the repository LICENSE)	passed: commit 099d598b7f10	failed: fern check, 6 errors
OpenAPITools/openapi-generator:samples/client/petstore/csharp/httpclient/net9/Petstore/api/openapi.yaml	passed: Apache-2.0 (info.license and the repository LICENSE)	passed: commit 099d598b7f10	failed: fern check, 6 errors
OpenAPITools/openapi-generator:samples/client/petstore/csharp/httpclient/standard2.0/Petstore/api/openapi.yaml	passed: Apache-2.0 (info.license and the repository LICENSE)	passed: commit 099d598b7f10	failed: fern check, 6 errors
OpenAPITools/openapi-generator:samples/client/petstore/csharp/restsharp/net10/Petstore/api/openapi.yaml	passed: Apache-2.0 (info.license and the repository LICENSE)	passed: commit 099d598b7f10	failed: fern check, 5 errors
OpenAPITools/openapi-generator:samples/client/petstore/csharp/restsharp/net4.7/Petstore/api/openapi.yaml	passed: Apache-2.0 (info.license and the repository LICENSE)	passed: commit 099d598b7f10	failed: fern check, 5 errors
OpenAPITools/openapi-generator:samples/client/petstore/csharp/restsharp/net4.8/Petstore/api/openapi.yaml	passed: Apache-2.0 (info.license and the repository LICENSE)	passed: commit 099d598b7f10	failed: fern check, 5 errors
OpenAPITools/openapi-generator:samples/client/petstore/csharp/restsharp/net8/EnumMappings/api/openapi.yaml	passed: Apache-2.0 (info.license and the repository LICENSE)	passed: commit 099d598b7f10	failed: fern check, 5 errors
OpenAPITools/openapi-generator:samples/client/petstore/csharp/restsharp/net8/Petstore/api/openapi.yaml	passed: Apache-2.0 (info.license and the repository LICENSE)	passed: commit 099d598b7f10	failed: fern check, 6 errors
OpenAPITools/openapi-generator:samples/client/petstore/csharp/restsharp/net9/EnumMappings/api/openapi.yaml	passed: Apache-2.0 (info.license and the repository LICENSE)	passed: commit 099d598b7f10	failed: fern check, 5 errors
OpenAPITools/openapi-generator:samples/client/petstore/csharp/restsharp/standard2.0/ConditionalSerialization/api/openapi.yaml	passed: Apache-2.0 (info.license and the repository LICENSE)	passed: commit 099d598b7f10	failed: fern check, 6 errors
OpenAPITools/openapi-generator:samples/client/petstore/csharp/restsharp/standard2.0/Petstore/api/openapi.yaml	passed: Apache-2.0 (info.license and the repository LICENSE)	passed: commit 099d598b7f10	failed: fern check, 5 errors
OpenAPITools/openapi-generator:samples/client/petstore/csharp/unityWebRequest/net10/Petstore/api/openapi.yaml	passed: Apache-2.0 (info.license and the repository LICENSE)	passed: commit 099d598b7f10	failed: fern check, 6 errors
OpenAPITools/openapi-generator:samples/client/petstore/csharp/unityWebRequest/net9/Petstore/api/openapi.yaml	passed: Apache-2.0 (info.license and the repository LICENSE)	passed: commit 099d598b7f10	failed: fern check, 6 errors
OpenAPITools/openapi-generator:samples/client/petstore/csharp/unityWebRequest/standard2.0/Petstore/api/openapi.yaml	passed: Apache-2.0 (info.license and the repository LICENSE)	passed: commit 099d598b7f10	failed: fern check, 6 errors
jstz-dev/jstz:crates/jstz_node/openapi.json	passed: MIT (info.license and the repository LICENSE)	passed: commit f4f8fabef47b	failed: fern check, 1 error (discriminant value _type is not suitable for code generation)
quay/clair:httptransport/api/v1/openapi.yaml	passed: Apache-2.0 (the repository LICENSE)	passed: commit 4cec58a01bc3	failed: fern check, 1 error (type name must begin with a letter)
weather-gov/api:assets/openapi.yaml	failed: no info.license and no repository LICENSE	passed: commit 694ed0f55263	not owed
