key	selector	census_status
schema-name-builtin-complex	components.schemas:complex-module-name	supported
operation-id-untagged-list-or-set	operation.operationId:untagged-list-or-set	supported
operation-id-hyphenated-tag-method	operation.operationId:hyphenated-tag-method	supported
operation-id-all-caps-tag-split-prefix	operation.operationId:all-caps-tag-split-prefix	supported
operation-id-tag-spelled-split-prefix	operation.operationId:tag-spelled-split-prefix	supported
operation-sdk-group-name-leading-underscore	operation.x-fern-sdk-group-name:leading-underscore	supported
operation-sdk-group-name-without-method-name	operation.x-fern-sdk-group-name:without-method-name	supported
operation-sdk-method-name-sequence	operation.x-fern-sdk-method-name:sequence	supported
security-scheme-header-extension-named	securityScheme.x-fern-header:named	supported
security-scheme-bearer-extension-named	securityScheme.x-fern-bearer:named	supported
security-scheme-basic-extension-named	securityScheme.x-fern-basic:named-or-env	supported
security-scheme-token-variable-name	securityScheme.x-fern-token-variable-name:bearer	supported
security-schemes-duplicate-api-key-header	components.securitySchemes:duplicate-api-key-header	supported
security-scheme-capitalised-http	securityScheme.scheme:capitalised-http	supported
operation-pagination-cursor	operation.x-fern-pagination:cursor	supported
operation-pagination-offset	operation.x-fern-pagination:offset	supported
operation-pagination-boolean	operation.x-fern-pagination:boolean-over-root	supported
operation-pagination-nullable-response	operation.x-fern-pagination:nullable-response	supported
operation-empty-tag	operation.tags:empty-string	supported
operation-group-types-beside-child-group	operation.x-fern-sdk-group-name:types-beside-child-group	supported
operation-idempotent-with-root-headers	operation.x-fern-idempotent:with-root-headers	supported
operation-retries-disabled	operation.x-fern-retries:disabled	supported
operation-servers-named	operation.servers:named-beside-document-server	supported
server-default-url-templated	server.x-fern-default-url:templated	supported
server-name-several	server.x-fern-server-name:several-undescribed	supported
schema-sdk-group-name	schema.x-fern-sdk-group-name:component	supported
schema-x-tags	schema.x-tags:component	supported
schema-type-name-inline-property	schema.x-fern-type-name:inline-property	supported
webhook-inline-json-body-named	openapi.webhooks:inline-json-body-named	supported
operation-webhook-extension	operation.x-fern-webhook:true	supported
