key	source	document	strict	loose
described-ref-oneof-alias-without-docstring	apis.guru	APIs/atlassian.com/jira/1001.0.0-SNAPSHOT/openapi.yaml	0	1
described-ref-oneof-alias-without-docstring	apis.guru	APIs/bkk.hu/1.0.1/openapi.yaml	1	1
described-ref-oneof-alias-without-docstring	apis.guru	APIs/ix-api.net/2.1.0/openapi.yaml	0	22
described-ref-oneof-alias-without-docstring	apis.guru	APIs/just-eat.co.uk/1.0.0/openapi.yaml	1	1
described-ref-oneof-alias-without-docstring	apis.guru	APIs/microcks.local/1.7.0/openapi.yaml	0	1
described-ref-oneof-alias-without-docstring	apis.guru	APIs/pandascore.co/2.23.1/openapi.yaml	0	13
described-ref-oneof-alias-without-docstring	apis.guru	APIs/probely.com/1.2.0/openapi.yaml	1	1
described-ref-oneof-alias-without-docstring	apis.guru	APIs/shipengine.com/1.1.202304191404/openapi.yaml	0	3
described-ref-oneof-alias-without-docstring	apis.guru	APIs/stream-io-api.com/v80.2.0/openapi.yaml	0	1
described-ref-oneof-alias-without-docstring	apis.guru	APIs/telnyx.com/2.0.0/openapi.yaml	0	1
described-ref-oneof-alias-without-docstring	apis.guru	APIs/twitter.com/current/2.62/openapi.yaml	3	3
described-ref-oneof-alias-without-docstring	apis.guru	APIs/whatsapp.local/1.0/openapi.yaml	4	4
described-ref-oneof-alias-without-docstring	registered	tests/fixtures/corpus-sources/atlassian.com-jira/openapi.json	0	1
described-ref-oneof-alias-without-docstring	registered	tests/fixtures/corpus-sources/hasura-metadata/openapi.json	1	1
described-ref-oneof-alias-without-docstring	registered	tests/fixtures/corpus-sources/langchain-agent-protocol/openapi.json	1	1
described-ref-oneof-alias-without-docstring	registered	tests/fixtures/corpus-sources/letta/openapi.json	0	1
described-ref-oneof-alias-without-docstring	registered	tests/fixtures/corpus-sources/microcks.local/openapi.json	0	1
described-ref-oneof-alias-without-docstring	registered	tests/fixtures/corpus-sources/mockserver/openapi.yaml	1	1
described-ref-oneof-alias-without-docstring	registered	tests/fixtures/corpus-sources/onevoice/openapi.yaml	0	1
described-ref-oneof-alias-without-docstring	registered	tests/fixtures/corpus-sources/openepcis-dpp-ready/openapi.yaml	0	2
described-ref-oneof-alias-without-docstring	registered	tests/fixtures/corpus-sources/paloalto-cspm-alerts/openapi.json	0	1
described-ref-oneof-alias-without-docstring	registered	tests/fixtures/corpus-sources/paloalto-cspm-reports/openapi.json	0	1
described-ref-oneof-alias-without-docstring	registered	tests/fixtures/corpus-sources/paloalto-cspm-search-manager/openapi.json	0	1
described-ref-oneof-alias-without-docstring	registered	tests/fixtures/corpus-sources/paypal-catalog-products/openapi.json	1	1
described-ref-oneof-alias-without-docstring	registered	tests/fixtures/corpus-sources/tally/openapi.json	0	1
described-ref-oneof-alias-without-docstring	registered	tests/fixtures/corpus-sources/tamoss/openapi.yaml	1	1
described-ref-oneof-alias-without-docstring	registered	tests/fixtures/corpus-sources/truefoundry-trueforge-5adde28/openapi.json	0	2
described-ref-oneof-alias-without-docstring	registered	tests/fixtures/corpus-sources/truefoundry-trueforge/openapi.json	0	1
discriminated-variant-date-value-snippet	apis.guru	APIs/ix-api.net/2.1.0/openapi.yaml	0	3
discriminated-variant-date-value-snippet	apis.guru	APIs/linqr.app/2.0/openapi.yaml	0	1
discriminated-variant-date-value-snippet	apis.guru	APIs/stream-io-api.com/v80.2.0/openapi.yaml	0	1
discriminated-variant-date-value-snippet	apis.guru	APIs/telnyx.com/2.0.0/openapi.yaml	0	1
discriminated-variant-date-value-snippet	registered	tests/fixtures/corpus-sources/komga/openapi.json	0	1
discriminated-variant-date-value-snippet	registered	tests/fixtures/corpus-sources/letta/openapi.json	0	2
dotted-mapping-key-variant-class-name	apis.guru	APIs/apple.com/sirikit-cloud-media/1.0.2/openapi.yaml	3	3
dotted-mapping-key-variant-class-name	apis.guru	APIs/atlassian.com/jira/1001.0.0-SNAPSHOT/openapi.yaml	1	1
dotted-mapping-key-variant-class-name	apis.guru	APIs/stream-io-api.com/v80.2.0/openapi.yaml	1	1
dotted-mapping-key-variant-class-name	registered	tests/fixtures/corpus-sources/atlassian.com-jira/openapi.json	1	1
dotted-mapping-key-variant-class-name	registered	tests/fixtures/corpus-sources/truefoundry-trueforge-5adde28/openapi.json	4	4
dotted-mapping-key-variant-class-name	registered	tests/fixtures/corpus-sources/truefoundry-trueforge/openapi.json	4	4
empty-path-segment-double-slash-kept	apis.guru	APIs/clever-cloud.com/1.0.0/openapi.yaml	2	4
empty-path-segment-double-slash-kept	apis.guru	APIs/tomtom.com/maps/1.0.0/openapi.yaml	1	1
enum-extension-names-dropped-under-literals	registered	tests/fixtures/corpus-sources/truefoundry-trueforge-5adde28/openapi.json	0	1
enum-extension-names-dropped-under-literals	registered	tests/fixtures/corpus-sources/truefoundry-trueforge/openapi.json	0	1
enum-extension-names-dropped-under-literals	registered	tests/fixtures/crozier-sdk-extensions/openapi.yml	0	1
enum-header-params-stringified	apis.guru	APIs/just-eat.co.uk/1.0.0/openapi.yaml	0	2
enum-header-params-stringified	apis.guru	APIs/twilio.com/twilio_chat_v2/1.55.0/openapi.yaml	0	12
enum-header-params-stringified	apis.guru	APIs/twilio.com/twilio_chat_v3/1.55.0/openapi.yaml	0	1
enum-header-params-stringified	apis.guru	APIs/twilio.com/twilio_conversations_v1/1.55.0/openapi.yaml	0	24
enum-header-params-stringified	apis.guru	APIs/twilio.com/twilio_ip_messaging_v2/1.55.0/openapi.yaml	0	11
literal-enum-description-omitted	apis.guru	APIs/adyen.com/TerminalAPI-v1/1/openapi.yaml	5	5
literal-enum-description-omitted	apis.guru	APIs/airbyte.local/config/1.0.0/openapi.yaml	7	7
literal-enum-description-omitted	apis.guru	APIs/amadeus.com/2.2.0/openapi.yaml	9	9
literal-enum-description-omitted	apis.guru	APIs/amazonaws.com/amp/2020-08-01/openapi.yaml	4	4
literal-enum-description-omitted	apis.guru	APIs/amazonaws.com/amplifybackend/2020-08-11/openapi.yaml	1	1
literal-enum-description-omitted	apis.guru	APIs/amazonaws.com/apigateway/2015-07-09/openapi.yaml	5	5
literal-enum-description-omitted	apis.guru	APIs/amazonaws.com/apigatewayv2/2018-11-29/openapi.yaml	14	14
literal-enum-description-omitted	apis.guru	APIs/amazonaws.com/appflow/2020-08-23/openapi.yaml	2	2
literal-enum-description-omitted	apis.guru	APIs/amazonaws.com/appstream/2016-12-01/openapi.yaml	3	3
literal-enum-description-omitted	apis.guru	APIs/amazonaws.com/budgets/2016-10-20/openapi.yaml	6	6
literal-enum-description-omitted	apis.guru	APIs/amazonaws.com/ce/2017-10-25/openapi.yaml	1	1
literal-enum-description-omitted	apis.guru	APIs/amazonaws.com/cloudhsm/2014-05-30/openapi.yaml	1	1
literal-enum-description-omitted	apis.guru	APIs/amazonaws.com/cloudsearch/2011-02-01/openapi.yaml	2	2
literal-enum-description-omitted	apis.guru	APIs/amazonaws.com/cloudsearch/2013-01-01/openapi.yaml	5	5
literal-enum-description-omitted	apis.guru	APIs/amazonaws.com/codebuild/2016-10-06/openapi.yaml	2	2
literal-enum-description-omitted	apis.guru	APIs/amazonaws.com/codedeploy/2014-10-06/openapi.yaml	1	1
literal-enum-description-omitted	apis.guru	APIs/amazonaws.com/comprehend/2017-11-27/openapi.yaml	1	1
literal-enum-description-omitted	apis.guru	APIs/amazonaws.com/connect/2017-08-08/openapi.yaml	2	2
literal-enum-description-omitted	apis.guru	APIs/amazonaws.com/connectcampaigns/2021-01-30/openapi.yaml	7	7
literal-enum-description-omitted	apis.guru	APIs/amazonaws.com/cur/2017-01-06/openapi.yaml	6	6
literal-enum-description-omitted	apis.guru	APIs/amazonaws.com/devops-guru/2020-12-01/openapi.yaml	1	1
literal-enum-description-omitted	apis.guru	APIs/amazonaws.com/drs/2020-02-26/openapi.yaml	1	1
literal-enum-description-omitted	apis.guru	APIs/amazonaws.com/dynamodb/2011-12-05/openapi.yaml	3	3
literal-enum-description-omitted	apis.guru	APIs/amazonaws.com/dynamodb/2012-08-10/openapi.yaml	1	1
literal-enum-description-omitted	apis.guru	APIs/amazonaws.com/elasticfilesystem/2015-02-01/openapi.yaml	2	2
literal-enum-description-omitted	apis.guru	APIs/amazonaws.com/elasticmapreduce/2009-03-31/openapi.yaml	1	1
literal-enum-description-omitted	apis.guru	APIs/amazonaws.com/es/2015-01-01/openapi.yaml	14	14
literal-enum-description-omitted	apis.guru	APIs/amazonaws.com/finspace-data/2020-07-13/openapi.yaml	8	8
literal-enum-description-omitted	apis.guru	APIs/amazonaws.com/fsx/2018-03-01/openapi.yaml	8	8
literal-enum-description-omitted	apis.guru	APIs/amazonaws.com/greengrass/2017-06-07/openapi.yaml	8	8
literal-enum-description-omitted	apis.guru	APIs/amazonaws.com/guardduty/2017-11-28/openapi.yaml	1	1
literal-enum-description-omitted	apis.guru	APIs/amazonaws.com/iam/2010-05-08/openapi.yaml	1	1
literal-enum-description-omitted	apis.guru	APIs/amazonaws.com/importexport/2010-06-01/openapi.yaml	1	1
literal-enum-description-omitted	apis.guru	APIs/amazonaws.com/iot-roborunner/2018-05-10/openapi.yaml	1	1
literal-enum-description-omitted	apis.guru	APIs/amazonaws.com/iot/2015-05-28/openapi.yaml	1	1
literal-enum-description-omitted	apis.guru	APIs/amazonaws.com/iotwireless/2020-11-22/openapi.yaml	15	15
literal-enum-description-omitted	apis.guru	APIs/amazonaws.com/kafka/2018-11-14/openapi.yaml	10	10
literal-enum-description-omitted	apis.guru	APIs/amazonaws.com/kendra/2019-02-03/openapi.yaml	1	1
literal-enum-description-omitted	apis.guru	APIs/amazonaws.com/kms/2014-11-01/openapi.yaml	1	1
literal-enum-description-omitted	apis.guru	APIs/amazonaws.com/logs/2014-03-28/openapi.yaml	1	1
literal-enum-description-omitted	apis.guru	APIs/amazonaws.com/machinelearning/2014-12-12/openapi.yaml	7	7
literal-enum-description-omitted	apis.guru	APIs/amazonaws.com/macie2/2020-01-01/openapi.yaml	45	45
literal-enum-description-omitted	apis.guru	APIs/amazonaws.com/mediaconvert/2017-08-29/openapi.yaml	407	407
literal-enum-description-omitted	apis.guru	APIs/amazonaws.com/medialive/2017-10-14/openapi.yaml	267	267
literal-enum-description-omitted	apis.guru	APIs/amazonaws.com/mediapackage/2017-10-12/openapi.yaml	2	2
literal-enum-description-omitted	apis.guru	APIs/amazonaws.com/mobile/2017-07-01/openapi.yaml	2	2
literal-enum-description-omitted	apis.guru	APIs/amazonaws.com/models.lex.v2/2020-08-07/openapi.yaml	1	1
literal-enum-description-omitted	apis.guru	APIs/amazonaws.com/mq/2017-11-27/openapi.yaml	9	9
literal-enum-description-omitted	apis.guru	APIs/amazonaws.com/nimble/2020-08-01/openapi.yaml	6	6
literal-enum-description-omitted	apis.guru	APIs/amazonaws.com/opensearch/2021-01-01/openapi.yaml	13	13
literal-enum-description-omitted	apis.guru	APIs/amazonaws.com/opsworks/2013-02-18/openapi.yaml	3	3
literal-enum-description-omitted	apis.guru	APIs/amazonaws.com/opsworkscm/2016-11-01/openapi.yaml	1	1
literal-enum-description-omitted	apis.guru	APIs/amazonaws.com/payment-cryptography/2021-09-14/openapi.yaml	2	2
literal-enum-description-omitted	apis.guru	APIs/amazonaws.com/pinpoint-email/2018-07-26/openapi.yaml	10	10
literal-enum-description-omitted	apis.guru	APIs/amazonaws.com/proton/2020-07-20/openapi.yaml	2	2
literal-enum-description-omitted	apis.guru	APIs/amazonaws.com/quicksight/2018-04-01/openapi.yaml	2	2
literal-enum-description-omitted	apis.guru	APIs/amazonaws.com/rekognition/2016-06-27/openapi.yaml	1	1
literal-enum-description-omitted	apis.guru	APIs/amazonaws.com/route53-recovery-control-config/2020-11-02/openapi.yaml	2	2
literal-enum-description-omitted	apis.guru	APIs/amazonaws.com/route53-recovery-readiness/2019-12-02/openapi.yaml	1	1
literal-enum-description-omitted	apis.guru	APIs/amazonaws.com/route53domains/2014-05-15/openapi.yaml	1	1
literal-enum-description-omitted	apis.guru	APIs/amazonaws.com/s3/2006-03-01/openapi.yaml	5	5
literal-enum-description-omitted	apis.guru	APIs/amazonaws.com/sagemaker/2017-07-24/openapi.yaml	7	7
literal-enum-description-omitted	apis.guru	APIs/amazonaws.com/securityhub/2018-10-26/openapi.yaml	1	1
literal-enum-description-omitted	apis.guru	APIs/amazonaws.com/serverlessrepo/2017-09-08/openapi.yaml	1	1
literal-enum-description-omitted	apis.guru	APIs/amazonaws.com/sesv2/2019-09-27/openapi.yaml	16	16
literal-enum-description-omitted	apis.guru	APIs/amazonaws.com/sms-voice/2018-09-05/openapi.yaml	1	1
literal-enum-description-omitted	apis.guru	APIs/amazonaws.com/sns/2010-03-31/openapi.yaml	4	4
literal-enum-description-omitted	apis.guru	APIs/amazonaws.com/ssm/2014-11-06/openapi.yaml	1	1
literal-enum-description-omitted	apis.guru	APIs/amazonaws.com/storagegateway/2013-06-30/openapi.yaml	2	2
literal-enum-description-omitted	apis.guru	APIs/amazonaws.com/transfer/2018-11-05/openapi.yaml	2	2
literal-enum-description-omitted	apis.guru	APIs/amazonaws.com/wellarchitected/2020-03-31/openapi.yaml	6	6
literal-enum-description-omitted	apis.guru	APIs/apache.org/airflow/2.5.3/openapi.yaml	5	5
literal-enum-description-omitted	apis.guru	APIs/apicurio.local/registry/1.3.2.Final/openapi.yaml	1	1
literal-enum-description-omitted	apis.guru	APIs/apicurio.local/registry/2.4.x/openapi.yaml	1	1
literal-enum-description-omitted	apis.guru	APIs/apideck.com/accounting/10.0.0/openapi.yaml	2	2
literal-enum-description-omitted	apis.guru	APIs/apideck.com/ats/10.0.0/openapi.yaml	2	2
literal-enum-description-omitted	apis.guru	APIs/apideck.com/connector/10.0.0/openapi.yaml	4	4
literal-enum-description-omitted	apis.guru	APIs/apideck.com/crm/10.0.0/openapi.yaml	2	2
literal-enum-description-omitted	apis.guru	APIs/apideck.com/customer-support/9.5.0/openapi.yaml	1	1
literal-enum-description-omitted	apis.guru	APIs/apideck.com/ecommerce/10.0.0/openapi.yaml	4	4
literal-enum-description-omitted	apis.guru	APIs/apideck.com/file-storage/10.0.0/openapi.yaml	2	2
literal-enum-description-omitted	apis.guru	APIs/apideck.com/hris/10.0.0/openapi.yaml	6	6
literal-enum-description-omitted	apis.guru	APIs/apideck.com/issue-tracking/10.0.0/openapi.yaml	4	4
literal-enum-description-omitted	apis.guru	APIs/apideck.com/lead/10.0.0/openapi.yaml	2	2
literal-enum-description-omitted	apis.guru	APIs/apideck.com/pos/10.0.0/openapi.yaml	1	1
literal-enum-description-omitted	apis.guru	APIs/apideck.com/sms/10.0.0/openapi.yaml	1	1
literal-enum-description-omitted	apis.guru	APIs/apideck.com/vault/10.0.0/openapi.yaml	6	6
literal-enum-description-omitted	apis.guru	APIs/apideck.com/webhook/10.0.0/openapi.yaml	2	2
literal-enum-description-omitted	apis.guru	APIs/appcenter.ms/v0.1/openapi.yaml	4	4
literal-enum-description-omitted	apis.guru	APIs/bbc.com/1.0.0/openapi.yaml	1	1
literal-enum-description-omitted	apis.guru	APIs/beezup.com/2.0/openapi.yaml	46	46
literal-enum-description-omitted	apis.guru	APIs/bkk.hu/1.0.1/openapi.yaml	3	3
literal-enum-description-omitted	apis.guru	APIs/codat.io/accounting/2.1.0/openapi.yaml	1	1
literal-enum-description-omitted	apis.guru	APIs/codat.io/bank-feeds/2.1.0/openapi.yaml	1	1
literal-enum-description-omitted	apis.guru	APIs/codat.io/banking/2.1.0/openapi.yaml	1	1
literal-enum-description-omitted	apis.guru	APIs/codat.io/sync-for-expenses/prealpha/openapi.yaml	2	2
literal-enum-description-omitted	apis.guru	APIs/combell.com/v2/openapi.yaml	12	12
literal-enum-description-omitted	apis.guru	APIs/docker.com/engine/1.33/openapi.yaml	3	3
literal-enum-description-omitted	apis.guru	APIs/doqs.dev/1.0/openapi.yaml	6	6
literal-enum-description-omitted	apis.guru	APIs/etsi.local/MEC010-2_AppPkgMgmt/2.1.1/openapi.yaml	11	11
literal-enum-description-omitted	apis.guru	APIs/flat.io/2.13.0/openapi.yaml	18	18
literal-enum-description-omitted	apis.guru	APIs/gettyimages.com/3/openapi.yaml	1	1
literal-enum-description-omitted	apis.guru	APIs/github.com/api.github.com.2022-11-28/1.1.4/openapi.yaml	15	15
literal-enum-description-omitted	apis.guru	APIs/github.com/api.github.com/1.1.4/openapi.yaml	15	15
literal-enum-description-omitted	apis.guru	APIs/github.com/ghec.2022-11-28/1.1.4/openapi.yaml	16	16
literal-enum-description-omitted	apis.guru	APIs/github.com/ghec/1.1.4/openapi.yaml	16	16
literal-enum-description-omitted	apis.guru	APIs/github.com/ghes-2.18/1.1.4/openapi.yaml	1	1
literal-enum-description-omitted	apis.guru	APIs/github.com/ghes-2.19/1.1.4/openapi.yaml	1	1
literal-enum-description-omitted	apis.guru	APIs/github.com/ghes-2.20/1.1.4/openapi.yaml	1	1
literal-enum-description-omitted	apis.guru	APIs/github.com/ghes-2.21/1.1.4/openapi.yaml	1	1
literal-enum-description-omitted	apis.guru	APIs/github.com/ghes-2.22/1.1.4/openapi.yaml	5	5
literal-enum-description-omitted	apis.guru	APIs/github.com/ghes-3.0/1.1.4/openapi.yaml	8	8
literal-enum-description-omitted	apis.guru	APIs/github.com/ghes-3.1/1.1.4/openapi.yaml	10	10
literal-enum-description-omitted	apis.guru	APIs/github.com/ghes-3.2/1.1.4/openapi.yaml	11	11
literal-enum-description-omitted	apis.guru	APIs/github.com/ghes-3.3/1.1.4/openapi.yaml	11	11
literal-enum-description-omitted	apis.guru	APIs/github.com/ghes-3.4/1.1.4/openapi.yaml	11	11
literal-enum-description-omitted	apis.guru	APIs/github.com/ghes-3.5/1.1.4/openapi.yaml	12	12
literal-enum-description-omitted	apis.guru	APIs/github.com/ghes-3.6/1.1.4/openapi.yaml	12	12
literal-enum-description-omitted	apis.guru	APIs/github.com/ghes-3.7/1.1.4/openapi.yaml	13	13
literal-enum-description-omitted	apis.guru	APIs/github.com/ghes-3.8/1.1.4/openapi.yaml	14	14
literal-enum-description-omitted	apis.guru	APIs/github.com/github.ae/1.1.4/openapi.yaml	11	11
literal-enum-description-omitted	apis.guru	APIs/here.com/tracking/2.1.192/openapi.yaml	16	16
literal-enum-description-omitted	apis.guru	APIs/ideal-postcodes.co.uk/3.7.0/openapi.yaml	19	19
literal-enum-description-omitted	apis.guru	APIs/influxdata.com/2.0.0/openapi.yaml	3	3
literal-enum-description-omitted	apis.guru	APIs/intellifi.nl/2.23.4+0.gb463b49.dirty/openapi.yaml	7	7
literal-enum-description-omitted	apis.guru	APIs/interactivebrokers.com/1.0.0/openapi.yaml	1	1
literal-enum-description-omitted	apis.guru	APIs/jellyfin.local/v1/openapi.yaml	34	34
literal-enum-description-omitted	apis.guru	APIs/just-eat.co.uk/1.0.0/openapi.yaml	29	29
literal-enum-description-omitted	apis.guru	APIs/linqr.app/2.0/openapi.yaml	10	10
literal-enum-description-omitted	apis.guru	APIs/listennotes.com/2.0/openapi.yaml	2	2
literal-enum-description-omitted	apis.guru	APIs/meteosource.com/v1/openapi.yaml	2	2
literal-enum-description-omitted	apis.guru	APIs/microcks.local/1.7.0/openapi.yaml	3	3
literal-enum-description-omitted	apis.guru	APIs/microsoft.com/cognitiveservices-Ocr/2.0/openapi.yaml	1	1
literal-enum-description-omitted	apis.guru	APIs/microsoft.com/cognitiveservices-Ocr/2.1/openapi.yaml	1	1
literal-enum-description-omitted	apis.guru	APIs/microsoft.com/graph-beta/1.0.1/openapi.yaml	476	476
literal-enum-description-omitted	apis.guru	APIs/microsoft.com/graph/1.0.1/openapi.yaml	128	128
literal-enum-description-omitted	apis.guru	APIs/motaword.com/1.0/openapi.yaml	2	2
literal-enum-description-omitted	apis.guru	APIs/mux.com/v1/openapi.yaml	7	7
literal-enum-description-omitted	apis.guru	APIs/nbg.gr/v3.1.5/openapi.yaml	4	4
literal-enum-description-omitted	apis.guru	APIs/ndhm.gov.in/ndhm-cm/0.5/openapi.yaml	2	2
literal-enum-description-omitted	apis.guru	APIs/ndhm.gov.in/ndhm-gateway/0.5/openapi.yaml	2	2
literal-enum-description-omitted	apis.guru	APIs/ndhm.gov.in/ndhm-hip/0.5/openapi.yaml	2	2
literal-enum-description-omitted	apis.guru	APIs/ndhm.gov.in/ndhm-hiu/0.5/openapi.yaml	2	2
literal-enum-description-omitted	apis.guru	APIs/nexmo.com/audit/1.0.4/openapi.yaml	1	1
literal-enum-description-omitted	apis.guru	APIs/nexmo.com/conversation/2.0.1/openapi.yaml	6	6
literal-enum-description-omitted	apis.guru	APIs/nexmo.com/reports/2.2.2/openapi.yaml	16	16
literal-enum-description-omitted	apis.guru	APIs/nexmo.com/voice/1.3.10/openapi.yaml	4	4
literal-enum-description-omitted	apis.guru	APIs/nordigen.com/2.0 (v2)/openapi.yaml	8	8
literal-enum-description-omitted	apis.guru	APIs/openaq.local/2.0.0/openapi.yaml	12	12
literal-enum-description-omitted	apis.guru	APIs/openbanking.org.uk/account-info-openapi/3.1.7/openapi.yaml	30	30
literal-enum-description-omitted	apis.guru	APIs/openbanking.org.uk/payment-initiation-openapi/3.1.7/openapi.yaml	2	2
literal-enum-description-omitted	apis.guru	APIs/openbankingproject.ch/1.3.8_2020-12-14 - Swiss edition 1.3.8.1-CH/openapi.yaml	43	43
literal-enum-description-omitted	apis.guru	APIs/openindex.ai/1.0.0/openapi.yaml	1	1
literal-enum-description-omitted	apis.guru	APIs/openstates.org/2021.11.12/openapi.yaml	9	9
literal-enum-description-omitted	apis.guru	APIs/pandascore.co/2.23.1/openapi.yaml	3	3
literal-enum-description-omitted	apis.guru	APIs/pinecone.io/20230406.1/openapi.yaml	3	3
literal-enum-description-omitted	apis.guru	APIs/plaid.com/2020-09-14_1.345.1/openapi.yaml	163	163
literal-enum-description-omitted	apis.guru	APIs/probely.com/1.2.0/openapi.yaml	19	19
literal-enum-description-omitted	apis.guru	APIs/rebilly.com/2.1/openapi.yaml	8	8
literal-enum-description-omitted	apis.guru	APIs/rubrikinc.github.io/v1/openapi.yaml	124	124
literal-enum-description-omitted	apis.guru	APIs/rudder.example.local/17/openapi.yaml	1	1
literal-enum-description-omitted	apis.guru	APIs/seldon.local/engine/0.1/openapi.yaml	1	1
literal-enum-description-omitted	apis.guru	APIs/seldon.local/wrapper/0.1/openapi.yaml	1	1
literal-enum-description-omitted	apis.guru	APIs/shipengine.com/1.1.202304191404/openapi.yaml	47	47
literal-enum-description-omitted	apis.guru	APIs/shutterstock.com/1.1.32/openapi.yaml	1	1
literal-enum-description-omitted	apis.guru	APIs/spotify.com/1.0.0/openapi.yaml	1	1
literal-enum-description-omitted	apis.guru	APIs/spotify.com/sonallux/2023.2.27/openapi.yaml	1	1
literal-enum-description-omitted	apis.guru	APIs/squareup.com/2.0/openapi.yaml	107	107
literal-enum-description-omitted	apis.guru	APIs/storecove.com/2.0.1/openapi.yaml	2	2
literal-enum-description-omitted	apis.guru	APIs/svix.com/1.4/openapi.yaml	5	5
literal-enum-description-omitted	apis.guru	APIs/telnyx.com/2.0.0/openapi.yaml	20	20
literal-enum-description-omitted	apis.guru	APIs/twitter.com/current/2.62/openapi.yaml	3	3
literal-enum-description-omitted	apis.guru	APIs/vectara.io/1.0.0/openapi.yaml	1	1
literal-enum-description-omitted	apis.guru	APIs/velopayments.com/2.35.57/openapi.yaml	4	4
literal-enum-description-omitted	apis.guru	APIs/vercel.com/0.0.1/openapi.yaml	1	1
literal-enum-description-omitted	apis.guru	APIs/viator.com/1.0.0/openapi.yaml	4	4
literal-enum-description-omitted	apis.guru	APIs/visma.com/1.0/openapi.yaml	1	1
literal-enum-description-omitted	apis.guru	APIs/visma.net/1.0.14.784/openapi.yaml	2	2
literal-enum-description-omitted	apis.guru	APIs/whatsapp.local/1.0/openapi.yaml	1	1
literal-enum-description-omitted	apis.guru	APIs/windows.net/graphrbac/1.6/openapi.yaml	1	1
literal-enum-description-omitted	apis.guru	APIs/xero.com/xero-payroll-au/2.9.4/openapi.yaml	4	4
literal-enum-description-omitted	apis.guru	APIs/xero.com/xero_accounting/2.9.4/openapi.yaml	7	7
literal-enum-description-omitted	apis.guru	APIs/xero.com/xero_assets/2.9.4/openapi.yaml	2	2
literal-enum-description-omitted	apis.guru	APIs/xero.com/xero_bankfeeds/2.9.4/openapi.yaml	3	3
literal-enum-description-omitted	apis.guru	APIs/xero.com/xero_files/2.9.4/openapi.yaml	2	2
literal-enum-description-omitted	apis.guru	APIs/youneedabudget.com/1.0.0/openapi.yaml	1	1
literal-enum-description-omitted	registered	tests/fixtures/corpus-sources/airbyte.local-config/openapi.json	7	7
literal-enum-description-omitted	registered	tests/fixtures/corpus-sources/apache.org-airflow/openapi.json	5	5
literal-enum-description-omitted	registered	tests/fixtures/corpus-sources/apache.org/openapi.json	5	5
literal-enum-description-omitted	registered	tests/fixtures/corpus-sources/apicurio.local-registry/openapi.json	1	1
literal-enum-description-omitted	registered	tests/fixtures/corpus-sources/apideck.com-accounting/openapi.json	2	2
literal-enum-description-omitted	registered	tests/fixtures/corpus-sources/apideck.com-ats/openapi.json	2	2
literal-enum-description-omitted	registered	tests/fixtures/corpus-sources/apideck.com-connector/openapi.json	4	4
literal-enum-description-omitted	registered	tests/fixtures/corpus-sources/apideck.com-crm/openapi.json	2	2
literal-enum-description-omitted	registered	tests/fixtures/corpus-sources/apideck.com-customer-support/openapi.json	1	1
literal-enum-description-omitted	registered	tests/fixtures/corpus-sources/apideck.com-ecommerce/openapi.json	4	4
literal-enum-description-omitted	registered	tests/fixtures/corpus-sources/apideck.com-file-storage/openapi.json	2	2
literal-enum-description-omitted	registered	tests/fixtures/corpus-sources/apideck.com-hris/openapi.json	5	5
literal-enum-description-omitted	registered	tests/fixtures/corpus-sources/apideck.com-issue-tracking/openapi.json	4	4
literal-enum-description-omitted	registered	tests/fixtures/corpus-sources/apideck.com-lead/openapi.json	2	2
literal-enum-description-omitted	registered	tests/fixtures/corpus-sources/apideck.com-pos/openapi.json	1	1
literal-enum-description-omitted	registered	tests/fixtures/corpus-sources/apideck.com-sms/openapi.json	1	1
literal-enum-description-omitted	registered	tests/fixtures/corpus-sources/apideck.com-vault/openapi.json	5	5
literal-enum-description-omitted	registered	tests/fixtures/corpus-sources/apideck.com-webhook/openapi.json	2	2
literal-enum-description-omitted	registered	tests/fixtures/corpus-sources/appng-rest-api/openapi.yaml	2	2
literal-enum-description-omitted	registered	tests/fixtures/corpus-sources/audiobookshelf/openapi.json	3	3
literal-enum-description-omitted	registered	tests/fixtures/corpus-sources/aws-importexport/openapi.yaml	1	1
literal-enum-description-omitted	registered	tests/fixtures/corpus-sources/braintrust-dev/openapi.json	14	14
literal-enum-description-omitted	registered	tests/fixtures/corpus-sources/confluent-kafka-connect/openapi.yaml	1	1
literal-enum-description-omitted	registered	tests/fixtures/corpus-sources/cyclonedx-transparency-exchange/openapi.yaml	8	8
literal-enum-description-omitted	registered	tests/fixtures/corpus-sources/ego-microservices/openapi.yaml	4	4
literal-enum-description-omitted	registered	tests/fixtures/corpus-sources/etsi.local-mec010-2_apppkgmgmt/openapi.json	11	11
literal-enum-description-omitted	registered	tests/fixtures/corpus-sources/github.com/openapi.json	15	15
literal-enum-description-omitted	registered	tests/fixtures/corpus-sources/groupe-psa/openapi.json	6	6
literal-enum-description-omitted	registered	tests/fixtures/corpus-sources/hse/openapi.json	1	1
literal-enum-description-omitted	registered	tests/fixtures/corpus-sources/huatuo-node/openapi.json	1	1
literal-enum-description-omitted	registered	tests/fixtures/corpus-sources/huatuo-server/openapi.json	1	1
literal-enum-description-omitted	registered	tests/fixtures/corpus-sources/k8s-container-service-provider/openapi.yaml	1	1
literal-enum-description-omitted	registered	tests/fixtures/corpus-sources/langchain-agent-protocol/openapi.json	2	2
literal-enum-description-omitted	registered	tests/fixtures/corpus-sources/letta/openapi.json	9	9
literal-enum-description-omitted	registered	tests/fixtures/corpus-sources/listennotes/openapi.yaml	2	2
literal-enum-description-omitted	registered	tests/fixtures/corpus-sources/microcks.local/openapi.json	3	3
literal-enum-description-omitted	registered	tests/fixtures/corpus-sources/mockserver/openapi.yaml	4	4
literal-enum-description-omitted	registered	tests/fixtures/corpus-sources/ndw-accessibility-map/openapi.yaml	7	7
literal-enum-description-omitted	registered	tests/fixtures/corpus-sources/onevoice/openapi.yaml	2	2
literal-enum-description-omitted	registered	tests/fixtures/corpus-sources/openbanking-brasil-directory/openapi.yaml	4	4
literal-enum-description-omitted	registered	tests/fixtures/corpus-sources/openbanking.org.uk-account-info-openapi/openapi.json	30	30
literal-enum-description-omitted	registered	tests/fixtures/corpus-sources/opencodeui/openapi.json	2	2
literal-enum-description-omitted	registered	tests/fixtures/corpus-sources/openepcis-dpp-ready/openapi.yaml	3	3
literal-enum-description-omitted	registered	tests/fixtures/corpus-sources/osparc-simcore-webserver/openapi.json	3	3
literal-enum-description-omitted	registered	tests/fixtures/corpus-sources/paypal-catalog-products/openapi.json	2	2
literal-enum-description-omitted	registered	tests/fixtures/corpus-sources/qontract-api/openapi.json	6	6
literal-enum-description-omitted	registered	tests/fixtures/corpus-sources/redocly.com-museum/openapi.yaml	1	1
literal-enum-description-omitted	registered	tests/fixtures/corpus-sources/sac-backend/openapi.yaml	5	5
literal-enum-description-omitted	registered	tests/fixtures/corpus-sources/sftpgo/openapi.yaml	9	9
literal-enum-description-omitted	registered	tests/fixtures/corpus-sources/sim-logs/openapi.json	1	1
literal-enum-description-omitted	registered	tests/fixtures/corpus-sources/sim-tables/openapi.json	1	1
literal-enum-description-omitted	registered	tests/fixtures/corpus-sources/squareup.com/openapi.json	107	107
literal-enum-description-omitted	registered	tests/fixtures/corpus-sources/svix-webhooks/openapi.json	1	1
literal-enum-description-omitted	registered	tests/fixtures/corpus-sources/tally/openapi.json	6	6
literal-enum-description-omitted	registered	tests/fixtures/corpus-sources/tamoss/openapi.yaml	1	1
literal-enum-description-omitted	registered	tests/fixtures/corpus-sources/tlon-notes/openapi.json	2	2
literal-enum-description-omitted	registered	tests/fixtures/corpus-sources/truefoundry-trueforge-5adde28/openapi.json	10	10
literal-enum-description-omitted	registered	tests/fixtures/corpus-sources/truefoundry-trueforge/openapi.json	7	7
literal-enum-description-omitted	registered	tests/fixtures/corpus-sources/waylay-queries/openapi.yaml	8	8
literal-enum-description-omitted	registered	tests/fixtures/corpus-sources/withsecure-gdpr-subject-rights/openapi.yaml	2	2
literal-enum-description-omitted	registered	tests/fixtures/corpus-sources/xero.com-xero-payroll-au/openapi.json	4	4
literal-enum-description-omitted	registered	tests/fixtures/corpus-sources/zulip-jentic-entry/openapi.json	2	2
literal-enum-description-omitted	registered	tests/fixtures/corpus-sources/zulip-jentic/openapi.json	2	2
literal-enum-description-omitted	registered	tests/fixtures/corpus-sources/zulip/openapi.yaml	2	2
literal-enum-value-quote-escaping	apis.guru	APIs/apacta.com/0.0.42/openapi.yaml	0	1
literal-enum-value-quote-escaping	apis.guru	APIs/apptigent.com/2021.1.01/openapi.yaml	0	3
literal-enum-value-quote-escaping	apis.guru	APIs/daniweb.com/4/openapi.yaml	0	2
literal-enum-value-quote-escaping	apis.guru	APIs/drchrono.com/v4 (Hunt Valley)/openapi.yaml	0	2
literal-enum-value-quote-escaping	apis.guru	APIs/enode.io/1.3.10/openapi.yaml	0	1
literal-enum-value-quote-escaping	apis.guru	APIs/exoapi.dev/1.0.0/openapi.yaml	0	4
literal-enum-value-quote-escaping	apis.guru	APIs/github.com/api.github.com.2022-11-28/1.1.4/openapi.yaml	0	4
literal-enum-value-quote-escaping	apis.guru	APIs/github.com/api.github.com/1.1.4/openapi.yaml	0	4
literal-enum-value-quote-escaping	apis.guru	APIs/github.com/ghec.2022-11-28/1.1.4/openapi.yaml	0	4
literal-enum-value-quote-escaping	apis.guru	APIs/github.com/ghec/1.1.4/openapi.yaml	0	4
literal-enum-value-quote-escaping	apis.guru	APIs/github.com/ghes-2.22/1.1.4/openapi.yaml	0	1
literal-enum-value-quote-escaping	apis.guru	APIs/github.com/ghes-3.0/1.1.4/openapi.yaml	0	1
literal-enum-value-quote-escaping	apis.guru	APIs/github.com/ghes-3.1/1.1.4/openapi.yaml	0	1
literal-enum-value-quote-escaping	apis.guru	APIs/github.com/ghes-3.2/1.1.4/openapi.yaml	0	1
literal-enum-value-quote-escaping	apis.guru	APIs/github.com/ghes-3.3/1.1.4/openapi.yaml	0	1
literal-enum-value-quote-escaping	apis.guru	APIs/github.com/ghes-3.4/1.1.4/openapi.yaml	0	1
literal-enum-value-quote-escaping	apis.guru	APIs/github.com/ghes-3.5/1.1.4/openapi.yaml	0	1
literal-enum-value-quote-escaping	apis.guru	APIs/github.com/ghes-3.6/1.1.4/openapi.yaml	0	1
literal-enum-value-quote-escaping	apis.guru	APIs/github.com/ghes-3.7/1.1.4/openapi.yaml	0	4
literal-enum-value-quote-escaping	apis.guru	APIs/github.com/ghes-3.8/1.1.4/openapi.yaml	0	4
literal-enum-value-quote-escaping	apis.guru	APIs/github.com/github.ae/1.1.4/openapi.yaml	0	4
literal-enum-value-quote-escaping	apis.guru	APIs/github.com/v0.1/openapi.yaml	0	3
literal-enum-value-quote-escaping	apis.guru	APIs/pdfgeneratorapi.com/3.1.1/openapi.yaml	0	1
literal-enum-value-quote-escaping	apis.guru	APIs/phantauth.net/1.0.0/openapi.yaml	0	2
literal-enum-value-quote-escaping	apis.guru	APIs/telnyx.com/2.0.0/openapi.yaml	0	3
literal-enum-value-quote-escaping	apis.guru	APIs/vercel.com/0.0.1/openapi.yaml	0	1
literal-enum-value-quote-escaping	apis.guru	APIs/vtex.local/Headless-CMS-API/0.31.2/openapi.yaml	0	3
literal-enum-value-quote-escaping	registered	tests/fixtures/corpus-sources/daniweb-connect/openapi.yaml	0	2
literal-enum-value-quote-escaping	registered	tests/fixtures/corpus-sources/github.com/openapi.json	0	4
literal-enum-value-quote-escaping	registered	tests/fixtures/corpus-sources/paypal-catalog-products/openapi.json	0	1
literal-enum-value-quote-escaping	registered	tests/fixtures/corpus-sources/peopledatalabs/openapi.json	0	5
literal-prefixed-integer-path-segment	apis.guru	APIs/adobe.com/aem/3.7.1-pre.0/openapi.yaml	0	3
literal-prefixed-integer-path-segment	apis.guru	APIs/box.com/2.0.0/openapi.yaml	0	1
literal-prefixed-integer-path-segment	apis.guru	APIs/clever-cloud.com/1.0.0/openapi.yaml	0	1
literal-prefixed-integer-path-segment	apis.guru	APIs/clicksend.com/1.0.0/openapi.yaml	0	14
literal-prefixed-integer-path-segment	apis.guru	APIs/cpy.re/peertube/5.1.0/openapi.yaml	0	3
literal-prefixed-integer-path-segment	apis.guru	APIs/digitalnz.org/3/openapi.yaml	0	2
literal-prefixed-integer-path-segment	apis.guru	APIs/gov.bc.ca/geocoder/2.0.0/openapi.yaml	0	12
literal-prefixed-integer-path-segment	apis.guru	APIs/gov.bc.ca/geomark/4.1.2/openapi.yaml	0	4
literal-prefixed-integer-path-segment	apis.guru	APIs/gov.bc.ca/router/2.0.0/openapi.yaml	0	24
literal-prefixed-integer-path-segment	apis.guru	APIs/healthcare.gov/1.0.0/openapi.yaml	0	6
literal-prefixed-integer-path-segment	apis.guru	APIs/hhs.gov/2/openapi.yaml	0	12
literal-prefixed-integer-path-segment	apis.guru	APIs/highwaysengland.co.uk/v1/openapi.yaml	0	10
literal-prefixed-integer-path-segment	apis.guru	APIs/icons8.com/1.0.0/openapi.yaml	0	1
literal-prefixed-integer-path-segment	apis.guru	APIs/ideal-postcodes.co.uk/3.7.0/openapi.yaml	0	1
literal-prefixed-integer-path-segment	apis.guru	APIs/jellyfin.local/v1/openapi.yaml	0	5
literal-prefixed-integer-path-segment	apis.guru	APIs/medium.com/1.0/openapi.yaml	0	5
literal-prefixed-integer-path-segment	apis.guru	APIs/mist.com/0.37.7/openapi.yaml	2	2
literal-prefixed-integer-path-segment	apis.guru	APIs/nasa.gov/asteroids neows/3.4.0/openapi.yaml	0	1
literal-prefixed-integer-path-segment	apis.guru	APIs/nrel.gov/transportation-incentives-laws/0.1.0/openapi.yaml	0	3
literal-prefixed-integer-path-segment	apis.guru	APIs/nytimes.com/books_api/3.0.0/openapi.yaml	0	4
literal-prefixed-integer-path-segment	apis.guru	APIs/oxforddictionaries.com/1.11.0/openapi.yaml	0	3
literal-prefixed-integer-path-segment	apis.guru	APIs/parliament.uk/search/Live/openapi.yaml	0	1
literal-prefixed-integer-path-segment	apis.guru	APIs/rebilly.com/2.1/openapi.yaml	0	1
literal-prefixed-integer-path-segment	apis.guru	APIs/tomtom.com/maps/1.0.0/openapi.yaml	0	2
literal-prefixed-integer-path-segment	apis.guru	APIs/tomtom.com/search/1.0.0/openapi.yaml	0	5
literal-prefixed-integer-path-segment	registered	tests/fixtures/corpus-sources/box.com/openapi.json	0	1
multipart-inline-object-part-json-encoded	apis.guru	APIs/box.com/2.0.0/openapi.yaml	2	2
multipart-inline-object-part-json-encoded	apis.guru	APIs/gerermesaffaires.com/1.0.6/openapi.yaml	4	4
multipart-inline-object-part-json-encoded	apis.guru	APIs/mist.com/0.37.7/openapi.yaml	4	4
multipart-inline-object-part-json-encoded	apis.guru	APIs/stripe.com/2022-11-15/openapi.yaml	0	1
multipart-inline-object-part-json-encoded	apis.guru	APIs/zoom.us/2.0.0/openapi.yaml	0	20
multipart-inline-object-part-json-encoded	registered	tests/fixtures/corpus-sources/box.com/openapi.json	2	2
multipart-part-encoding-charset-tuple	apis.guru	APIs/cpy.re/peertube/5.1.0/openapi.yaml	0	8
multipart-part-encoding-charset-tuple	apis.guru	APIs/pdfbroker.io/v1/openapi.yaml	0	5
multipart-part-encoding-charset-tuple	apis.guru	APIs/telnyx.com/2.0.0/openapi.yaml	0	1
multipart-part-encoding-charset-tuple	registered	tests/fixtures/corpus-sources/volview-backend-contract/openapi.json	0	1
multipart-single-value-enum-part-kept-optional	apis.guru	APIs/mermade.org.uk/openapi-converter/1.0.0/openapi.yaml	1	1
multipart-single-value-enum-part-kept-optional	apis.guru	APIs/zoom.us/2.0.0/openapi.yaml	4	4
oneof-duplicate-members-collapsed	apis.guru	APIs/apple.com/app-store-connect/1.4.1/openapi.yaml	0	4
oneof-duplicate-members-collapsed	apis.guru	APIs/dnd5eapi.co/0.1/openapi.yaml	0	1
oneof-duplicate-members-collapsed	apis.guru	APIs/ideal-postcodes.co.uk/3.7.0/openapi.yaml	0	1
oneof-duplicate-members-collapsed	apis.guru	APIs/mailscript.com/0.4.0/openapi.yaml	0	2
oneof-duplicate-members-collapsed	apis.guru	APIs/stream-io-api.com/v80.2.0/openapi.yaml	0	1
oneof-duplicate-members-collapsed	registered	tests/fixtures/corpus-sources/dnd5eapi.co/openapi.json	0	1
open-object-body-example-extra-keys-dropped	apis.guru	APIs/spotify.com/1.0.0/openapi.yaml	0	15
open-object-body-example-extra-keys-dropped	apis.guru	APIs/spotify.com/sonallux/2023.2.27/openapi.yaml	0	15
open-object-body-example-extra-keys-dropped	registered	tests/fixtures/corpus-sources/mockserver/openapi.yaml	2	3
patch-inline-nullable-unrequired-props-omit	apis.guru	APIs/amazonaws.com/apigateway/2015-07-09/openapi.yaml	0	22
patch-inline-nullable-unrequired-props-omit	apis.guru	APIs/amazonaws.com/apigatewayv2/2018-11-29/openapi.yaml	0	11
patch-inline-nullable-unrequired-props-omit	apis.guru	APIs/amazonaws.com/appconfig/2019-10-09/openapi.yaml	0	6
patch-inline-nullable-unrequired-props-omit	apis.guru	APIs/amazonaws.com/appfabric/2023-05-19/openapi.yaml	0	1
patch-inline-nullable-unrequired-props-omit	apis.guru	APIs/amazonaws.com/appintegrations/2020-07-29/openapi.yaml	0	2
patch-inline-nullable-unrequired-props-omit	apis.guru	APIs/amazonaws.com/arc-zonal-shift/2022-10-30/openapi.yaml	0	1
patch-inline-nullable-unrequired-props-omit	apis.guru	APIs/amazonaws.com/cleanrooms/2022-02-17/openapi.yaml	0	5
patch-inline-nullable-unrequired-props-omit	apis.guru	APIs/amazonaws.com/codecatalyst/2022-09-28/openapi.yaml	0	3
patch-inline-nullable-unrequired-props-omit	apis.guru	APIs/amazonaws.com/dataexchange/2017-07-25/openapi.yaml	0	3
patch-inline-nullable-unrequired-props-omit	apis.guru	APIs/amazonaws.com/dlm/2018-01-12/openapi.yaml	0	1
patch-inline-nullable-unrequired-props-omit	apis.guru	APIs/amazonaws.com/evidently/2021-02-01/openapi.yaml	0	5
patch-inline-nullable-unrequired-props-omit	apis.guru	APIs/amazonaws.com/fis/2020-12-01/openapi.yaml	0	1
patch-inline-nullable-unrequired-props-omit	apis.guru	APIs/amazonaws.com/gamesparks/2021-08-17/openapi.yaml	0	3
patch-inline-nullable-unrequired-props-omit	apis.guru	APIs/amazonaws.com/internetmonitor/2021-06-03/openapi.yaml	0	1
patch-inline-nullable-unrequired-props-omit	apis.guru	APIs/amazonaws.com/iot/2015-05-28/openapi.yaml	0	13
patch-inline-nullable-unrequired-props-omit	apis.guru	APIs/amazonaws.com/iotfleethub/2020-11-03/openapi.yaml	0	1
patch-inline-nullable-unrequired-props-omit	apis.guru	APIs/amazonaws.com/iotwireless/2020-11-22/openapi.yaml	0	10
patch-inline-nullable-unrequired-props-omit	apis.guru	APIs/amazonaws.com/location/2020-11-19/openapi.yaml	0	6
patch-inline-nullable-unrequired-props-omit	apis.guru	APIs/amazonaws.com/m2/2021-04-28/openapi.yaml	0	1
patch-inline-nullable-unrequired-props-omit	apis.guru	APIs/amazonaws.com/macie2/2020-01-01/openapi.yaml	0	5
patch-inline-nullable-unrequired-props-omit	apis.guru	APIs/amazonaws.com/managedblockchain/2018-09-24/openapi.yaml	0	2
patch-inline-nullable-unrequired-props-omit	apis.guru	APIs/amazonaws.com/mwaa/2020-07-01/openapi.yaml	0	1
patch-inline-nullable-unrequired-props-omit	apis.guru	APIs/amazonaws.com/networkmanager/2019-07-05/openapi.yaml	0	7
patch-inline-nullable-unrequired-props-omit	apis.guru	APIs/amazonaws.com/nimble/2020-08-01/openapi.yaml	0	4
patch-inline-nullable-unrequired-props-omit	apis.guru	APIs/amazonaws.com/outposts/2019-12-03/openapi.yaml	0	3
patch-inline-nullable-unrequired-props-omit	apis.guru	APIs/amazonaws.com/qldb/2019-01-02/openapi.yaml	0	1
patch-inline-nullable-unrequired-props-omit	apis.guru	APIs/amazonaws.com/rbin/2021-06-15/openapi.yaml	0	1
patch-inline-nullable-unrequired-props-omit	apis.guru	APIs/amazonaws.com/rolesanywhere/2018-05-10/openapi.yaml	0	3
patch-inline-nullable-unrequired-props-omit	apis.guru	APIs/amazonaws.com/rum/2018-05-10/openapi.yaml	0	1
patch-inline-nullable-unrequired-props-omit	apis.guru	APIs/amazonaws.com/securityhub/2018-10-26/openapi.yaml	0	4
patch-inline-nullable-unrequired-props-omit	apis.guru	APIs/amazonaws.com/serverlessrepo/2017-09-08/openapi.yaml	0	1
patch-inline-nullable-unrequired-props-omit	apis.guru	APIs/amazonaws.com/servicecatalog-appregistry/2020-06-24/openapi.yaml	0	2
patch-inline-nullable-unrequired-props-omit	apis.guru	APIs/amazonaws.com/synthetics/2017-10-11/openapi.yaml	0	1
patch-inline-nullable-unrequired-props-omit	apis.guru	APIs/amazonaws.com/vpc-lattice/2022-11-30/openapi.yaml	0	2
patch-inline-nullable-unrequired-props-omit	apis.guru	APIs/amazonaws.com/wellarchitected/2020-03-31/openapi.yaml	0	5
patch-inline-nullable-unrequired-props-omit	apis.guru	APIs/amazonaws.com/workdocs/2016-05-01/openapi.yaml	0	4
patch-inline-nullable-unrequired-props-omit	apis.guru	APIs/amazonaws.com/workspaces-web/2020-07-08/openapi.yaml	0	7
patch-inline-nullable-unrequired-props-omit	apis.guru	APIs/appcenter.ms/v0.1/openapi.yaml	0	9
patch-inline-nullable-unrequired-props-omit	apis.guru	APIs/digitalocean.com/2.0/openapi.yaml	0	1
patch-inline-nullable-unrequired-props-omit	apis.guru	APIs/edrv.io/v1/openapi.yaml	0	7
patch-inline-nullable-unrequired-props-omit	apis.guru	APIs/exavault.com/2.0/openapi.yaml	0	8
patch-inline-nullable-unrequired-props-omit	apis.guru	APIs/gerermesaffaires.com/1.0.6/openapi.yaml	0	14
patch-inline-nullable-unrequired-props-omit	apis.guru	APIs/github.com/api.github.com.2022-11-28/1.1.4/openapi.yaml	0	32
patch-inline-nullable-unrequired-props-omit	apis.guru	APIs/github.com/api.github.com/1.1.4/openapi.yaml	0	32
patch-inline-nullable-unrequired-props-omit	apis.guru	APIs/github.com/ghec.2022-11-28/1.1.4/openapi.yaml	0	36
patch-inline-nullable-unrequired-props-omit	apis.guru	APIs/github.com/ghec/1.1.4/openapi.yaml	0	36
patch-inline-nullable-unrequired-props-omit	apis.guru	APIs/github.com/ghes-2.18/1.1.4/openapi.yaml	0	28
patch-inline-nullable-unrequired-props-omit	apis.guru	APIs/github.com/ghes-2.19/1.1.4/openapi.yaml	0	29
patch-inline-nullable-unrequired-props-omit	apis.guru	APIs/github.com/ghes-2.20/1.1.4/openapi.yaml	0	29
patch-inline-nullable-unrequired-props-omit	apis.guru	APIs/github.com/ghes-2.21/1.1.4/openapi.yaml	0	30
patch-inline-nullable-unrequired-props-omit	apis.guru	APIs/github.com/ghes-2.22/1.1.4/openapi.yaml	0	29
patch-inline-nullable-unrequired-props-omit	apis.guru	APIs/github.com/ghes-3.0/1.1.4/openapi.yaml	0	32
patch-inline-nullable-unrequired-props-omit	apis.guru	APIs/github.com/ghes-3.1/1.1.4/openapi.yaml	0	32
patch-inline-nullable-unrequired-props-omit	apis.guru	APIs/github.com/ghes-3.2/1.1.4/openapi.yaml	0	32
patch-inline-nullable-unrequired-props-omit	apis.guru	APIs/github.com/ghes-3.3/1.1.4/openapi.yaml	0	32
patch-inline-nullable-unrequired-props-omit	apis.guru	APIs/github.com/ghes-3.4/1.1.4/openapi.yaml	0	32
patch-inline-nullable-unrequired-props-omit	apis.guru	APIs/github.com/ghes-3.5/1.1.4/openapi.yaml	0	32
patch-inline-nullable-unrequired-props-omit	apis.guru	APIs/github.com/ghes-3.6/1.1.4/openapi.yaml	0	32
patch-inline-nullable-unrequired-props-omit	apis.guru	APIs/github.com/ghes-3.7/1.1.4/openapi.yaml	0	32
patch-inline-nullable-unrequired-props-omit	apis.guru	APIs/github.com/ghes-3.8/1.1.4/openapi.yaml	0	37
patch-inline-nullable-unrequired-props-omit	apis.guru	APIs/github.com/github.ae/1.1.4/openapi.yaml	0	28
patch-inline-nullable-unrequired-props-omit	apis.guru	APIs/here.com/tracking/2.1.192/openapi.yaml	0	4
patch-inline-nullable-unrequired-props-omit	apis.guru	APIs/influxdata.com/2.0.0/openapi.yaml	0	2
patch-inline-nullable-unrequired-props-omit	apis.guru	APIs/iqualify.com/v1/openapi.yaml	0	1
patch-inline-nullable-unrequired-props-omit	apis.guru	APIs/loket.nl/V2/openapi.yaml	3	15
patch-inline-nullable-unrequired-props-omit	apis.guru	APIs/mailchimp.com/3.0.55/openapi.yaml	0	19
patch-inline-nullable-unrequired-props-omit	apis.guru	APIs/meilisearch.com/1.0.0/openapi.yaml	0	6
patch-inline-nullable-unrequired-props-omit	apis.guru	APIs/nexmo.com/external-accounts/0.1.5/openapi.yaml	0	1
patch-inline-nullable-unrequired-props-omit	apis.guru	APIs/notion.com/1.0.0/openapi.yaml	0	4
patch-inline-nullable-unrequired-props-omit	apis.guru	APIs/nowpayments.io/1.0.0/openapi.yaml	0	1
patch-inline-nullable-unrequired-props-omit	apis.guru	APIs/rebilly.com/2.1/openapi.yaml	0	1
patch-inline-nullable-unrequired-props-omit	apis.guru	APIs/sendgrid.com/1.0.0/openapi.yaml	0	14
patch-inline-nullable-unrequired-props-omit	apis.guru	APIs/spacetraders.io/2.0.0/openapi.yaml	0	1
patch-inline-nullable-unrequired-props-omit	apis.guru	APIs/telnyx.com/2.0.0/openapi.yaml	0	1
patch-inline-nullable-unrequired-props-omit	apis.guru	APIs/vercel.com/0.0.1/openapi.yaml	1	7
patch-inline-nullable-unrequired-props-omit	apis.guru	APIs/vimeo.com/3.4/openapi.yaml	0	18
patch-inline-nullable-unrequired-props-omit	apis.guru	APIs/vtex.local/Checkout-API/1.0/openapi.yaml	0	1
patch-inline-nullable-unrequired-props-omit	apis.guru	APIs/vtex.local/Profile-System/1.0/openapi.yaml	0	2
patch-inline-nullable-unrequired-props-omit	apis.guru	APIs/zoom.us/2.0.0/openapi.yaml	0	32
patch-inline-nullable-unrequired-props-omit	apis.guru	APIs/zuora.com/2021-08-20/openapi.yaml	0	1
patch-inline-nullable-unrequired-props-omit	registered	tests/fixtures/corpus-sources/audiobookshelf/openapi.json	0	6
patch-inline-nullable-unrequired-props-omit	registered	tests/fixtures/corpus-sources/discord-com/openapi.json	3	15
patch-inline-nullable-unrequired-props-omit	registered	tests/fixtures/corpus-sources/fergus/openapi.json	0	2
patch-inline-nullable-unrequired-props-omit	registered	tests/fixtures/corpus-sources/github.com/openapi.json	0	32
patch-inline-nullable-unrequired-props-omit	registered	tests/fixtures/corpus-sources/letta/openapi.json	0	3
patch-inline-nullable-unrequired-props-omit	registered	tests/fixtures/corpus-sources/opencodeui/openapi.json	0	2
patch-inline-nullable-unrequired-props-omit	registered	tests/fixtures/corpus-sources/sftpgo/openapi.yaml	0	1
patch-inline-nullable-unrequired-props-omit	registered	tests/fixtures/corpus-sources/tally/openapi.json	0	3
patch-inline-nullable-unrequired-props-omit	registered	tests/fixtures/corpus-sources/vellum-gateway/openapi.json	0	1
patch-inline-nullable-unrequired-props-omit	registered	tests/fixtures/corpus-sources/webflow-v2/openapi.yml	0	15
required-and-nullable-property-defaults-none	apis.guru	APIs/alertersystem.com/1.7.0/openapi.yaml	1824	1824
required-and-nullable-property-defaults-none	apis.guru	APIs/apideck.com/accounting/10.0.0/openapi.yaml	8	8
required-and-nullable-property-defaults-none	apis.guru	APIs/apideck.com/ats/10.0.0/openapi.yaml	4	4
required-and-nullable-property-defaults-none	apis.guru	APIs/apideck.com/crm/10.0.0/openapi.yaml	6	6
required-and-nullable-property-defaults-none	apis.guru	APIs/apideck.com/customer-support/9.5.0/openapi.yaml	2	2
required-and-nullable-property-defaults-none	apis.guru	APIs/apideck.com/ecommerce/10.0.0/openapi.yaml	8	8
required-and-nullable-property-defaults-none	apis.guru	APIs/apideck.com/file-storage/10.0.0/openapi.yaml	2	2
required-and-nullable-property-defaults-none	apis.guru	APIs/apideck.com/hris/10.0.0/openapi.yaml	11	11
required-and-nullable-property-defaults-none	apis.guru	APIs/apideck.com/issue-tracking/10.0.0/openapi.yaml	3	3
required-and-nullable-property-defaults-none	apis.guru	APIs/apideck.com/lead/10.0.0/openapi.yaml	3	3
required-and-nullable-property-defaults-none	apis.guru	APIs/apideck.com/pos/10.0.0/openapi.yaml	2	2
required-and-nullable-property-defaults-none	apis.guru	APIs/apideck.com/sms/10.0.0/openapi.yaml	2	2
required-and-nullable-property-defaults-none	apis.guru	APIs/apideck.com/vault/10.0.0/openapi.yaml	1	1
required-and-nullable-property-defaults-none	apis.guru	APIs/apple.com/sirikit-cloud-media/1.0.2/openapi.yaml	2	2
required-and-nullable-property-defaults-none	apis.guru	APIs/codat.io/commerce/2.1.0/openapi.yaml	1	1
required-and-nullable-property-defaults-none	apis.guru	APIs/dev.to/1.0.0/openapi.yaml	3	3
required-and-nullable-property-defaults-none	apis.guru	APIs/dev.to/chatgpt/v1/openapi.yaml	3	3
required-and-nullable-property-defaults-none	apis.guru	APIs/digitalocean.com/2.0/openapi.yaml	2	2
required-and-nullable-property-defaults-none	apis.guru	APIs/doqs.dev/1.0/openapi.yaml	1	1
required-and-nullable-property-defaults-none	apis.guru	APIs/e-conomic.com/v20.0.0/openapi.yaml	1	1
required-and-nullable-property-defaults-none	apis.guru	APIs/figshare.com/2.0.0/openapi.yaml	23	23
required-and-nullable-property-defaults-none	apis.guru	APIs/formapi.io/v1/openapi.yaml	84	84
required-and-nullable-property-defaults-none	apis.guru	APIs/github.com/api.github.com.2022-11-28/1.1.4/openapi.yaml	2573	2573
required-and-nullable-property-defaults-none	apis.guru	APIs/github.com/api.github.com/1.1.4/openapi.yaml	2573	2573
required-and-nullable-property-defaults-none	apis.guru	APIs/github.com/ghec.2022-11-28/1.1.4/openapi.yaml	2575	2575
required-and-nullable-property-defaults-none	apis.guru	APIs/github.com/ghec/1.1.4/openapi.yaml	2575	2575
required-and-nullable-property-defaults-none	apis.guru	APIs/github.com/ghes-2.18/1.1.4/openapi.yaml	292	292
required-and-nullable-property-defaults-none	apis.guru	APIs/github.com/ghes-2.19/1.1.4/openapi.yaml	292	292
required-and-nullable-property-defaults-none	apis.guru	APIs/github.com/ghes-2.20/1.1.4/openapi.yaml	298	298
required-and-nullable-property-defaults-none	apis.guru	APIs/github.com/ghes-2.21/1.1.4/openapi.yaml	305	305
required-and-nullable-property-defaults-none	apis.guru	APIs/github.com/ghes-2.22/1.1.4/openapi.yaml	320	320
required-and-nullable-property-defaults-none	apis.guru	APIs/github.com/ghes-3.0/1.1.4/openapi.yaml	323	323
required-and-nullable-property-defaults-none	apis.guru	APIs/github.com/ghes-3.1/1.1.4/openapi.yaml	325	325
required-and-nullable-property-defaults-none	apis.guru	APIs/github.com/ghes-3.2/1.1.4/openapi.yaml	341	341
required-and-nullable-property-defaults-none	apis.guru	APIs/github.com/ghes-3.3/1.1.4/openapi.yaml	347	347
required-and-nullable-property-defaults-none	apis.guru	APIs/github.com/ghes-3.4/1.1.4/openapi.yaml	342	342
required-and-nullable-property-defaults-none	apis.guru	APIs/github.com/ghes-3.5/1.1.4/openapi.yaml	342	342
required-and-nullable-property-defaults-none	apis.guru	APIs/github.com/ghes-3.6/1.1.4/openapi.yaml	345	345
required-and-nullable-property-defaults-none	apis.guru	APIs/github.com/ghes-3.7/1.1.4/openapi.yaml	2434	2434
required-and-nullable-property-defaults-none	apis.guru	APIs/github.com/ghes-3.8/1.1.4/openapi.yaml	2449	2449
required-and-nullable-property-defaults-none	apis.guru	APIs/github.com/github.ae/1.1.4/openapi.yaml	2408	2408
required-and-nullable-property-defaults-none	apis.guru	APIs/groundhog-day.com/1.2.1/openapi.yaml	1	1
required-and-nullable-property-defaults-none	apis.guru	APIs/gsmtasks.com/2.4.13/openapi.yaml	6	6
required-and-nullable-property-defaults-none	apis.guru	APIs/hetzner.cloud/1.0.0/openapi.yaml	440	440
required-and-nullable-property-defaults-none	apis.guru	APIs/ideal-postcodes.co.uk/3.7.0/openapi.yaml	18	18
required-and-nullable-property-defaults-none	apis.guru	APIs/impala.travel/hotels/1.003/openapi.yaml	24	24
required-and-nullable-property-defaults-none	apis.guru	APIs/increase.com/0.0.1/openapi.yaml	968	968
required-and-nullable-property-defaults-none	apis.guru	APIs/just-eat.co.uk/1.0.0/openapi.yaml	1	1
required-and-nullable-property-defaults-none	apis.guru	APIs/linode.com/4.151.1/openapi.yaml	2	2
required-and-nullable-property-defaults-none	apis.guru	APIs/metadapi.com/1.0/openapi.yaml	7	7
required-and-nullable-property-defaults-none	apis.guru	APIs/microsoft.com/cognitiveservices-Training/3.1/openapi.yaml	2	2
required-and-nullable-property-defaults-none	apis.guru	APIs/microsoft.com/cognitiveservices-Training/3.2/openapi.yaml	2	2
required-and-nullable-property-defaults-none	apis.guru	APIs/mist.com/0.37.7/openapi.yaml	4	4
required-and-nullable-property-defaults-none	apis.guru	APIs/netboxdemo.com/2.4/openapi.yaml	4	4
required-and-nullable-property-defaults-none	apis.guru	APIs/netboxdemo.com/2.8/openapi.yaml	9	9
required-and-nullable-property-defaults-none	apis.guru	APIs/nordigen.com/2.0 (v2)/openapi.yaml	7	7
required-and-nullable-property-defaults-none	apis.guru	APIs/openai.com/1.2.0/openapi.yaml	2	2
required-and-nullable-property-defaults-none	apis.guru	APIs/optimade.local/1.1.0~develop/openapi.yaml	14	14
required-and-nullable-property-defaults-none	apis.guru	APIs/paylocity.com/2/openapi.yaml	26	26
required-and-nullable-property-defaults-none	apis.guru	APIs/plaid.com/2020-09-14_1.345.1/openapi.yaml	325	325
required-and-nullable-property-defaults-none	apis.guru	APIs/sendgrid.com/1.0.0/openapi.yaml	10	10
required-and-nullable-property-defaults-none	apis.guru	APIs/shipengine.com/1.1.202304191404/openapi.yaml	12	12
required-and-nullable-property-defaults-none	apis.guru	APIs/slack.com/1.7.0/openapi.yaml	6	6
required-and-nullable-property-defaults-none	apis.guru	APIs/spoonacular.com/1.1/openapi.yaml	3	3
required-and-nullable-property-defaults-none	apis.guru	APIs/spotify.com/1.0.0/openapi.yaml	4	4
required-and-nullable-property-defaults-none	apis.guru	APIs/spotify.com/sonallux/2023.2.27/openapi.yaml	4	4
required-and-nullable-property-defaults-none	apis.guru	APIs/superset.apache.local/superset/v1/openapi.yaml	3	3
required-and-nullable-property-defaults-none	apis.guru	APIs/telnyx.com/2.0.0/openapi.yaml	1	1
required-and-nullable-property-defaults-none	apis.guru	APIs/unicourt.com/1.0.0/openapi.yaml	524	524
required-and-nullable-property-defaults-none	apis.guru	APIs/up.com.au/v1/openapi.yaml	26	26
required-and-nullable-property-defaults-none	apis.guru	APIs/va.gov/facilities/0.0.1/openapi.yaml	2	2
required-and-nullable-property-defaults-none	apis.guru	APIs/vimeo.com/3.4/openapi.yaml	102	102
required-and-nullable-property-defaults-none	apis.guru	APIs/vtex.local/Catalog-API-Seller-Portal/1.0.0/openapi.yaml	5	5
required-and-nullable-property-defaults-none	apis.guru	APIs/vtex.local/Catalog-API/1.0/openapi.yaml	38	38
required-and-nullable-property-defaults-none	apis.guru	APIs/vtex.local/Checkout-API/1.0/openapi.yaml	5	5
required-and-nullable-property-defaults-none	apis.guru	APIs/vtex.local/Customer-Credit-API/1.0/openapi.yaml	6	6
required-and-nullable-property-defaults-none	apis.guru	APIs/vtex.local/GiftCard-Hub-API/1.0/openapi.yaml	6	6
required-and-nullable-property-defaults-none	apis.guru	APIs/vtex.local/Giftcard-API/1.0/openapi.yaml	4	4
required-and-nullable-property-defaults-none	apis.guru	APIs/vtex.local/Logistics-API/1.0/openapi.yaml	122	122
required-and-nullable-property-defaults-none	apis.guru	APIs/vtex.local/Marketplace-APIs-/1.0/openapi.yaml	7	7
required-and-nullable-property-defaults-none	apis.guru	APIs/vtex.local/Marketplace-APIs/1.0/openapi.yaml	9	9
required-and-nullable-property-defaults-none	apis.guru	APIs/vtex.local/Marketplace-Protocol/1.0/openapi.yaml	33	33
required-and-nullable-property-defaults-none	apis.guru	APIs/vtex.local/Master-Data-API-/1.0/openapi.yaml	2	2
required-and-nullable-property-defaults-none	apis.guru	APIs/vtex.local/MasterData-API-/1.0/openapi.yaml	2	2
required-and-nullable-property-defaults-none	apis.guru	APIs/vtex.local/Orders-API-(PII-version)/1.0/openapi.yaml	47	47
required-and-nullable-property-defaults-none	apis.guru	APIs/vtex.local/Orders-API/1.0/openapi.yaml	132	132
required-and-nullable-property-defaults-none	apis.guru	APIs/vtex.local/Payments-Gateway-API/1.0/openapi.yaml	100	100
required-and-nullable-property-defaults-none	apis.guru	APIs/vtex.local/Pricing-API/1.0/openapi.yaml	2	2
required-and-nullable-property-defaults-none	apis.guru	APIs/vtex.local/SKU-Bindings-API/1.0/openapi.yaml	1	1
required-and-nullable-property-defaults-none	apis.guru	APIs/vtex.local/Search-API/1.0/openapi.yaml	88	88
required-and-nullable-property-defaults-none	apis.guru	APIs/vtex.local/Subscriptions-API-(v2)/1.0/openapi.yaml	6	6
required-and-nullable-property-defaults-none	apis.guru	APIs/vtex.local/Subscriptions-API-(v3)/1.0/openapi.yaml	23	23
required-and-nullable-property-defaults-none	apis.guru	APIs/vtex.local/VTEX-Do-API/1.0/openapi.yaml	5	5
required-and-nullable-property-defaults-none	apis.guru	APIs/webflow.com/2023-03-23T154040Z/openapi.yaml	244	244
required-and-nullable-property-defaults-none	apis.guru	APIs/zeit.co/v2019-01-07/openapi.yaml	10	10
required-and-nullable-property-defaults-none	registered	tests/fixtures/corpus-sources/apideck.com-accounting/openapi.json	6	6
required-and-nullable-property-defaults-none	registered	tests/fixtures/corpus-sources/apideck.com-crm/openapi.json	2	2
required-and-nullable-property-defaults-none	registered	tests/fixtures/corpus-sources/apideck.com-customer-support/openapi.json	2	2
required-and-nullable-property-defaults-none	registered	tests/fixtures/corpus-sources/apideck.com-ecommerce/openapi.json	2	2
required-and-nullable-property-defaults-none	registered	tests/fixtures/corpus-sources/apideck.com-lead/openapi.json	1	1
required-and-nullable-property-defaults-none	registered	tests/fixtures/corpus-sources/apideck.com-vault/openapi.json	1	1
required-and-nullable-property-defaults-none	registered	tests/fixtures/corpus-sources/braintrust-dev/openapi.json	3	3
required-and-nullable-property-defaults-none	registered	tests/fixtures/corpus-sources/cradl/openapi.json	176	176
required-and-nullable-property-defaults-none	registered	tests/fixtures/corpus-sources/embedpdf-cloudpdf/openapi.json	219	219
required-and-nullable-property-defaults-none	registered	tests/fixtures/corpus-sources/free5gc-namf-communication/openapi.yaml	1	1
required-and-nullable-property-defaults-none	registered	tests/fixtures/corpus-sources/free5gc-pdu-session/openapi.yaml	1	1
required-and-nullable-property-defaults-none	registered	tests/fixtures/corpus-sources/github.com/openapi.json	2573	2573
required-and-nullable-property-defaults-none	registered	tests/fixtures/corpus-sources/groundhog-day.com/openapi.json	1	1
required-and-nullable-property-defaults-none	registered	tests/fixtures/corpus-sources/letta/openapi.json	62	62
required-and-nullable-property-defaults-none	registered	tests/fixtures/corpus-sources/lootlog-battlelog/openapi.yaml	76	76
required-and-nullable-property-defaults-none	registered	tests/fixtures/corpus-sources/npq-registration/openapi.yaml	1	1
required-and-nullable-property-defaults-none	registered	tests/fixtures/corpus-sources/onevoice/openapi.yaml	16	16
required-and-nullable-property-defaults-none	registered	tests/fixtures/corpus-sources/tally/openapi.json	3	3
required-and-nullable-property-defaults-none	registered	tests/fixtures/corpus-sources/vtex-pricing/openapi.yaml	2	2
required-and-nullable-property-defaults-none	registered	tests/fixtures/corpus-sources/webflow-v2/openapi.yml	14	14
required-and-nullable-property-defaults-none	registered	tests/fixtures/corpus-sources/zoonk/openapi.json	110	110
required-and-nullable-property-defaults-none	registered	tests/fixtures/corpus-sources/zulip-jentic-entry/openapi.json	14	14
required-and-nullable-property-defaults-none	registered	tests/fixtures/corpus-sources/zulip-jentic/openapi.json	14	14
required-and-nullable-property-defaults-none	registered	tests/fixtures/corpus-sources/zulip/openapi.yaml	14	14
required-param-and-body-defaults-ignored	apis.guru	APIs/amadeus.com/2.2.0/openapi.yaml	0	1
required-param-and-body-defaults-ignored	apis.guru	APIs/apicurio.local/registry/1.3.2.Final/openapi.yaml	0	1
required-param-and-body-defaults-ignored	apis.guru	APIs/bbci.co.uk/1.0/openapi.yaml	0	5
required-param-and-body-defaults-ignored	apis.guru	APIs/bclaws.ca/bclaws/1.0.0/openapi.yaml	0	1
required-param-and-body-defaults-ignored	apis.guru	APIs/beezup.com/2.0/openapi.yaml	0	1
required-param-and-body-defaults-ignored	apis.guru	APIs/codat.io/accounting/2.1.0/openapi.yaml	0	24
required-param-and-body-defaults-ignored	apis.guru	APIs/codat.io/assess/1.0/openapi.yaml	0	4
required-param-and-body-defaults-ignored	apis.guru	APIs/codat.io/bank-feeds/2.1.0/openapi.yaml	0	1
required-param-and-body-defaults-ignored	apis.guru	APIs/codat.io/banking/2.1.0/openapi.yaml	0	5
required-param-and-body-defaults-ignored	apis.guru	APIs/codat.io/commerce/2.1.0/openapi.yaml	0	8
required-param-and-body-defaults-ignored	apis.guru	APIs/codat.io/sync-for-commerce/1.1/openapi.yaml	0	1
required-param-and-body-defaults-ignored	apis.guru	APIs/codat.io/sync-for-expenses/prealpha/openapi.yaml	0	1
required-param-and-body-defaults-ignored	apis.guru	APIs/collegefootballdata.com/4.4.12/openapi.yaml	0	1
required-param-and-body-defaults-ignored	apis.guru	APIs/exoapi.dev/1.0.0/openapi.yaml	0	1
required-param-and-body-defaults-ignored	apis.guru	APIs/github.com/api.github.com.2022-11-28/1.1.4/openapi.yaml	0	1
required-param-and-body-defaults-ignored	apis.guru	APIs/github.com/api.github.com/1.1.4/openapi.yaml	0	1
required-param-and-body-defaults-ignored	apis.guru	APIs/github.com/ghec.2022-11-28/1.1.4/openapi.yaml	0	1
required-param-and-body-defaults-ignored	apis.guru	APIs/github.com/ghec/1.1.4/openapi.yaml	0	1
required-param-and-body-defaults-ignored	apis.guru	APIs/github.com/ghes-3.7/1.1.4/openapi.yaml	0	1
required-param-and-body-defaults-ignored	apis.guru	APIs/github.com/ghes-3.8/1.1.4/openapi.yaml	0	1
required-param-and-body-defaults-ignored	apis.guru	APIs/gov.bc.ca/bcgnws/3.x.x/openapi.yaml	0	1
required-param-and-body-defaults-ignored	apis.guru	APIs/gov.bc.ca/geocoder/2.0.0/openapi.yaml	0	1
required-param-and-body-defaults-ignored	apis.guru	APIs/linode.com/4.151.1/openapi.yaml	0	1
required-param-and-body-defaults-ignored	apis.guru	APIs/mist.com/0.37.7/openapi.yaml	0	4
required-param-and-body-defaults-ignored	apis.guru	APIs/sendgrid.com/1.0.0/openapi.yaml	0	1
required-param-and-body-defaults-ignored	apis.guru	APIs/statsocial.com/1.0.0/openapi.yaml	0	2
required-param-and-body-defaults-ignored	apis.guru	APIs/vtex.local/Checkout-API/1.0/openapi.yaml	0	2
required-param-and-body-defaults-ignored	apis.guru	APIs/vtex.local/Customer-Credit-API/1.0/openapi.yaml	0	11
required-param-and-body-defaults-ignored	apis.guru	APIs/vtex.local/Marketplace-APIs/1.0/openapi.yaml	0	1
required-param-and-body-defaults-ignored	apis.guru	APIs/vtex.local/Marketplace-Protocol/1.0/openapi.yaml	0	1
required-param-and-body-defaults-ignored	apis.guru	APIs/vtex.local/Price-Simulations/1.0/openapi.yaml	0	2
required-param-and-body-defaults-ignored	apis.guru	APIs/zoom.us/2.0.0/openapi.yaml	0	1
required-param-and-body-defaults-ignored	registered	tests/fixtures/corpus-sources/bbci.co.uk/openapi.json	0	5
required-param-and-body-defaults-ignored	registered	tests/fixtures/corpus-sources/dot-ai/openapi.json	0	1
required-param-and-body-defaults-ignored	registered	tests/fixtures/corpus-sources/github.com/openapi.json	0	1
required-param-and-body-defaults-ignored	registered	tests/fixtures/corpus-sources/milvus-restful-v2-3/openapi.json	0	1
required-param-and-body-defaults-ignored	registered	tests/fixtures/corpus-sources/milvus-restful-v2-4/openapi.json	0	1
required-param-and-body-defaults-ignored	registered	tests/fixtures/corpus-sources/short-io/openapi.json	0	1
snake-case-component-name-pascal-class	apis.guru	APIs/ably.net/control/1.0.14/openapi.yaml	54	54
snake-case-component-name-pascal-class	apis.guru	APIs/ably.net/control/v1/openapi.yaml	60	60
snake-case-component-name-pascal-class	apis.guru	APIs/abstractapi.com/geolocation/1.0.0/openapi.yaml	1	1
snake-case-component-name-pascal-class	apis.guru	APIs/amadeus.com/amadeus-trip-parser/3.0.1/openapi.yaml	3	3
snake-case-component-name-pascal-class	apis.guru	APIs/api.video/1/openapi.yaml	19	19
snake-case-component-name-pascal-class	apis.guru	APIs/appcenter.ms/v0.1/openapi.yaml	1	1
snake-case-component-name-pascal-class	apis.guru	APIs/bbc.com/1.0.0/openapi.yaml	117	117
snake-case-component-name-pascal-class	apis.guru	APIs/bbci.co.uk/1.0/openapi.yaml	4	4
snake-case-component-name-pascal-class	apis.guru	APIs/bitbucket.org/2.0/openapi.yaml	166	166
snake-case-component-name-pascal-class	apis.guru	APIs/contentgroove.com/1.0.0/openapi.yaml	14	14
snake-case-component-name-pascal-class	apis.guru	APIs/contract-p.fit/1.0/openapi.yaml	1	1
snake-case-component-name-pascal-class	apis.guru	APIs/crossbrowsertesting.com/3.0.0/openapi.yaml	2	2
snake-case-component-name-pascal-class	apis.guru	APIs/docker.com/hub/beta/openapi.yaml	16	16
snake-case-component-name-pascal-class	apis.guru	APIs/formapi.io/v1/openapi.yaml	5	5
snake-case-component-name-pascal-class	apis.guru	APIs/gettyimages.com/3/openapi.yaml	3	3
snake-case-component-name-pascal-class	apis.guru	APIs/github.com/ghes-2.18/1.1.4/openapi.yaml	1	1
snake-case-component-name-pascal-class	apis.guru	APIs/github.com/ghes-2.19/1.1.4/openapi.yaml	1	1
snake-case-component-name-pascal-class	apis.guru	APIs/github.com/ghes-2.20/1.1.4/openapi.yaml	1	1
snake-case-component-name-pascal-class	apis.guru	APIs/github.com/ghes-2.21/1.1.4/openapi.yaml	1	1
snake-case-component-name-pascal-class	apis.guru	APIs/github.com/ghes-2.22/1.1.4/openapi.yaml	1	1
snake-case-component-name-pascal-class	apis.guru	APIs/github.com/ghes-3.0/1.1.4/openapi.yaml	1	1
snake-case-component-name-pascal-class	apis.guru	APIs/ideal-postcodes.co.uk/3.7.0/openapi.yaml	77	77
snake-case-component-name-pascal-class	apis.guru	APIs/increase.com/0.0.1/openapi.yaml	112	112
snake-case-component-name-pascal-class	apis.guru	APIs/klarna.com/payments/1.0.0/openapi.yaml	14	14
snake-case-component-name-pascal-class	apis.guru	APIs/kumpeapps.com/5.0.0/openapi.yaml	3	3
snake-case-component-name-pascal-class	apis.guru	APIs/lambdatest.com/1.0.1/openapi.yaml	1	1
snake-case-component-name-pascal-class	apis.guru	APIs/lgtm.com/v1.0/openapi.yaml	4	4
snake-case-component-name-pascal-class	apis.guru	APIs/mist.com/0.37.7/openapi.yaml	167	167
snake-case-component-name-pascal-class	apis.guru	APIs/modelpubsub.com/0.1/openapi.yaml	1	1
snake-case-component-name-pascal-class	apis.guru	APIs/monarchinitiative.org/1.1.14/openapi.yaml	1	1
snake-case-component-name-pascal-class	apis.guru	APIs/nexmo.com/conversation.v2/1.0.1/openapi.yaml	15	15
snake-case-component-name-pascal-class	apis.guru	APIs/nexmo.com/conversation/2.0.1/openapi.yaml	41	41
snake-case-component-name-pascal-class	apis.guru	APIs/nexmo.com/reports/2.2.2/openapi.yaml	121	121
snake-case-component-name-pascal-class	apis.guru	APIs/nexmo.com/verify/1.2.4/openapi.yaml	3	3
snake-case-component-name-pascal-class	apis.guru	APIs/nexmo.com/voice/1.3.10/openapi.yaml	4	4
snake-case-component-name-pascal-class	apis.guru	APIs/orbit.love/v1/openapi.yaml	7	7
snake-case-component-name-pascal-class	apis.guru	APIs/presalytics.io/story/0.3.1/openapi.yaml	13	13
snake-case-component-name-pascal-class	apis.guru	APIs/probely.com/1.2.0/openapi.yaml	8	8
snake-case-component-name-pascal-class	apis.guru	APIs/restful4up.local/1.0.0/openapi.yaml	1	1
snake-case-component-name-pascal-class	apis.guru	APIs/scideas.net/perfectpdf/1.0/openapi.yaml	2	2
snake-case-component-name-pascal-class	apis.guru	APIs/scideas.net/regression/1.0/openapi.yaml	4	4
snake-case-component-name-pascal-class	apis.guru	APIs/sendgrid.com/1.0.0/openapi.yaml	73	73
snake-case-component-name-pascal-class	apis.guru	APIs/shipengine.com/1.1.202304191404/openapi.yaml	267	267
snake-case-component-name-pascal-class	apis.guru	APIs/slack.com/1.7.0/openapi.yaml	47	47
snake-case-component-name-pascal-class	apis.guru	APIs/snyk.io/1.0.0/openapi.yaml	10	10
snake-case-component-name-pascal-class	apis.guru	APIs/stackexchange.com/2.0/openapi.yaml	17	17
snake-case-component-name-pascal-class	apis.guru	APIs/statsocial.com/1.0.0/openapi.yaml	13	13
snake-case-component-name-pascal-class	apis.guru	APIs/stripe.com/2022-11-15/openapi.yaml	691	691
snake-case-component-name-pascal-class	apis.guru	APIs/superset.apache.local/superset/v1/openapi.yaml	10	10
snake-case-component-name-pascal-class	apis.guru	APIs/telnyx.com/2.0.0/openapi.yaml	17	17
snake-case-component-name-pascal-class	apis.guru	APIs/trello.com/1.0/openapi.yaml	52	52
snake-case-component-name-pascal-class	apis.guru	APIs/twilio.com/api/1.55.0/openapi.yaml	70	70
snake-case-component-name-pascal-class	apis.guru	APIs/twilio.com/twilio_autopilot_v1/1.53.0/openapi.yaml	1	1
snake-case-component-name-pascal-class	apis.guru	APIs/twilio.com/twilio_bulkexports_v1/1.55.0/openapi.yaml	2	2
snake-case-component-name-pascal-class	apis.guru	APIs/twilio.com/twilio_chat_v1/1.55.0/openapi.yaml	5	5
snake-case-component-name-pascal-class	apis.guru	APIs/twilio.com/twilio_chat_v2/1.55.0/openapi.yaml	15	15
snake-case-component-name-pascal-class	apis.guru	APIs/twilio.com/twilio_chat_v3/1.55.0/openapi.yaml	2	2
snake-case-component-name-pascal-class	apis.guru	APIs/twilio.com/twilio_conversations_v1/1.55.0/openapi.yaml	34	34
snake-case-component-name-pascal-class	apis.guru	APIs/twilio.com/twilio_events_v1/1.55.0/openapi.yaml	2	2
snake-case-component-name-pascal-class	apis.guru	APIs/twilio.com/twilio_flex_v1/1.55.0/openapi.yaml	13	13
snake-case-component-name-pascal-class	apis.guru	APIs/twilio.com/twilio_frontline_v1/1.55.0/openapi.yaml	1	1
snake-case-component-name-pascal-class	apis.guru	APIs/twilio.com/twilio_insights_v1/1.55.0/openapi.yaml	41	41
snake-case-component-name-pascal-class	apis.guru	APIs/twilio.com/twilio_intelligence_v2/1.55.0/openapi.yaml	4	4
snake-case-component-name-pascal-class	apis.guru	APIs/twilio.com/twilio_ip_messaging_v1/1.55.0/openapi.yaml	5	5
snake-case-component-name-pascal-class	apis.guru	APIs/twilio.com/twilio_ip_messaging_v2/1.55.0/openapi.yaml	14	14
snake-case-component-name-pascal-class	apis.guru	APIs/twilio.com/twilio_lookups_v1/1.55.0/openapi.yaml	1	1
snake-case-component-name-pascal-class	apis.guru	APIs/twilio.com/twilio_lookups_v2/1.55.0/openapi.yaml	2	2
snake-case-component-name-pascal-class	apis.guru	APIs/twilio.com/twilio_media_v1/1.55.0/openapi.yaml	10	10
snake-case-component-name-pascal-class	apis.guru	APIs/twilio.com/twilio_messaging_v1/1.55.0/openapi.yaml	7	7
snake-case-component-name-pascal-class	apis.guru	APIs/twilio.com/twilio_notify_v1/1.55.0/openapi.yaml	3	3
snake-case-component-name-pascal-class	apis.guru	APIs/twilio.com/twilio_numbers_v1/1.55.0/openapi.yaml	6	6
snake-case-component-name-pascal-class	apis.guru	APIs/twilio.com/twilio_numbers_v2/1.55.0/openapi.yaml	16	16
snake-case-component-name-pascal-class	apis.guru	APIs/twilio.com/twilio_preview/1.55.0/openapi.yaml	9	9
snake-case-component-name-pascal-class	apis.guru	APIs/twilio.com/twilio_proxy_v1/1.55.0/openapi.yaml	8	8
snake-case-component-name-pascal-class	apis.guru	APIs/twilio.com/twilio_serverless_v1/1.55.0/openapi.yaml	6	6
snake-case-component-name-pascal-class	apis.guru	APIs/twilio.com/twilio_studio_v1/1.55.0/openapi.yaml	3	3
snake-case-component-name-pascal-class	apis.guru	APIs/twilio.com/twilio_studio_v2/1.55.0/openapi.yaml	4	4
snake-case-component-name-pascal-class	apis.guru	APIs/twilio.com/twilio_supersim_v1/1.55.0/openapi.yaml	15	15
snake-case-component-name-pascal-class	apis.guru	APIs/twilio.com/twilio_sync_v1/1.55.0/openapi.yaml	4	4
snake-case-component-name-pascal-class	apis.guru	APIs/twilio.com/twilio_taskrouter_v1/1.55.0/openapi.yaml	10	10
snake-case-component-name-pascal-class	apis.guru	APIs/twilio.com/twilio_trunking_v1/1.55.0/openapi.yaml	5	5
snake-case-component-name-pascal-class	apis.guru	APIs/twilio.com/twilio_trusthub_v1/1.55.0/openapi.yaml	14	14
snake-case-component-name-pascal-class	apis.guru	APIs/twilio.com/twilio_verify_v2/1.55.0/openapi.yaml	27	27
snake-case-component-name-pascal-class	apis.guru	APIs/twilio.com/twilio_video_v1/1.55.0/openapi.yaml	18	18
snake-case-component-name-pascal-class	apis.guru	APIs/twilio.com/twilio_wireless_v1/1.55.0/openapi.yaml	9	9
snake-case-component-name-pascal-class	apis.guru	APIs/velopayments.com/2.35.57/openapi.yaml	6	6
snake-case-component-name-pascal-class	apis.guru	APIs/wealthreader.com/1.0.0/openapi.yaml	1	1
snake-case-component-name-pascal-class	apis.guru	APIs/zoom.us/2.0.0/openapi.yaml	1	1
snake-case-component-name-pascal-class	registered	tests/fixtures/corpus-sources/bbci.co.uk/openapi.json	4	4
snake-case-component-name-pascal-class	registered	tests/fixtures/corpus-sources/confluent-kafka-connect/openapi.yaml	12	12
snake-case-component-name-pascal-class	registered	tests/fixtures/corpus-sources/paloalto-remote-networks/openapi.yaml	3	3
snake-case-component-name-pascal-class	registered	tests/fixtures/corpus-sources/paypal-catalog-products/openapi.json	21	21
snake-case-component-name-pascal-class	registered	tests/fixtures/corpus-sources/slurmdb-rest/openapi.yaml	64	64
snake-case-component-name-pascal-class	registered	tests/fixtures/corpus-sources/twilio.com-twilio_messaging_v1/openapi.json	7	7
stream-error-status-raises-typed-error	apis.guru	APIs/clever-cloud.com/1.0.0/openapi.yaml	0	2
stream-error-status-raises-typed-error	apis.guru	APIs/maif.local/otoroshi/1.5.0-dev/openapi.yaml	0	1
stream-error-status-raises-typed-error	apis.guru	APIs/mercure.local/0.3.2/openapi.yaml	0	1
stream-error-status-raises-typed-error	registered	tests/fixtures/corpus-sources/cphos-ai-question/openapi.json	0	1
stream-error-status-raises-typed-error	registered	tests/fixtures/corpus-sources/dot-ai/openapi.json	1	2
stream-error-status-raises-typed-error	registered	tests/fixtures/corpus-sources/electric-sql/openapi.yaml	0	1
stream-error-status-raises-typed-error	registered	tests/fixtures/corpus-sources/huatuo-node/openapi.json	0	1
stream-error-status-raises-typed-error	registered	tests/fixtures/corpus-sources/langchain-agent-protocol/openapi.json	0	2
stream-error-status-raises-typed-error	registered	tests/fixtures/corpus-sources/letta/openapi.json	0	10
stream-error-status-raises-typed-error	registered	tests/fixtures/corpus-sources/maif.local-otoroshi/openapi.json	0	1
stream-error-status-raises-typed-error	registered	tests/fixtures/corpus-sources/opencodeui/openapi.json	0	2
stream-error-status-raises-typed-error	registered	tests/fixtures/corpus-sources/qredence-fleet-rlm/openapi.yaml	0	1
stream-error-status-raises-typed-error	registered	tests/fixtures/corpus-sources/standrig/openapi.json	1	1
stream-error-status-raises-typed-error	registered	tests/fixtures/corpus-sources/torrentarr/openapi.json	0	2
stream-error-status-raises-typed-error	registered	tests/fixtures/corpus-sources/truefoundry-trueforge-5adde28/openapi.json	2	2
stream-error-status-raises-typed-error	registered	tests/fixtures/corpus-sources/truefoundry-trueforge/openapi.json	2	2
stream-error-status-raises-typed-error	registered	tests/fixtures/corpus-sources/zoonk/openapi.json	2	2
stream-error-status-raises-typed-error	registered	tests/fixtures/crozier-sdk-extensions/openapi.yml	0	1
stream-error-status-raises-typed-error	registered	tests/fixtures/sse-streaming/openapi.yml	0	1
undiscriminated-ref-oneof-sibling-properties-dropped	apis.guru	APIs/github.com/api.github.com.2022-11-28/1.1.4/openapi.yaml	0	1
undiscriminated-ref-oneof-sibling-properties-dropped	apis.guru	APIs/github.com/api.github.com/1.1.4/openapi.yaml	0	1
undiscriminated-ref-oneof-sibling-properties-dropped	apis.guru	APIs/github.com/ghec.2022-11-28/1.1.4/openapi.yaml	0	1
undiscriminated-ref-oneof-sibling-properties-dropped	apis.guru	APIs/github.com/ghec/1.1.4/openapi.yaml	0	1
undiscriminated-ref-oneof-sibling-properties-dropped	apis.guru	APIs/github.com/ghes-2.18/1.1.4/openapi.yaml	0	1
undiscriminated-ref-oneof-sibling-properties-dropped	apis.guru	APIs/github.com/ghes-2.19/1.1.4/openapi.yaml	0	1
undiscriminated-ref-oneof-sibling-properties-dropped	apis.guru	APIs/github.com/ghes-2.20/1.1.4/openapi.yaml	0	1
undiscriminated-ref-oneof-sibling-properties-dropped	apis.guru	APIs/github.com/ghes-2.21/1.1.4/openapi.yaml	0	1
undiscriminated-ref-oneof-sibling-properties-dropped	apis.guru	APIs/github.com/ghes-2.22/1.1.4/openapi.yaml	0	1
undiscriminated-ref-oneof-sibling-properties-dropped	apis.guru	APIs/github.com/ghes-3.0/1.1.4/openapi.yaml	0	1
undiscriminated-ref-oneof-sibling-properties-dropped	apis.guru	APIs/github.com/ghes-3.1/1.1.4/openapi.yaml	0	1
undiscriminated-ref-oneof-sibling-properties-dropped	apis.guru	APIs/github.com/ghes-3.2/1.1.4/openapi.yaml	0	1
undiscriminated-ref-oneof-sibling-properties-dropped	apis.guru	APIs/github.com/ghes-3.3/1.1.4/openapi.yaml	0	1
undiscriminated-ref-oneof-sibling-properties-dropped	apis.guru	APIs/github.com/ghes-3.4/1.1.4/openapi.yaml	0	1
undiscriminated-ref-oneof-sibling-properties-dropped	apis.guru	APIs/github.com/ghes-3.5/1.1.4/openapi.yaml	0	1
undiscriminated-ref-oneof-sibling-properties-dropped	apis.guru	APIs/github.com/ghes-3.6/1.1.4/openapi.yaml	0	1
undiscriminated-ref-oneof-sibling-properties-dropped	apis.guru	APIs/github.com/ghes-3.7/1.1.4/openapi.yaml	0	1
undiscriminated-ref-oneof-sibling-properties-dropped	apis.guru	APIs/github.com/ghes-3.8/1.1.4/openapi.yaml	0	1
undiscriminated-ref-oneof-sibling-properties-dropped	apis.guru	APIs/github.com/github.ae/1.1.4/openapi.yaml	0	1
undiscriminated-ref-oneof-sibling-properties-dropped	apis.guru	APIs/influxdata.com/2.0.0/openapi.yaml	0	1
undiscriminated-ref-oneof-sibling-properties-dropped	apis.guru	APIs/rebilly.com/2.1/openapi.yaml	1	1
undiscriminated-ref-oneof-sibling-properties-dropped	apis.guru	APIs/snyk.io/1.0.0/openapi.yaml	0	2
undiscriminated-ref-oneof-sibling-properties-dropped	apis.guru	APIs/urlbox.io/v1/openapi.yaml	0	1
undiscriminated-ref-oneof-sibling-properties-dropped	apis.guru	APIs/vercel.com/0.0.1/openapi.yaml	0	1
undiscriminated-ref-oneof-sibling-properties-dropped	apis.guru	APIs/wealthreader.com/1.0.0/openapi.yaml	0	1
undiscriminated-ref-oneof-sibling-properties-dropped	registered	tests/fixtures/corpus-sources/free5gc-namf-communication/openapi.yaml	0	2
undiscriminated-ref-oneof-sibling-properties-dropped	registered	tests/fixtures/corpus-sources/free5gc-pdu-session/openapi.yaml	0	1
undiscriminated-ref-oneof-sibling-properties-dropped	registered	tests/fixtures/corpus-sources/github.com/openapi.json	0	1
undiscriminated-ref-oneof-sibling-properties-dropped	registered	tests/fixtures/corpus-sources/mockserver/openapi.yaml	0	5
undiscriminated-ref-oneof-sibling-properties-dropped	registered	tests/fixtures/corpus-sources/peopledatalabs/openapi.json	0	2
undiscriminated-ref-oneof-sibling-properties-dropped	registered	tests/fixtures/corpus-sources/qredence-fleet-rlm/openapi.yaml	0	2
undiscriminated-ref-oneof-sibling-properties-dropped	registered	tests/fixtures/corpus-sources/sigstore-rekor/openapi.json	0	6
undiscriminated-ref-oneof-sibling-properties-dropped	registered	tests/fixtures/corpus-sources/webflow-v2/openapi.yml	0	1
union-of-enum-ref-const-and-string-members	registered	tests/fixtures/corpus-sources/ego-microservices/openapi.yaml	0	3
union-of-enum-ref-const-and-string-members	registered	tests/fixtures/corpus-sources/letta/openapi.json	0	1
variant-nullable-value-optional-default-none	apis.guru	APIs/ably.net/control/1.0.14/openapi.yaml	0	34
variant-nullable-value-optional-default-none	apis.guru	APIs/ably.net/control/v1/openapi.yaml	0	43
variant-nullable-value-optional-default-none	apis.guru	APIs/atlassian.com/jira/1001.0.0-SNAPSHOT/openapi.yaml	0	15
variant-nullable-value-optional-default-none	apis.guru	APIs/cdcgov.local/prime-data-hub/0.2.0-oas3/openapi.yaml	0	2
variant-nullable-value-optional-default-none	apis.guru	APIs/doqs.dev/1.0/openapi.yaml	0	8
variant-nullable-value-optional-default-none	apis.guru	APIs/exavault.com/2.0/openapi.yaml	0	34
variant-nullable-value-optional-default-none	apis.guru	APIs/ix-api.net/2.1.0/openapi.yaml	0	45
variant-nullable-value-optional-default-none	apis.guru	APIs/linode.com/4.151.1/openapi.yaml	0	8
variant-nullable-value-optional-default-none	apis.guru	APIs/linqr.app/2.0/openapi.yaml	0	4
variant-nullable-value-optional-default-none	apis.guru	APIs/spotify.com/1.0.0/openapi.yaml	0	7
variant-nullable-value-optional-default-none	apis.guru	APIs/spotify.com/sonallux/2023.2.27/openapi.yaml	0	5
variant-nullable-value-optional-default-none	apis.guru	APIs/stream-io-api.com/v80.2.0/openapi.yaml	0	44
variant-nullable-value-optional-default-none	apis.guru	APIs/telnyx.com/2.0.0/openapi.yaml	0	3
variant-nullable-value-optional-default-none	registered	tests/fixtures/corpus-sources/atlassian.com-jira/openapi.json	0	15
variant-nullable-value-optional-default-none	registered	tests/fixtures/corpus-sources/deepsearch-ds-v2/openapi.json	0	12
variant-nullable-value-optional-default-none	registered	tests/fixtures/corpus-sources/helixdb-http-api/openapi.json	0	2
variant-nullable-value-optional-default-none	registered	tests/fixtures/corpus-sources/letta/openapi.json	0	251
variant-nullable-value-optional-default-none	registered	tests/fixtures/corpus-sources/marimo-client-class-name/openapi.yaml	0	52
variant-nullable-value-optional-default-none	registered	tests/fixtures/corpus-sources/marimo/openapi.yaml	0	52
variant-nullable-value-optional-default-none	registered	tests/fixtures/corpus-sources/onevoice/openapi.yaml	0	6
variant-nullable-value-optional-default-none	registered	tests/fixtures/corpus-sources/openintegrationhub-secret-service/openapi.json	0	9
variant-nullable-value-optional-default-none	registered	tests/fixtures/corpus-sources/osparc-simcore-webserver/openapi.json	0	14
variant-nullable-value-optional-default-none	registered	tests/fixtures/corpus-sources/qontract-api/openapi.json	0	8
variant-nullable-value-optional-default-none	registered	tests/fixtures/corpus-sources/qredence-fleet-rlm/openapi.yaml	0	7
variant-nullable-value-optional-default-none	registered	tests/fixtures/corpus-sources/tlon-notes/openapi.json	1	2
variant-nullable-value-optional-default-none	registered	tests/fixtures/corpus-sources/truefoundry-trueforge-5adde28/openapi.json	9	33
variant-nullable-value-optional-default-none	registered	tests/fixtures/corpus-sources/truefoundry-trueforge/openapi.json	7	28
variant-nullable-value-optional-default-none	registered	tests/fixtures/crozier-property-name/openapi.yml	0	1
variant-optional-const-discriminant-merged	registered	tests/fixtures/corpus-sources/deepsearch-ds-v2/openapi.json	12	12
variant-optional-const-discriminant-merged	registered	tests/fixtures/corpus-sources/helixdb-http-api/openapi.json	0	2
variant-optional-const-discriminant-merged	registered	tests/fixtures/corpus-sources/letta/openapi.json	332	333
variant-optional-const-discriminant-merged	registered	tests/fixtures/corpus-sources/openfoodfacts-taxonomy-editor/openapi.json	0	7
variant-optional-const-discriminant-merged	registered	tests/fixtures/corpus-sources/osparc-simcore-webserver/openapi.json	14	14
variant-optional-const-discriminant-merged	registered	tests/fixtures/corpus-sources/qontract-api/openapi.json	81	81
variant-optional-const-discriminant-merged	registered	tests/fixtures/corpus-sources/qredence-fleet-rlm/openapi.yaml	15	15
variant-own-fields-before-allof-parent-fields	apis.guru	APIs/apple.com/sirikit-cloud-media/1.0.2/openapi.yaml	16	16
